model,precision,question_id,answer,input_tokens,output_tokens,seconds,tokens_per_sec,peak_memory_gb,rougeL,semantic_sim,semantic_sim_unrelated
Qwen2.5-1.5B-Instruct,bf16,55031181e9bde69634000014,Hirschsprung disease is a multifactorial disorder.,1930,13,1.5129429581575096,56.254388183486526,3.799272052,0.08955223880597014,0.80115974,0.49067938
Qwen2.5-1.5B-Instruct,bf16,532f062ad6d3ac6a34000027,"The effect of ivabradine in heart failure after myocardial infarction is that it promotes less frequency of hospitalizations, recurrent non-fatal MI, and fatal cardiovascular events.",1982,38,1.9650345831178129,53.36913432973898,3.817261892,0.1232876712328767,0.8874552,0.48341542
Qwen2.5-1.5B-Instruct,bf16,532624ae600967d132000005,"The outcomes of renal sympathetic denervation include:

- Reduction in blood pressure
- Reduction in renal sympathetic nerve activity
- Sustained reduction in blood pressure over 3 years
- Absence of re-innervation of renal sympathetic nerves
- Potential in other disorders associated with enhanced sympathetic nerve activity
- Safety is adequate",1492,66,2.2240616674534976,53.278705582722935,3.817261892,0.14634146341463414,0.8349087,0.6223233
Qwen2.5-1.5B-Instruct,bf16,54f49995d0d681a040000002,"The EORTC QLQ – INFO25 questionnaire evaluates the information that patients have received in different areas of their disease, treatment, and care.",2135,32,1.9793232916854322,53.39711325392817,3.817261892,0.5454545454545455,0.90228236,0.5171324
Qwen2.5-1.5B-Instruct,bf16,56bf3a79ef6e39474100000f,"The association of estrogen replacement therapy (HRT) and intracranial meningioma risk is weakly associated, with an OR of 0.7 for past use (OR = 0.7, 95% CI 0.4 - 1.3) and no significant association with current use (OR = 1.0, 95% CI 0.5 - 2.2).",2154,89,3.1224118331447244,52.2049197521272,3.817261892,0.23255813953488372,0.9180403,0.57912457
Qwen2.5-1.5B-Instruct,bf16,535d78137d100faa09000005,"The passage [15861492] provides information about an acupuncture treatment for smoking cessation in high school student smokers. It states that the use of alternative medicine for smoking cessation has been increasing steadily in recent years. A series of clinical group studies was performed to clarify the effect, outcome, and success rate of an acupuncture treatment for smoking cessation. This study was conducted for four weeks using 238 smoking students at 2 high schools. The subjects were separated into two groups: 159 students were treated with acupuncture on the anti-smoking acupoints of the ear, which is known to be effective for cessation of smoking (case group), and 79 students were treated at other sites of the ear (control group). The acupuncture treatment was alternately administered at each side of the ears on a weekly basis for 4 weeks. The smoking cessation success was only 1 case (0.6%) in the case group and none in the control group after 4 weeks. The change in the taste of tobacco and the intensity of the desire to smoke were not significantly different between the case and control groups, but the case group showed a tendency of reduction in the taste of tobacco and the intensity of the desire to smoke. In addition, the reduction in cigarette consumption was not significant, but the tendency of reduction in the study group was significant. It is believed that the site of auricular acupuncture for smoking cessation is not important. However, there was a significant tendency in terms of the reduction in cigarette consumption, the taste of tobacco, and the intensity of the desire to smoke in the case group, indicating that auricular acupuncture in smoking cessation has some effect.",1726,340,7.620582458097488,52.051410844593704,3.817261892,0.10089020771513353,0.8945029,0.62331575
Qwen2.5-1.5B-Instruct,bf16,5322d9339b2d7acc7e000011,PRKAR1A knockdown in CCA cell lines enhanced sensitivity to some chemotherapeutic drugs and induced apoptosis.,2051,25,1.7925032917410135,52.69163813772028,3.817261892,0.16129032258064516,0.8246285,0.5210382
Qwen2.5-1.5B-Instruct,bf16,553fa2201d53b76422000005,"ERK1/2 proteins mediate mitogen-activated protein kinase signaling downstream of RAS: phosphorylation of ERK1/2 leads to nuclear uptake and modulation of multiple targets. Reduced dosage of ERF, which encodes an inhibitory ETS transcription factor directly bound by ERK1/2, causes complex craniosynostosis in humans and mice.",2210,76,2.8879290418699384,51.8609037124859,3.817261892,0.4842105263157895,0.86288184,0.726191
Qwen2.5-1.5B-Instruct,bf16,550324d7e9bde6963400002f,The association between personality trait of neuroticism and risk for Alzheimer's disease is that higher levels of neuroticism are associated with increased risk of Alzheimer's disease and more rapid decline in global cognition.,1578,41,1.8074204581789672,53.52957071146683,3.817261892,0.20689655172413793,0.95113313,0.5688603
Qwen2.5-1.5B-Instruct,bf16,52f125332059c6d71c000007,The mode of action of everolimus is to inhibit the mammalian target of rapamycin (mTOR) pathway.,2247,26,1.9350964999757707,53.73177511250041,3.817261892,0.24489795918367344,0.8868304,0.46905592
Qwen2.5-1.5B-Instruct,bf16,54dcb29dc0bb8dce23000004,"Hypertrophic cardiomyopathy (HCM) is a heart condition characterized by myocyte hypertrophy resulting in thickening of the ventricular wall, myocyte disarray, interstitial and/or replacement fibrosis, decreased ventricular cavity volume and diastolic dysfunction.",1412,56,2.015245540998876,52.84834702247048,3.817261892,0.40559440559440557,0.91913736,0.579773
Qwen2.5-1.5B-Instruct,bf16,533c388dc45e133714000008,"The principle of the PAR-CLIP methodology involves the incorporation of photoreactive ribonucleoside analogs, such as 4-thiouridine (4-SU) and 6-thioguanosine (6-SG), into nascent RNA transcripts by living cells. Irradiation of the cells by UV light of 365 nm induces efficient crosslinking of photoreactive nucleoside-labeled cellular RNAs to interacting RBPs. Immunoprecipitation of the RBP of interest is followed by isolation of the crosslinked and coimmunoprecipitated RNA. The isolated RNA is converted into a cDNA library and deep sequenced using Solexa technology.",2136,146,4.2485275832004845,51.54774381398919,3.817261892,0.1958041958041958,0.917965,0.5467246
Qwen2.5-1.5B-Instruct,bf16,56c3323a50c68dd416000009,"Spastic diplegia is diagnosed through a differential diagnosis process, which involves reviewing various disorders that can mimic spastic diplegia. The diagnostic algorithm provided in the passage suggests that physicians should consider the following steps:

1. Review of clinical history and symptoms.
2. Physical examination focusing on motor function.
3. Assessment of intellectual functioning.
4. Review of MRI findings to identify any abnormalities.
5. Consideration of other potential causes of spastic diplegia, such as hereditary spastic paraplegia (HSP) or other forms of cerebral palsy.

The algorithm aims to help physicians make the correct diagnosis by systematically evaluating the patient's symptoms, physical examination findings, and imaging results.",1546,143,3.817487624939531,51.11098938535191,3.817261892,0.14457831325301204,0.8440802,0.48911673
Qwen2.5-1.5B-Instruct,bf16,56cf413f3975bb303a000009,"Yes, there is a genetic component for happiness. The study [20440640] found that the full validity of the results has been debated, but the findings show that family matters for happiness predominantly due to quantitative sex-specific genetic effects, a moderate spousal correlation, and a shared twin environment. The heritability of happiness was estimated at 22% for males and 41% in females.",1578,89,2.771166583057493,52.513854930958345,3.817261892,0.3564356435643564,0.87181437,0.46119946
Qwen2.5-1.5B-Instruct,bf16,56c1d848ef6e39474100002f,Tarlov cysts are sacral perineural cysts.,1303,14,1.1553954589180648,51.21948093760634,3.817261892,0.19512195121951217,0.9342134,0.40455592
Qwen2.5-1.5B-Instruct,bf16,53312464d6d3ac6a3400003a,"The extracellular core ""matrisome"" comprises approximately 300 proteins in mammals, as defined through the analysis of whole genome sequences.",1554,30,1.5848044999875128,53.81564907205678,3.817261892,0.4727272727272728,0.8924725,0.48150235
Qwen2.5-1.5B-Instruct,bf16,56b3efc38525abca1e000006,"Genomicus is a database and an online tool that allows easy comparative genomic visualization in >150 eukaryote genomes. It provides a way to explore spatial information related to gene organization within and between genomes and temporal relationships related to gene and genome evolution. For the specific vertebrate phylum, it also provides access to ancestral gene order reconstructions and conserved non-coding elements information. Genomicus has been extended to include access to ancestral gene order reconstructions and conserved non-coding elements information for four new clades, including plants, non-vertebrate metazoa, protists, and fungi.",1426,127,3.3625455419532955,52.55108265332361,3.817261892,0.5560165975103735,0.9523735,0.65367764
Qwen2.5-1.5B-Instruct,bf16,56ae35bc0a360a5e45000007,The COUGER tool is an interactive web implementation of a classification-based framework for identifying protein co-factors that might provide specificity to paralogous transcription factors (TFs). It takes as input two sets of genomic regions bound by paralogous TFs and identifies a small set of putative co-factors that best distinguish the two sets of sequences. The tool uses a classification approach with features reflecting the DNA-binding specificities of the putative co-factors and presents the identified co-factors in a user-friendly output page.,1330,107,2.9240205828100443,52.57526569415681,3.817261892,0.5084745762711865,0.757913,0.73106074
Qwen2.5-1.5B-Instruct,bf16,54fc97b86ad7dcbc12000002,"Despite promising stage 2 data, stage 3 of this trial of ceftriaxone in amyotrophic lateral sclerosis did not show clinical efficacy.",2165,33,2.0626280419528484,52.68299459143305,3.817261892,0.17777777777777778,0.7779027,0.43227515
Qwen2.5-1.5B-Instruct,bf16,56f112932ac5ed145900000d,RNA sponges primarily function to sequester and regulate small regulatory RNAs in cells.,1234,20,1.215794582851231,53.68789416956717,3.817261892,0.2,0.8182559,0.52935064
Qwen2.5-1.5B-Instruct,bf16,51659356298dcd4e5100005a,Histone methyltransferases cause histone modification by catalyzing the methylation of specific arginines or lysines in histones H3 and H4 using S-adenosyl-L-methionine (SAM) as the methyl donor.,1879,52,2.2322799996472895,51.92486691399967,3.817261892,0.14864864864864866,0.86451197,0.6339183
Qwen2.5-1.5B-Instruct,bf16,57169662cb4ef8864c000008,"6SRNA, also known as pRNA, is a small RNA molecule that is synthesized de novo from 6S RNA. It plays a crucial role in the release reaction of 6S RNA-dependent RNA polymerase inhibition in Escherichia coli. The synthesis of 6SRNA is dependent on the transcription of 6S RNA, and it helps to restore the active form of RNA polymerase by refolding the 6S RNA secondary structure. This process is essential for the outgrowth of bacteria from stationary phase and the release of active RNA polymerase.",1390,116,3.152231417130679,52.95924928427366,3.817261892,0.20111731843575423,0.7785455,0.60805404
Qwen2.5-1.5B-Instruct,bf16,511979b04eab811676000003,"We infer functional associations from gene fusion events by detecting fused composite genes in a set of reference genomes, which indicates potential interactions between its un-fused counterpart genes in query genomes.",1536,36,1.7491641249507666,52.58400157938486,3.817261892,0.0945945945945946,0.9123864,0.6429354
Qwen2.5-1.5B-Instruct,bf16,56a7d5afa17756b72f000002,The Genomic Regions Enrichment of Annotations Tool (GREAT) is a web application that analyzes the functional significance of cis-regulatory regions identified by localized measurements of DNA binding events across an entire genome. It incorporates annotations from 20 ontologies and is able to properly incorporate distal binding sites and control for false positives using a binomial test over the input genomic regions.,1326,77,2.349681125022471,52.129911702027954,3.817261892,0.4375,0.9809112,0.7256974
Qwen2.5-1.5B-Instruct,bf16,53188c12b166e2b80600001a,"RhoA is involved in the occurrence and progression of bladder cancer. It is related to poor tumor differentiation, muscle invasion, and lymph node metastasis. High RhoA expression is associated with shortened disease-free and overall survival.",2253,47,2.3406319580972195,52.96105838921692,3.817261892,0.5333333333333333,0.9281337,0.6306271
Qwen2.5-1.5B-Instruct,bf16,5710ade4cf1c32585100002c,The suggested therapy for Mycobacterium avium infection is the combination of TLC G-65 with rifapentine.,2015,26,1.7941012918017805,55.10889969947048,3.828322176,0.13636363636363638,0.9090658,0.5471814
Qwen2.5-1.5B-Instruct,bf16,517a8ce98ed59a060a000045,"The treatment of acute pericarditis involves several steps:

1. **Immediate Diagnosis**: A high index of suspicion combined with immediate echocardiograms and pericardiocentesis is crucial. This helps in diagnosing the condition promptly.

2. **Antibiotic Therapy**: Gram stain of the pericardial fluid is used to identify the responsible organism. Immediate antibiotic therapy is initiated based on the identified organism.

3. **Pericardial Drainage**: Pericardial windows are established through various approaches such as subxyphoid approach or left thoracotomy. Sump drains are left for postoperative suction and irrigation.

4. **Follow-up and Monitoring**: Patients are followed up for a period of 18 months to 5 years to ensure no sequalae develop.

5. **Adjuvant Therapy**: In cases of non-shaggy effusion, adjuvant therapy with steroids (prednisolone) was used in 11 of the 17 patients, significantly decreasing the risk of constrictive pericarditis.

6. **Surgical Intervention**: In severe cases or when pericardial effusion recurs despite drainage, surgical intervention such as partial pericardiectomy may be necessary.

The treatment aims to manage the infection, reduce the pericardial effusion, and prevent complications like constrictive pericarditis.",1480,283,6.455419457983226,51.94814094446997,3.828322176,0.12206572769953053,0.86511743,0.6304322
Qwen2.5-1.5B-Instruct,bf16,51485b9ad24251bc0500002b,"The clinical value of MammaPrint is that it accurately identifies Japanese breast cancer patients at low risk of developing recurrences, with 100% of the individuals in the low-risk category remaining metastasis-free for the duration of the observation period.",1912,51,2.199069792404771,51.59210974656249,3.828322176,0.175,0.83380306,0.49572057
Qwen2.5-1.5B-Instruct,bf16,56b2863945561f0573000001,"enCHIP is a method for isolating specific genomic regions retaining molecular interactions, which is established using the CRISPR system.",1492,26,1.476604541298002,53.7782587932192,3.828322176,0.26356589147286824,0.90735304,0.5204652
Qwen2.5-1.5B-Instruct,bf16,5318a6b2b166e2b80600001f,"Aptamers may have clinical use in the treatment of diseases such as cancer, HIV, and macular degeneration. They are being investigated for their potential as inhibitors for targets like vascular endothelial growth factor (VEGF) and thrombin. Preclinical studies using aptamer-siRNA chimeras and aptamer targeted nanoparticle therapeutics have been successful in mouse models of cancer and HIV.",1130,82,2.308721208013594,53.208577234539405,3.828322176,0.1910828025477707,0.89335626,0.64642036
Qwen2.5-1.5B-Instruct,8bit,55031181e9bde69634000014,Hirschsprung disease is a multifactorial disorder.,1930,13,1.2987402500584722,97.75076096925164,2.375289464,0.08955223880597014,0.80115974,0.49067938
Qwen2.5-1.5B-Instruct,8bit,532f062ad6d3ac6a34000027,"The effect of ivabradine in heart failure after myocardial infarction is that it promotes less frequency of hospitalizations, recurrent non-fatal MI, and fatal cardiovascular events.",1982,38,1.6178114172071218,93.46112359473608,2.39450811,0.1232876712328767,0.8874552,0.48341542
Qwen2.5-1.5B-Instruct,8bit,532624ae600967d132000005,"The outcomes of renal sympathetic denervation include:

- Reduction in blood pressure
- Reduction in renal sympathetic nerve activity
- Sustained reduction in blood pressure over 3 years
- Absence of re-innervation of renal sympathetic nerves
- Potential in other disorders associated with enhanced sympathetic nerve activity
- Safety is adequate",1492,66,1.63713666703552,94.84098566186226,2.50667124,0.14634146341463414,0.8349087,0.6223233
Qwen2.5-1.5B-Instruct,8bit,54f49995d0d681a040000002,"The EORTC QLQ – INFO25 questionnaire evaluates the information that patients have received in different areas of their disease, treatment, and care.",2135,32,1.6485077920369804,95.05714010365817,2.50667124,0.5454545454545455,0.90228236,0.5171324
Qwen2.5-1.5B-Instruct,8bit,56bf3a79ef6e39474100000f,"The association of estrogen replacement therapy (HRT) and intracranial meningioma risk is weakly associated, with an OR of 0.7 for past use and 1.0 for current use.",2154,45,1.8061125841923058,93.92920732461818,2.50667124,0.2985074626865672,0.90325344,0.5813496
Qwen2.5-1.5B-Instruct,8bit,535d78137d100faa09000005,"The passage [15861492] discusses a study where 238 smoking students at 2 high schools were treated with acupuncture on the anti-smoking acupoints of the ear, which is known to be effective for cessation of smoking. The study found that the case group (159 students treated with acupuncture) had a smoking cessation success rate of 0.6%, while the control group (79 students treated at other sites of the ear) had none. The study concluded that the site of auricular acupuncture for smoking cessation is not important, but there was a significant tendency in terms of the reduction in cigarette consumption, the taste of tobacco, and the intensity of the desire to smoke in the case group, indicating that auricular acupuncture in smoking cessation has some effect.",1726,164,2.828540749847889,93.2575457430368,2.50667124,0.14444444444444443,0.9119139,0.6012981
Qwen2.5-1.5B-Instruct,8bit,5322d9339b2d7acc7e000011,PRKAR1A knockdown in CCA cell lines enhanced sensitivity to some chemotherapeutic drugs and induced apoptosis.,2051,25,1.5197215406224132,95.76723199728714,2.50667124,0.16129032258064516,0.8246285,0.5210382
Qwen2.5-1.5B-Instruct,8bit,553fa2201d53b76422000005,"ERK1/2 proteins mediate mitogen-activated protein kinase signaling downstream of RAS: phosphorylation of ERK1/2 leads to nuclear uptake and modulation of multiple targets. Reduced dosage of ERF, which encodes an inhibitory ETS transcription factor directly bound by ERK1/2, causes complex craniosynostosis in humans and mice.",2210,76,2.183616082649678,93.2622331731606,2.50667124,0.4842105263157895,0.86288184,0.726191
Qwen2.5-1.5B-Instruct,8bit,550324d7e9bde6963400002f,The association between personality trait of neuroticism and risk for Alzheimer's disease is that higher levels of neuroticism are associated with increased risk of Alzheimer's disease and more rapid decline in global cognition.,1578,41,1.4310227083042264,95.4919456243014,2.50667124,0.20689655172413793,0.95113313,0.5688603
Qwen2.5-1.5B-Instruct,8bit,52f125332059c6d71c000007,The mode of action of everolimus is to inhibit the mammalian target of rapamycin (mTOR) pathway.,2247,26,1.6592775830067694,95.35549950776907,2.50667124,0.24489795918367344,0.8868304,0.46905592
Qwen2.5-1.5B-Instruct,8bit,54dcb29dc0bb8dce23000004,"Hypertrophic cardiomyopathy (HCM) is a heart condition characterized by myocyte hypertrophy resulting in thickening of the ventricular wall, myocyte disarray, interstitial and/or replacement fibrosis, decreased ventricular cavity volume and diastolic dysfunction.",1412,56,1.4920059577561915,95.41569470516792,2.50667124,0.40559440559440557,0.91913736,0.579773
Qwen2.5-1.5B-Instruct,8bit,533c388dc45e133714000008,"The PAR-CLIP methodology relies on the incorporation of photoreactive ribonucleoside analogs, such as 4-thiouridine (4-SU) and 6-thioguanosine (6-SG), into nascent RNA transcripts by living cells. Irradiation of the cells by UV light of 365 nm induces efficient crosslinking of photoreactive nucleoside-labeled cellular RNAs to interacting RBPs. Immunoprecipitation of the RBP of interest is followed by isolation of the crosslinked and coimmunoprecipitated RNA. The isolated RNA is converted into a cDNA library and deep sequenced using Solexa technology.",2136,144,2.8654383341781795,92.8260030026631,2.50667124,0.19858156028368792,0.90902746,0.54294
Qwen2.5-1.5B-Instruct,8bit,56c3323a50c68dd416000009,"Spastic diplegia is diagnosed through a differential diagnosis process, which involves reviewing various disorders that can mimic spastic diplegia. The diagnostic algorithm provided in the passage suggests that physicians should consider the following steps:

1. Review of clinical history and symptoms.
2. Physical examination focusing on motor function and neurological signs.
3. Assessment of intellectual functioning and cognitive abilities.
4. Review of medical history and family history.
5. Consideration of other potential causes of spastic diplegia, such as cerebral palsy, muscular dystrophy, and spinal cord injuries.
6. Use of diagnostic tools such as magnetic resonance imaging (MRI) to assess brain structure and function.
7. Comparison of MRI findings with other diagnostic criteria for spastic diplegia.
8. Consideration of the Gross Motor Function Classification System (GMFCS) level and other motor function assessments.
9. Evaluation of intellectual disability and other cognitive impairments.
10. Use of diagnostic algorithms to assist in making the correct diagnosis.

The diagnostic algorithm aims to provide a structured approach to identifying and differentiating between spastic diplegia and other conditions that may present similarly.",1546,231,3.445690541062504,93.76924032197192,2.50667124,0.16170212765957448,0.8744916,0.48694938
Qwen2.5-1.5B-Instruct,8bit,56cf413f3975bb303a000009,"Yes, there is a genetic component for happiness. The study [20440640] found that the full validity of the results has been debated, but the findings show that family matters for happiness predominantly due to quantitative sex-specific genetic effects, a moderate spousal correlation, and a shared twin environment. The heritability of happiness was estimated at 22% for males and 41% in females.",1578,89,1.9444126659072936,94.51079448626015,2.50667124,0.3564356435643564,0.87181437,0.46119946
Qwen2.5-1.5B-Instruct,8bit,56c1d848ef6e39474100002f,Tarlov cysts are sacral perineural cysts.,1303,14,0.9796231659129262,99.8930907262273,2.539046036,0.19512195121951217,0.9342134,0.40455592
Qwen2.5-1.5B-Instruct,8bit,53312464d6d3ac6a3400003a,"The extracellular core ""matrisome"" comprises approximately 300 proteins in mammals, as defined through the analysis of whole genome sequences.",1554,30,1.2997680827975273,95.67854586726372,2.539046036,0.4727272727272728,0.8924725,0.48150235
Qwen2.5-1.5B-Instruct,8bit,56b3efc38525abca1e000006,"Genomicus is a database and an online tool that allows easy comparative genomic visualization in >150 eukaryote genomes. It provides a way to explore spatial information related to gene organization within and between genomes and temporal relationships related to gene and genome evolution. For the specific vertebrate phylum, it also provides access to ancestral gene order reconstructions and conserved non-coding elements information. Genomicus has been extended to include access to ancestral gene order reconstructions and conserved non-coding elements information for four new clades, including plants, non-vertebrate metazoa, protists, and fungi.",1426,127,2.2658464168198407,93.78103729847382,2.539046036,0.5560165975103735,0.9523735,0.65367764
Qwen2.5-1.5B-Instruct,8bit,56ae35bc0a360a5e45000007,The COUGER tool is an interactive web implementation of a classification-based framework for identifying protein co-factors that might provide specificity to paralogous transcription factors (TFs). It takes as input two sets of genomic regions bound by paralogous TFs and identifies a small set of putative co-factors that best distinguish the two sets of sequences. The tool uses a classification approach with features reflecting the DNA-binding specificities of the putative co-factors and presents the identified co-factors in a user-friendly output page.,1330,107,2.00078587513417,94.07343577848181,2.55651138,0.5084745762711865,0.757913,0.73106074
Qwen2.5-1.5B-Instruct,8bit,54fc97b86ad7dcbc12000002,"Despite promising stage 2 data, stage 3 of this trial of ceftriaxone in amyotrophic lateral sclerosis did not show clinical efficacy.",2165,33,1.686270833015442,93.22202882853159,2.55651138,0.17777777777777778,0.7779027,0.43227515
Qwen2.5-1.5B-Instruct,8bit,56f112932ac5ed145900000d,RNA sponges primarily function to sequester and regulate small regulatory RNAs in cells.,1234,20,1.0207922500558197,97.34866867066226,2.55651138,0.2,0.8182559,0.52935064
Qwen2.5-1.5B-Instruct,8bit,51659356298dcd4e5100005a,Histone methyltransferases cause histone modification by catalyzing the methylation of specific arginines or lysines in histones H3 and H4 using S-adenosyl-L-methionine (SAM) as the methyl donor.,1879,52,1.7079074578359723,94.27361795725324,2.55651138,0.14864864864864866,0.86451197,0.6339183
Qwen2.5-1.5B-Instruct,8bit,57169662cb4ef8864c000008,"6SRNA (small regulatory RNA) plays a role in bacterial transcriptional regulation. It is involved in the de novo synthesis of small RNAs (pRNAs) and is responsible for the conformational change in 6S RNA, which leads to the release of active RNA polymerase. This process is crucial for the transition from exponential to stationary phase in bacteria.",1390,76,1.6871841251850128,95.0543046611099,2.595619988,0.1342281879194631,0.79763985,0.62582386
Qwen2.5-1.5B-Instruct,8bit,511979b04eab811676000003,"We infer functional associations from gene fusion events by detecting fused composite genes in a set of reference genomes, which indicates potential interactions between its un-fused counterpart genes in query genomes.",1536,36,1.3438349580392241,95.59798935729195,2.595619988,0.0945945945945946,0.9123864,0.6429354
Qwen2.5-1.5B-Instruct,8bit,56a7d5afa17756b72f000002,The Genomic Regions Enrichment of Annotations Tool (GREAT) is a web application that analyzes the functional significance of cis-regulatory regions identified by localized measurements of DNA binding events across an entire genome. It incorporates annotations from 20 ontologies and is able to properly incorporate distal binding sites and control for false positives using a binomial test over the input genomic regions.,1326,77,1.681161125190556,93.69679170919801,2.595619988,0.4375,0.9809112,0.7256974
Qwen2.5-1.5B-Instruct,8bit,53188c12b166e2b80600001a,"RhoA is involved in the occurrence and progression of bladder cancer. It is associated with poor tumor differentiation, muscle invasion, and lymph node metastasis. High RhoA expression is linked to shortened disease-free and overall survival.",2253,47,1.9227542919106781,93.94692000162242,2.595619988,0.48000000000000004,0.92386115,0.62882626
Qwen2.5-1.5B-Instruct,8bit,5710ade4cf1c32585100002c,The suggested therapy for Mycobacterium avium infection is the combination of TLC G-65 with rifapentine.,2015,26,1.5174133754335344,95.60188455170972,2.595619988,0.13636363636363638,0.9090658,0.5471814
Qwen2.5-1.5B-Instruct,8bit,517a8ce98ed59a060a000045,"The treatment of acute pericarditis involves several steps, including:

1. **Immediate Diagnosis**: A high index of suspicion combined with immediate echocardiograms and pericardiocentesis is crucial for diagnosing acute pericarditis.

2. **Antibiotic Therapy**: Gram stain of the pericardial fluid is used to identify the responsible organism. Immediate antibiotic therapy is initiated based on the identified organism.

3. **Pericardial Drainage**: Pericardial windows are established through various approaches, including subxyphoid approach and left thoracotomy, to facilitate drainage of the pericardial effusion.

4. **Steroid Therapy**: In cases of non-shaggy effusion, adjuvant therapy with steroids (prednisolone) was used in addition to antituberculous chemotherapy. This was found to significantly decrease the risk of constrictive pericarditis in patients with non-shaggy, but not shaggy, effusion.

5. **Follow-Up**: Patients are followed up to monitor for any complications or sequela, and appropriate management is provided based on the clinical course and imaging findings.

The treatment aims to alleviate symptoms, prevent complications, and improve patient outcomes.",1480,254,3.686639124993235,92.95119209664311,2.595619988,0.14213197969543148,0.87024903,0.6530822
Qwen2.5-1.5B-Instruct,8bit,51485b9ad24251bc0500002b,"The clinical value of MammaPrint is that it accurately identifies Japanese breast cancer patients at low risk of developing recurrences, with 100% of the individuals in the low-risk category remaining metastasis-free for the duration of the observation period.",1912,51,1.7555206674151123,94.13813237945465,2.595619988,0.175,0.83380306,0.49572057
Qwen2.5-1.5B-Instruct,8bit,56b2863945561f0573000001,"enCHIP is a method for isolating specific genomic regions retaining molecular interactions, which is established using the CRISPR system.",1492,26,1.2488715001381934,91.71900829180481,2.595619988,0.26356589147286824,0.90735304,0.5204652
Qwen2.5-1.5B-Instruct,8bit,5318a6b2b166e2b80600001f,"Aptamers may have clinical use in the treatment of diseases such as cancer, HIV, and macular degeneration. They are being investigated for their potential as inhibitors for targets like vascular endothelial growth factor (VEGF) and thrombin. Preclinical studies using aptamer-siRNA chimeras and aptamer targeted nanoparticle therapeutics have been successful in mouse models of cancer and HIV.",1130,82,1.616539292037487,95.85337235078751,2.595619988,0.1910828025477707,0.89335626,0.64642036
Qwen2.5-1.5B-Instruct,4bit,55031181e9bde69634000014,Hirschsprung disease is a multifactorial disorder.,1930,13,1.282523250207305,156.99487683589945,1.598573184,0.08955223880597014,0.80115974,0.49067938
Qwen2.5-1.5B-Instruct,4bit,532f062ad6d3ac6a34000027,"In the study [22416440], ivabradine significantly decreased heart rate from 71 to 64 beats per minute. The frequency of combined endpoint of efficacy was 30.4% in group 1 and 50% in group 2, respectively. In group 1, primary endpoint in high baseline HR occurred more frequently than in HR < 70 b/m in 6 (50%) and 1 (9.1%) cases, respectively, but these differences were not significant (p = 0.068). In group 2, the differences were significant--9 (90%) and 4 (25%) cases, respectively (p = 0.004). By none of the parameters of ECG, plasma electrolytes, creatinine level significant intergroup differences were found. This effect was especially strong in high baseline HR.",1982,190,2.53538795793429,145.90760369235025,1.61662856,0.13733905579399144,0.83513165,0.52329206
Qwen2.5-1.5B-Instruct,4bit,532624ae600967d132000005,"The outcomes of Renal sympathetic denervation include:

- Reduction in blood pressure
- Reduction in renal sympathetic nerve activity
- Reduction in systemic sympathetic nerve activity
- Sustained reduction in blood pressure over 3 years
- Absence of reinnervation of renal sympathetic nerves
- Potential in other disorders associated with enhanced sympathetic nerve activity
- Sustained reductions in blood pressure
- Sustained reductions in heart rate
- Sustained reductions in blood pressure in patients with resistant hypertension
- Sustained reductions in blood pressure in patients with chronic kidney disease
- Sustained reductions in blood pressure in patients with metabolic syndrome
- Sustained reductions in blood pressure in patients with congestive heart failure
- Sustained reductions in blood pressure in patients with atrial fibrillation
- Sustained reductions in blood pressure in patients with sleep apnoea
- Sustained reductions in blood pressure in patients with arrhythmias
- Sustained reductions in blood pressure in patients with diabetes mellitus
- Sustained reductions in blood pressure in patients with myocardial hypertrophy
- Sustained reductions in blood pressure in patients with renal dysfunction
- Sustained reductions in blood pressure in patients with obstructive sleep apnoea
- Sustained reductions in blood pressure in patients with atrial fibrillation
- Sustained reductions in blood pressure in patients with metabolic syndrome
- Sustained reductions in blood pressure in patients with congestive heart failure
- Sustained reductions in blood pressure in patients with atrial fibrillation
- Sustained reductions in blood pressure in patients with metabolic syndrome
- Sustained reductions in blood pressure in patients with congestive heart failure
- Sustained reductions in blood pressure in patients with atrial fibrillation
- Sustained reductions in blood pressure in patients with metabolic syndrome
- Sustained reductions in",1492,384,3.5383622921071947,147.31670906373344,1.890059412,0.04810996563573884,0.8648672,0.662304
Qwen2.5-1.5B-Instruct,4bit,54f49995d0d681a040000002,The EORTC QLQ - INFO25 questionnaire evaluates the information that patients have received.,2135,21,1.5124125420115888,144.42676098651182,1.890059412,0.31578947368421056,0.8849094,0.5301026
Qwen2.5-1.5B-Instruct,4bit,56bf3a79ef6e39474100000f,"The association of estrogen replacement therapy (HRT) with intracranial meningioma risk is weakly associated. The study found that past use of HRT was associated with an increased risk of meningioma, with an OR of 1.8 for oestrogen only, 1.1 for combined oestrogen-progestagen, and 2.2 for progestagen. However, the risk was not significantly increased in current users of HRT.",2154,97,2.0445865420624614,147.755356308019,1.890059412,0.28,0.95569134,0.5558374
Qwen2.5-1.5B-Instruct,4bit,535d78137d100faa09000005,"The effect of acupuncture in smoking cessation is not significant. In the study, only one case of smoking cessation was observed in the case group, while none were observed in the control group. The taste of tobacco and the intensity of the desire to smoke were not significantly different between the two groups. The reduction in cigarette consumption was not significant, but the tendency of reduction was significant in the case group. This suggests that the site of auricular acupuncture for smoking cessation is not important. However, there was a significant tendency in terms of the reduction in cigarette consumption, the taste of tobacco, and the intensity of the desire to smoke in the case group, indicating that auricular acupuncture in smoking cessation has some effect.",1726,142,2.0437076669186354,146.38652719469619,1.890059412,0.14525139664804468,0.8837578,0.62335646
Qwen2.5-1.5B-Instruct,4bit,5322d9339b2d7acc7e000011,"The main results of PRKAR1A Knockdown are:

- Enhanced sensitivity to chemotherapeutic drugs
- Induction of apoptosis in cholangiocarcinoma (CCA) cell lines
- Increased growth inhibition and apoptosis of CCA cells
- Decrease in mitogen-activated protein kinases, PI3K/Akt, JAK/STAT, and Wnt/beta-catenin pathway signaling
- Increased growth inhibition and apoptosis of CCA cells, with an associated decrease in mitogen-activated protein kinases, PI3K/Akt, JAK/STAT, and Wnt/beta-catenin pathway signaling
- Increased growth inhibition and apoptosis of CCA cells, with an associated decrease in mitogen-activated protein kinases, PI3K/Akt, JAK/STAT, and Wnt/beta-catenin pathway signaling
- Increased growth inhibition and apoptosis of CCA cells, with an associated decrease in mitogen-activated protein kinases, PI3K/Akt, JAK/STAT, and Wnt/beta-catenin pathway signaling
- Increased growth inhibition and apoptosis of CCA cells, with an associated decrease in mitogen-activated protein kinases, PI3K/Akt, JAK/STAT, and Wnt/beta-catenin pathway signaling
- Increased growth inhibition and apoptosis of CCA cells, with an associated decrease in mitogen-activated protein kinases, PI3K/Akt, JAK/STAT, and Wnt/beta-catenin pathway signaling
- Increased growth inhibition and apoptosis of CCA cells, with an associated decrease in mitogen-activated protein kinases, PI3K/Akt, JAK/STAT, and Wnt/beta-catenin pathway signaling
- Increased growth inhibition and apoptosis of CCA cells, with an associated decrease in mitogen-activated protein kinases",2051,384,3.9460051669739187,143.68395814554862,1.890059412,0.1037037037037037,0.8484374,0.537077
Qwen2.5-1.5B-Instruct,4bit,553fa2201d53b76422000005,"ERK1/2 phosphorylate and activate Mek, the MAP kinase kinase, which translocates into the nucleus where many of the physiological targets of the MAP kinase signal transduction pathway are located.",2210,42,1.6929239169694483,148.86716926731563,1.890059412,0.12987012987012986,0.61871624,0.6589232
Qwen2.5-1.5B-Instruct,4bit,550324d7e9bde6963400002f,"The association between personality trait of neuroticism and risk for Alzheimer's disease is that individuals with higher levels of neuroticism are at a threefold increased risk of incident Alzheimer's disease. This association is consistent with the findings of the meta-analysis and the correction notice, which indicate that neuroticism is a significant risk factor for Alzheimer's disease.",1578,71,1.4933254169300199,148.88693895637553,1.890059412,0.24113475177304963,0.944806,0.5777919
Qwen2.5-1.5B-Instruct,4bit,52f125332059c6d71c000007,The mode of action of everolimus is to inhibit the mammalian target of rapamycin (mTOR).,2247,24,1.590005500242114,150.36765727060336,1.890059412,0.20833333333333331,0.8795631,0.46686566
Qwen2.5-1.5B-Instruct,4bit,54dcb29dc0bb8dce23000004,"Hypertrophic cardiomyopathy (HCM) is a condition of the heart characterized by myocyte hypertrophy resulting in thickening of the ventricular wall, myocyte disarray, interstitial and/or replacement fibrosis, decreased ventricular cavity volume, and diastolic dysfunction.",1412,59,1.3113219579681754,151.32730404566246,1.890059412,0.39999999999999997,0.9216049,0.58303887
Qwen2.5-1.5B-Instruct,4bit,533c388dc45e133714000008,"The PAR-CLIP methodology utilizes a photoactivatable ribonucleoside analog, such as 4-thiouridine (4-SU) and 6-thioguanosine (6-SG), to incorporate into nascent RNA transcripts. Upon irradiation with UV light, these analogs undergo a chemical reaction, leading to crosslinking of the RNA-protein complex. This crosslinking event is then immunoprecipitated, followed by cDNA sequencing to identify the binding sites of the interacting RNA-binding proteins. The precise identification of crosslinked RNA segments is facilitated by the characteristic sequence changes induced by the photoactivatable ribonucleoside analogs, allowing the separation of signal from background RNA sequences.",2136,150,2.379087290726602,146.76236711689546,1.890059412,0.1830065359477124,0.90182024,0.5507851
Qwen2.5-1.5B-Instruct,4bit,56c3323a50c68dd416000009,"The differential diagnosis of spastic diplegia involves reviewing various disorders that can mimic spastic diplegia, leading to misdiagnosis. To assist in making the correct diagnosis, a diagnostic algorithm is provided.",1546,43,1.2724229590967298,150.49523387250693,1.890059412,0.1111111111111111,0.7954816,0.47001898
Qwen2.5-1.5B-Instruct,4bit,56cf413f3975bb303a000009,"Yes, there is a genetic component for happiness. The study [20440640] found that happiness is strongly affected by genes, with heritability estimated at 22% for males and 41% for females. This genetic influence is significant, as it accounts for 35-50% of the variance in human happiness according to twin studies. The study [26060713] also supports this, noting that biological factors underlie happiness, with the MAOA gene being a significant predictor of happiness in women.",1578,118,1.8007826250977814,149.02848888583551,1.890059412,0.2280701754385965,0.90648836,0.46203128
Qwen2.5-1.5B-Instruct,4bit,56c1d848ef6e39474100002f,"Tarlov cysts are sacral perineural cysts. They are nerve root cysts found most commonly in the sacral roots, arising between the covering layer of the perineurium and the endoneurium near the dorsal root ganglion.",1303,53,1.1825652089901268,150.50301400588864,1.890059412,0.7536231884057971,0.97898096,0.3950933
Qwen2.5-1.5B-Instruct,4bit,53312464d6d3ac6a3400003a,"The extracellular core ""matrisome"" comprises approximately 300 proteins in mammals, as defined by the analysis of whole genome sequences. This ""core matrisome"" includes both ECM proteins and ECM-modifying enzymes, growth factors, and other ECM-associated proteins.",1554,56,1.3627648749388754,150.26823526323497,1.890059412,0.3835616438356164,0.9453474,0.5318299
Qwen2.5-1.5B-Instruct,4bit,56b3efc38525abca1e000006,"Genomicus is a database and an online tool that allows easy comparative genomic visualization in >150 eukaryote genomes. It provides a way to explore spatial information related to gene organization within and between genomes and temporal relationships related to gene and genome evolution. For the specific vertebrate phylum, it also provides access to ancestral gene order reconstructions and conserved non-coding elements information. Genomicus has extended the database originally dedicated to vertebrate to four new clades, including plants, non-vertebrate metazoa, protists, and fungi. This visualization tool allows evolutionary phylogenomics analysis and exploration.",1426,128,1.7729584579356015,148.817763553648,1.890059412,0.5228215767634854,0.943607,0.65990406
Qwen2.5-1.5B-Instruct,4bit,56ae35bc0a360a5e45000007,The COUGER tool is an interactive web implementation of a classification-based framework for identifying protein co-factors that might provide specificity to paralogous TFs. It takes as input two sets of genomic regions bound by paralogous TFs and identifies a small set of putative co-factors that best distinguish the two sets of sequences. COUGER uses a classification approach with features reflecting the DNA-binding specificities of the putative co-factors and presents the identified co-factors in a user-friendly output page.,1330,105,1.5486759999766946,150.45967239738613,1.890059412,0.5217391304347826,0.76702994,0.74460715
Qwen2.5-1.5B-Instruct,4bit,54fc97b86ad7dcbc12000002,"The clinical trial described in the passage did not show clinical efficacy for ceftriaxone in amyotrophic lateral sclerosis. The results showed no significant differences in survival between the groups, and gastrointestinal adverse events and hepatobiliary adverse events were more common in the ceftriaxone group.",2165,62,1.7799879591912031,148.06282466972056,1.890059412,0.21238938053097345,0.9034252,0.37640584
Qwen2.5-1.5B-Instruct,4bit,56f112932ac5ed145900000d,RNA sponges sequester regulatory RNAs.,1234,12,0.8696057922206819,159.3192628396755,1.890059412,0.09523809523809523,0.8035625,0.51388156
Qwen2.5-1.5B-Instruct,4bit,51659356298dcd4e5100005a,"Histone methyltransferases cause histone modification by catalyzing the methylation of specific arginines or lysines in histones H3 and H4. This process is crucial for various cellular functions such as transcription, replication, DNA repair, and apoptosis. Histone modifications can be either individually or combinatorially to regulate processes like transcription, replication, DNA repair, and apoptosis. Histone methylation is a key mechanism in chromatin remodeling and the establishment of heterochromatin.",1879,100,1.8655381249263883,148.80066660656345,1.890059412,0.2043010752688172,0.8691381,0.6312375
Qwen2.5-1.5B-Instruct,4bit,57169662cb4ef8864c000008,"6S RNA is a bacterial transcriptional regulator that accumulates during the stationary phase and inhibits transcription from many promoters due to its stable association with sigma 70-containing RNA polymerase. However, during nutritional upshift, 6S RNA approximately pRNA complexes dissociate, releasing active RNA polymerase ready for transcription. This release reaction depends on the characteristic property of 6S RNA, which acts as a template for the de novo synthesis of small RNAs, termed pRNAs.",1390,100,1.5586010003462434,149.70535172641627,1.890059412,0.18072289156626503,0.81975836,0.6140709
Qwen2.5-1.5B-Instruct,4bit,511979b04eab811676000003,"We infer functional associations from gene fusion events by detecting fused composite genes in reference genomes, which indicate potential interactions between un-fused counterpart genes in query genomes. This method is effective for predicting protein interactions and has been used to generate a high-quality, non-redundant set of interacting pairs of proteins across a wide taxonomic range.",1536,68,1.4158713328652084,151.12348078828458,1.890059412,0.1149425287356322,0.9292777,0.6637586
Qwen2.5-1.5B-Instruct,4bit,56a7d5afa17756b72f000002,The Genomic Regions Enrichment of Annotations Tool (GREAT) is a tool designed to analyze the functional significance of cis-regulatory regions identified by localized measurements of DNA binding events across an entire genome. It incorporates annotations from 20 ontologies and is available as a web application.,1326,59,1.2475082497112453,151.73327948412037,1.890059412,0.3942307692307692,0.9768206,0.71208096
Qwen2.5-1.5B-Instruct,4bit,53188c12b166e2b80600001a,"RhoA is an important regulator of the actin cytoskeleton and is involved in the pathogenesis and progression of bladder cancer. It is more abundant in tumors and metastatic lymph nodes compared to nontumor bladder and uninvolved lymph nodes. High expression of RhoA is related to poor tumor differentiation, muscle invasion, and lymph node metastasis. RhoA expression is also associated with shorter disease-free and overall survival in bladder cancer patients.",2253,93,2.0661431667394936,146.4944893762019,1.890059412,0.3853211009174312,0.89839417,0.6332817
Qwen2.5-1.5B-Instruct,4bit,5710ade4cf1c32585100002c,"The suggested therapy for Mycobacterium avium infection is a combination of a nonvirulent mycobacterium (M. smegmatis) and a lytic mycobacteriophage (TM4). This treatment involves delivering the mycobacterium and the phage to the host cells, specifically macrophages, to kill intracellular bacteria. The therapy is effective in reducing the number of intracellular bacteria in the spleen and is well-tolerated, with no significant adverse effects reported.",2015,104,1.9720645840279758,145.51253837743252,1.890059412,0.15555555555555556,0.7611394,0.54807305
Qwen2.5-1.5B-Instruct,4bit,517a8ce98ed59a060a000045,"The treatment of acute pericarditis involves several steps, including:

1. **Initial Diagnostic Evaluation**: This includes obtaining a high index of suspicion, performing immediate echocardiograms, and pericardiocentesis to identify the cause of the pericarditis.

2. **Antibiotic Therapy**: Once the cause is identified, immediate antibiotic therapy is instituted based on the gram stain of the pericardial fluid.

3. **Drainage**: In cases where drainage is necessary, a pericardial window is established. The methods of drainage include subxyphoid approach and left thoracotomy.

4. **Follow-up**: Patients are monitored for any complications or sequelae.

5. **Long-term Management**: For persistent cases, additional treatments may be considered, such as corticosteroids in some cases.

6. **Preventive Measures**: In cases of recurrent pericarditis, preventive measures like early surgical drainage or partial pericardiectomy may be considered.

The passage emphasizes the importance of a rapid and aggressive approach to the diagnosis and treatment of acute pericarditis, highlighting the need for immediate action to prevent complications.",1480,236,2.527863333001733,148.8082805587672,1.890059412,0.1134020618556701,0.87091357,0.6043711
Qwen2.5-1.5B-Instruct,4bit,51485b9ad24251bc0500002b,"The clinical value of MammaPrint is demonstrated by its ability to accurately identify breast cancer patients at low risk of developing recurrences, as shown in the study by van't Veer and colleagues. In the study, the 70-gene MammaPrint prognosis profile accurately identified Japanese breast cancer patients at low risk of developing recurrences, with a 100% probability of distant metastasis-free survival at five years for the low-risk group. This highlights the prognostic value of MammaPrint in predicting the risk of recurrence in breast cancer patients.",1912,114,1.9858928751200438,142.76918681963912,1.890059412,0.15625,0.89007807,0.48845202
Qwen2.5-1.5B-Instruct,4bit,56b2863945561f0573000001,enCHIP is a method for isolating specific genomic regions retaining molecular interactions by engineering DNA-binding molecules to mediate chromatin immunoprecipitation.,1492,31,1.1706031667999923,148.8039877970793,1.890059412,0.1984732824427481,0.94377166,0.56783336
Qwen2.5-1.5B-Instruct,4bit,5318a6b2b166e2b80600001f,"Aptamers may have clinical use in the treatment of diseases such as cancer, HIV, and macular degeneration. They are highly specific, relatively small, and non-immunogenic, making them a promising option for targeted therapies.",1130,49,1.0617316672578454,148.96333681525118,1.890059412,0.13432835820895522,0.88457894,0.6577644
Qwen2.5-3B-Instruct,bf16,55031181e9bde69634000014,"Based on the passages provided, Hirschsprung's disease (HSCR) is described as a complex disorder with both Mendelian and multifactorial components. The passages indicate that while some cases are Mendelian (e.g., familial cases with mutations in genes like RET, EDNRB, and EDN3), the majority of cases are multifactorial. This is evident from the following points:

1. The passages mention that the majority of known genetic sites relate to Mendelian syndromic forms of Hirschsprung's disease.
2. They also state that non-syndromic non-familial, short-segment HSCR appears to represent a non-Mendelian condition with variable expression and sex-dependent penetrance.
3. The dissection of the genetic etiology of HSCR is described as providing a unique opportunity to distinguish between a polygenic and genetically heterogeneous disease, suggesting it is multifactorial.

Therefore, Hirschsprung's disease is best described as a complex disorder with both Mendelian and multifactorial components.",1930,213,10.404699333943427,27.082058253345394,6.858669672,0.2296650717703349,0.851197,0.51277775
Qwen2.5-3B-Instruct,bf16,532f062ad6d3ac6a34000027,"According to the passage [22416440], ivabradine in patients with postinfarction systolic chronic cardiac failure (SCCF) showed a significant decrease in heart rate from 71 to 64 beats per minute (bpm) at the end of the trial. It also promoted less frequency of hospitalizations, recurrent non-fatal MI, and fatal cardiovascular events. This effect was especially pronounced in patients with a higher baseline heart rate.",1982,98,6.172378791030496,27.273763005641452,6.87487392,0.16304347826086957,0.8558417,0.48469973
Qwen2.5-3B-Instruct,bf16,532624ae600967d132000005,"The outcomes of Renal sympathetic denervation (RSD) include significant decreases and progressively higher reductions in systolic and diastolic blood pressure. The complication rate is minimal. [23819768], [23774592], [22573363], [23541665], [24029963]",1492,86,5.155766167212278,27.632537007456406,6.87487392,0.45454545454545453,0.9272139,0.6623075
Qwen2.5-3B-Instruct,bf16,54f49995d0d681a040000002,"The EORTC QLQ – INFO25 questionnaire evaluates the level of information patients have received in different areas of their disease, treatment, and care. It also evaluates qualitative aspects of the information received.",2135,43,4.3285169578157365,27.41325716232166,6.887326088,0.631578947368421,0.9227737,0.5051523
Qwen2.5-3B-Instruct,bf16,56bf3a79ef6e39474100000f,"Based on the information provided in the passages, there is no specific mention of estrogen replacement therapy (ERT) and intracranial meningioma risk. The passages discuss hormone replacement therapy (HRT) in general, but do not provide details about the specific association of ERT with meningioma risk. Therefore, I cannot provide an answer based on the given passages.",2154,76,5.579334750305861,27.159455935379466,6.887326164,0.2553191489361702,0.9391087,0.5757885
Qwen2.5-3B-Instruct,bf16,535d78137d100faa09000005,"Based on the passages provided, acupuncture has shown some effect in smoking cessation, but the results are mixed and not consistently positive. 

[15861492] and [17698433] indicate that while acupuncture can lead to some reduction in cigarette consumption and a tendency towards reduced cravings, it does not show a significant difference in smoking cessation rates compared to a placebo. 

[12356614] suggests that acupuncture combined with education can be more effective than acupuncture alone, and that the effect is greater for those with a longer smoking history.

[10024707] reports a statistically significant difference in smoking cessation rates between the acupuncture and placebo groups, but the effect is not maintained in follow-up.

[15004442] reports a one-year success rate of 41.1% for ear acupuncture, indicating some efficacy but not a high success rate.

In summary, while acupuncture can have some positive effects on smoking cessation, its efficacy is not consistently high and more research is needed to determine its effectiveness compared to other cessation methods.",1726,230,10.845690499991179,26.9486036078184,6.887326164,0.12903225806451613,0.8399012,0.6135439
Qwen2.5-3B-Instruct,bf16,5322d9339b2d7acc7e000011,"Based on the information provided in the passages, the main results of PRKAR1A Knockdown are:

1. PRKAR1A knockdown enhances the sensitivity of cholangiocarcinoma (CCA) cell lines to chemotherapeutic drugs, including protein kinase inhibitors and conventional chemotherapeutic drugs.
2. PRKAR1A knockdown in combination with sorafenib or 5-fluorouracil increases the apoptotic effects on CCA cell lines.
3. PRKAR1A knockdown leads to growth inhibition and apoptosis of CCA cells, with a decrease in signaling pathways such as mitogen-activated protein kinases, PI3K/Akt, JAK/STAT, and Wnt/beta-catenin.

These results suggest that PRKAR1A suppression can enhance the efficacy of conventional CCA chemotherapeutic treatments and induce apoptotic cell death.",2051,184,9.360580707900226,27.615084739489596,6.887326164,0.16883116883116883,0.83964133,0.53415155
Qwen2.5-3B-Instruct,bf16,553fa2201d53b76422000005,"According to the passage [23354439], extracellular signal-related kinases 1 and 2 (ERK1/2) are key proteins mediating mitogen-activated protein kinase signaling downstream of RAS. They are phosphorylated, leading to nuclear uptake and modulation of multiple targets. Specifically, the passage states that ""ERK1/2 are key proteins mediating mitogen-activated protein kinase signaling downstream of RAS: phosphorylation of ERK1/2 leads to nuclear uptake and modulation of multiple targets."" In the context of craniosynostosis, reduced dosage of ERF (which encodes an inhibitory ETS transcription factor directly bound by ERK1/2) causes complex craniosynostosis in humans and mice.",2210,159,8.722264958079904,27.34218055308169,6.887326388,0.31724137931034485,0.81956124,0.71323526
Qwen2.5-3B-Instruct,bf16,550324d7e9bde6963400002f,"Based on the passages, there is a strong association between neuroticism and the risk of Alzheimer's disease (AD). Specifically:

- In [21427641], higher levels of anxiety and vulnerability to stress were associated with increased risk of AD and more rapid decline in global cognition.
- In [23706517], individuals with scores in the top quartile of neuroticism had a threefold increased risk of incident AD.
- In [20973606], elevated Neuroticism and lower Conscientiousness were independently associated with risk of AD among adults 72 years of age and older.
- In [18694539], midlife Neuroticism was associated with younger age of dementia onset in females.
- In [23040035], higher baseline scores on neuroticism were associated with a lower likelihood of remaining asymptomatic in the presence of AD neuropathology.

Therefore, neuroticism is associated with an increased risk of Alzheimer's disease.",1578,218,10.091772332787514,27.11977788728671,6.887326388,0.19626168224299065,0.9477153,0.5702001
Qwen2.5-3B-Instruct,bf16,52f125332059c6d71c000007,"Everolimus is a mammalian target of rapamycin (mTOR) inhibitor. According to the passage [23251295], it is approved for treating various cancers and is generally well tolerated, though it can cause certain adverse events. The passage does not specifically detail the mode of action of everolimus, but it mentions that it inhibits glycolysis in Panc-1 human pancreatic cancer cells.",2247,88,6.180243291892111,26.698595081793073,6.887326536,0.1956521739130435,0.89243466,0.4505538
Qwen2.5-3B-Instruct,bf16,54dcb29dc0bb8dce23000004,"Hypertrophic cardiomyopathy (HCM) is known as a pathological condition of the heart. [25191275] provides the definition of HCM as ""a heart in need of an energy bar"" and describes it as ""the most common inherited cardiovascular disorder, affecting 1 in 500 adults worldwide."" It also mentions that HCM is characterized by myocyte hypertrophy resulting in thickening of the ventricular wall.",1412,95,5.3563543749041855,27.68292766315354,6.887326536,0.3391812865497076,0.9422178,0.59650546
Qwen2.5-3B-Instruct,bf16,533c388dc45e133714000008,"The principle of the PAR-CLIP methodology is to incorporate photoreactive ribonucleoside analogs into nascent RNA transcripts. These analogs are then crosslinked to interacting RNA-binding proteins (RBPs) upon irradiation with UV light. The crosslinked complex is then immunoprecipitated, and the isolated RNA is converted into a cDNA library and sequenced. The precise position of the crosslink can be identified by mutations in the sequenced cDNA, such as thymidine to cytidine transitions with 4-thiouridine (4-SU) or guanosine to adenosine transitions with 6-thioguanosine (6-SG).",2136,143,8.008727584034204,26.99399709348704,6.887326536,0.2620689655172414,0.9314014,0.5554901
Qwen2.5-3B-Instruct,bf16,56c3323a50c68dd416000009,"According to the passage [25700542], spastic diplegia is diagnosed through a differential diagnosis process. The authors provide a brief review of spastic diplegia and the various disorders that can mimic it, which can lead to misdiagnosis. They also offer a diagnostic algorithm to assist physicians in making the correct diagnosis.",1546,72,4.705778040923178,27.581178972822748,6.887326536,0.1090909090909091,0.7908141,0.45897064
Qwen2.5-3B-Instruct,bf16,56cf413f3975bb303a000009,"Yes, there is a genetic component for happiness. Multiple passages indicate that genetic factors play a significant role in happiness. For example:

- [20440640] states, ""Biometric modelling using R was conducted to test for a data structure implying either non-additive genetic effects or higher environmental co-twin correlation in MZ than DZ pairs (violation of the EEA). We also estimated non-random mating, cultural transmission and shared environments specific for regular siblings and twins.""
- [22885141] mentions, ""Psychologists, quality of life and well-being researchers have grown increasingly interested in understanding the factors that are associated with human happiness. Although twin studies estimate that genetic factors account for 35-50% of the variance in human happiness, knowledge of specific genes is limited.""
- [26060713] states, ""Results of studies on genetic factors indicated an average effectiveness of genetic about 35 -50 percent on happiness.""

Therefore, based on these passages, it is clear that genetic factors contribute to happiness.",1578,225,10.498955875169486,27.097129935609143,6.887326536,0.19587628865979378,0.8764708,0.4682519
Qwen2.5-3B-Instruct,bf16,56c1d848ef6e39474100002f,"Tarlov cysts are sacral perineural cysts, which are nerve root cysts found most commonly in the sacral roots. They arise between the covering layer of the perineurium and the endoneurium near the dorsal root ganglion. [21139800]",1303,64,4.133140791673213,27.2303997628585,6.887326536,0.7042253521126761,0.9748007,0.39173162
Qwen2.5-3B-Instruct,bf16,53312464d6d3ac6a3400003a,"According to the passage [21937732], the extracellular core ""matrisome"" comprises approximately 300 proteins in mammals. This is defined as the ensemble of ECM proteins and associated factors that are part of the ""core matrisome"" based on the analysis of whole genome sequences.",1554,66,4.712062040809542,25.887619712415308,6.887326536,0.5641025641025642,0.9497856,0.5197791
Qwen2.5-3B-Instruct,bf16,56b3efc38525abca1e000006,"Genomicus is a database and an online tool that allows easy comparative genomic visualization in >150 eukaryote genomes. It provides a way to explore spatial information related to gene organization within and between genomes and temporal relationships related to gene and genome evolution. For the specific vertebrate phylum, it also provides access to ancestral gene order reconstructions and conserved non-coding elements information. Genomicus is freely available for online use at http://www.dyogen.ens.fr/genomicus.",1426,103,5.71865791734308,27.738999847915245,6.887326536,0.5422222222222222,0.93506336,0.6447767
Qwen2.5-3B-Instruct,bf16,56ae35bc0a360a5e45000007,COUGER is a classification-based framework for identifying protein co-factors that might provide specificity to paralogous transcription factors. It takes as input two sets of genomic regions bound by paralogous transcription factors and identifies a small set of putative co-factors that best distinguish the two sets of sequences. [24861628],1330,72,4.592929916922003,26.149319328939733,6.887326536,0.7073170731707317,0.78519523,0.6738219
Qwen2.5-3B-Instruct,bf16,54fc97b86ad7dcbc12000002,"Based on the information provided in the passages, the clinical efficacy of ceftriaxone for the treatment of amyotrophic lateral sclerosis (ALS) was not demonstrated in the stage 3 of the trial. Specifically, the passage [25297012] states:

""Despite promising stage 2 data, stage 3 of this trial of ceftriaxone in amyotrophic lateral sclerosis did not show clinical efficacy.""

The stage 3 trial did not record significant differences in survival between the ceftriaxone and placebo groups, with a hazard ratio (HR) of 0.90 (95% CI 0.71 to 1.15; p=0.4146). Additionally, while there was a slower decline in the ALSFRS-R scores in the ceftriaxone group compared to the placebo group during stages 1 and 2 (difference 0.51 units per month, 95% CI 0.02 to 1.00; p=0.0416), this difference was not maintained in stage 3.",2165,239,11.908428000286222,26.29476649859655,6.887326536,0.1800947867298578,0.85107446,0.41665477
Qwen2.5-3B-Instruct,bf16,56f112932ac5ed145900000d,"The main function of ""RNA sponges"" is to sequester and bind to regulatory RNAs, such as microRNAs (miRNAs), to prevent them from binding to and regulating the expression of target messenger RNAs (mRNAs). This sequestration can either activate or inhibit the expression of the target mRNAs, depending on the context.

From the passage [25404635], we can see that circular RNAs (circRNAs) can function as miRNA sponges, which is a form of RNA sponge. The passage states, ""Circular RNAs can function as templates for viroid and viral replication, as intermediates in RNA processing reactions, as regulators of transcription in cis, as snoRNAs, and as miRNA sponges."" This indicates that the primary function of RNA sponges is to bind and sequester miRNAs, thereby affecting the expression of target mRNAs.",1234,197,9.161262708716094,26.65114706971331,6.887326536,0.14634146341463417,0.8640945,0.520223
Qwen2.5-3B-Instruct,bf16,51659356298dcd4e5100005a,"Histone methyltransferases cause histone modification by catalyzing the addition of a methyl group to specific lysine or arginine residues in histones H3 and H4. This process is crucial for various cellular processes such as transcription, replication, DNA repair, and apoptosis. The specific modification of histone lysine or arginine residues can either be mono-, di-, or trimethylation, depending on the enzyme and the target residue. This modification can either be independent or part of a combinatorial pattern, influencing the chromatin structure and thereby the accessibility of DNA to transcription factors and other regulatory proteins.",1879,124,7.0255733341909945,27.251479011013643,6.887326536,0.2169811320754717,0.88660514,0.63168454
Qwen2.5-3B-Instruct,bf16,57169662cb4ef8864c000008,"Based on the passages provided, the function of 6S RNA in bacteria is primarily related to transcription regulation. Specifically, 6S RNA acts as a transcriptional regulator that accumulates during stationary phase and inhibits transcription from many promoters due to its stable association with sigma 70-containing RNA polymerase. This inhibition is reversible, as the 6S RNA dissociates during nutritional upshift, allowing active RNA polymerase to be ready for transcription. The 6S RNA also acts as a template for the de novo synthesis of small RNAs, termed pRNAs, which helps in the release reaction.",1390,124,6.471460584085435,26.918201579542075,6.887326536,0.1935483870967742,0.83211195,0.59384686
Qwen2.5-3B-Instruct,bf16,511979b04eab811676000003,"According to the passages, we could infer functional associations from gene fusion events using the ""Rosetta Stone"" method, which involves:

1. Identifying fused composite genes in a set of reference genomes.
2. Using the un-fused counterpart genes in query genomes to predict potential interactions.

This method is particularly useful for proteins that exhibit no or only remote homologies with already well-characterized proteins, as it can provide valuable information for hypothesis building on protein function and guide experimental characterization of the target protein.",1536,101,5.682284290902317,27.341295539995407,6.887326536,0.16,0.8973107,0.65721065
Qwen2.5-3B-Instruct,bf16,56a7d5afa17756b72f000002,"The Genomic Regions Enrichment of Annotations Tool (GREAT) is a tool developed to analyze the functional significance of cis-regulatory regions. It incorporates annotations from 20 ontologies and is available as a web application. GREAT is capable of analyzing data sets from chromatin immunoprecipitation coupled with massively parallel sequencing (ChIP-seq) of multiple transcription-associated factors, including SRF, NRSF, GABP, Stat3, and p300 in different developmental contexts. It recovers many functions of these factors that are missed by existing gene-based tools and generates testable hypotheses. [20436461]",1326,136,6.798617583233863,26.832600651248843,6.887326536,0.6024096385542169,0.98985326,0.72973096
Qwen2.5-3B-Instruct,bf16,53188c12b166e2b80600001a,"According to the passage [12855641], RhoA is more abundant in tumors and metastatic lymph nodes compared to nontumor bladder and uninvolved lymph nodes. High RhoA expression is associated with poor tumor differentiation, muscle invasion, and lymph node metastasis. Additionally, high RhoA expression is linked to shortened disease-free and overall survival.",2253,79,5.871356958057731,27.07685357877317,6.88732656,0.4000000000000001,0.8727505,0.6393801
Qwen2.5-3B-Instruct,bf16,5710ade4cf1c32585100002c,"Based on the provided passages, there isn't a single suggested therapy for Mycobacterium avium infection. However, some key points from the passages are:

- **Phage Therapy**: TM4 phage delivered by M. smegmatis has shown efficacy in reducing intracellular M. avium in vivo [16584300].
- **Antimicrobial Therapy**: For HIV-infected individuals, a four-drug oral regimen (rifampin, ciprofloxacin, clofazimine, ethambutol) with or without amikacin has been studied [9875582]. The addition of amikacin did not provide clinical or microbiologic benefit [9875582].
- **Macrolides**: Clarithromycin has shown activity against M. avium in vitro and in vivo [1832527], and in a randomized trial, it was comparable to azithromycin in treating M. avium infection in HIV-infected patients [11073759]. However, clarithromycin was less likely to cause relapse compared to azithromycin [11073759].
- **Liposomal Gentamicin**: TLC G-65, a liposomal gentamicin preparation, has shown activity against M. avium infection in beige mice [1387133]. The combination of TLC G-65 with rifapentine, clofazimine, and ethambutol has shown enhanced activity [1387133].

Given these points, there is no single suggested therapy, but a combination of therapies including phage therapy, antimicrobial therapy, and macrolides like clarithromycin or azithromycin, along with other agents like liposomal gentamicin,",2015,384,16.89900758303702,26.91815325214424,6.88732656,0.14285714285714288,0.8295418,0.505797
Qwen2.5-3B-Instruct,bf16,517a8ce98ed59a060a000045,"Based on the passage [308705], the treatment of acute purulent pericarditis in children involves:

1. A high index of suspicion.
2. Immediate echocardiograms and pericardiocentesis for diagnosis.
3. Immediate antibiotic therapy based on the gram stain of the pericardial fluid.
4. Establishment of a pericardial window through a subxyphoid approach in four cases and a left thoracotomy in one case.
5. Use of sump drains for postoperative suction and irrigation.

The passage does not provide a comprehensive list of treatments for all types of acute pericarditis, but it specifically addresses the treatment for acute purulent pericarditis in children.",1480,151,7.639671165961772,27.007576810835843,6.88732656,0.145985401459854,0.82031393,0.61214375
Qwen2.5-3B-Instruct,bf16,51485b9ad24251bc0500002b,"The clinical value of MammaPrint is primarily as a prognostic tool to identify breast cancer patients at low risk of developing metastases. It accurately identifies Japanese breast cancer patients at low risk of recurrence, with 100% of the individuals in the low-risk category remaining metastasis-free for the duration of the observation period. Additionally, in elderly women with hormone receptor-positive, HER2-negative breast cancer, the 70-gene signature can help predict the likelihood of response to adjuvant chemotherapy, with tumors having a good prognosis-signature unlikely to achieve a pathological complete remission (pCR) and tumors with a poor prognosis-signature being more sensitive to chemotherapy.",1912,138,7.631035625003278,26.87999470238168,6.88732656,0.163265306122449,0.8931176,0.5059351
Qwen2.5-3B-Instruct,bf16,56b2863945561f0573000001,"enChIP, or engineered DNA-binding molecule-mediated chromatin immunoprecipitation, is a method for isolating specific genomic regions while retaining their molecular interactions. It uses a catalytically inactive form of Cas9 (dCas9) fused to a tag, along with a guide RNA, to recognize and immunoprecipitate specific genomic regions. This method is useful for identifying associated proteins and can be applied to various genomic regions of interest. [23942116]",1492,102,5.811232083011419,27.12032500490203,6.88732656,0.4318181818181818,0.953765,0.605659
Qwen2.5-3B-Instruct,bf16,5318a6b2b166e2b80600001f,"Clinical use aptamers may have, based on the passages, include:

- Therapeutic applications, such as inhibitors for targets like VEGF and thrombin.
- Potential targeting ligands for diseases like cancer and HIV.
- Use in anticoagulant therapy for thrombotic disorders.
- Development of antidotes to certain aptamers, adding new agents with regulatable activity for clinical use.

[21838685] and [15968382] provide information on the clinical development and potential of aptamers.",1130,116,5.814257666934282,27.207196787028725,6.88732656,0.1696969696969697,0.8546162,0.6038779
Qwen2.5-3B-Instruct,8bit,55031181e9bde69634000014,"Based on the passages provided, Hirschsprung's disease (HSCR) is described as a complex disorder with both Mendelian and multifactorial components. The passages indicate that while some cases are Mendelian (e.g., familial cases with mutations in genes like RET, EDNRB, and EDN3), the majority of cases are multifactorial. This is evident from the following points:

1. The passages mention that ""RET mutations only accounted for 50% and 15-20% of familial and sporadic HSCR patients, respectively,"" suggesting that the majority of cases are not solely due to Mendelian inheritance.

2. The term ""oligo-/polygenic disorder"" is used, indicating that multiple genes contribute to the disease.

3. The passages discuss the involvement of modifier genes, which further supports the multifactorial nature of the disorder.

4. The complexity of inheritance patterns, including both Mendelian and non-Mendelian forms, is highlighted.

Therefore, Hirschsprung's disease is best described as a multifactorial disorder with a significant Mendelian component.",1930,225,7.245485709048808,46.546672621586765,4.178361984,0.18518518518518517,0.8667969,0.51977926
Qwen2.5-3B-Instruct,8bit,532f062ad6d3ac6a34000027,"According to the passage [22416440], ivabradine in patients with postinfarction systolic chronic cardiac failure (SCCF) showed a significant decrease in heart rate from 71 to 64 beats per minute (bpm) by the end of the trial. It also promoted less frequency of hospitalizations, recurrent non-fatal MI, and fatal cardiovascular events. This effect was especially strong in patients with a higher baseline heart rate.",1982,98,4.521425708197057,47.677546068214156,4.178361984,0.16304347826086957,0.8584129,0.48534504
Qwen2.5-3B-Instruct,8bit,532624ae600967d132000005,The outcomes of Renal sympathetic denervation (RSD) include significant decreases and progressively higher reductions in systolic and diastolic blood pressure. The complication rate is minimal. [23774592] and [24029963] provide these details.,1492,61,3.1252337913028896,48.38566070124847,4.178361984,0.44776119402985076,0.93519557,0.66050714
Qwen2.5-3B-Instruct,8bit,54f49995d0d681a040000002,"The EORTC QLQ – INFO25 questionnaire evaluates the level of information patients have received in different areas of their disease, treatment, and care. It also evaluates qualitative aspects of the information received.",2135,43,3.46319824969396,48.31733926259792,4.178361984,0.631578947368421,0.9227737,0.5051523
Qwen2.5-3B-Instruct,8bit,56bf3a79ef6e39474100000f,"Based on the information provided in the passages, there is no specific mention of estrogen replacement therapy (ERT) and intracranial meningioma risk. The passages discuss hormone replacement therapy (HRT) in general, but do not provide details about the specific association of ERT with meningioma risk. Therefore, I cannot provide an answer based on the given passages.",2154,76,4.286430791020393,47.59076823650034,4.178361984,0.2553191489361702,0.9391087,0.5757885
Qwen2.5-3B-Instruct,8bit,535d78137d100faa09000005,"Based on the passages provided, acupuncture has shown some effect in smoking cessation, but the results are mixed and not consistently positive. Here are the key points:

- [15861492] and [17698433] indicate that acupuncture can lead to some reduction in cigarette consumption and a tendency towards reduced desire to smoke, but the success rate in achieving complete cessation is low (0.6% in one study and 27.1% in another).
- [12356614] suggests that acupuncture combined with education can be more effective than acupuncture alone, with a significant reduction in smoking and post-treatment cigarette consumption.
- [10024707] reports a 12.5% cessation rate for the acupuncture group compared to 0% for the placebo group at six months, though this difference was not statistically significant.
- [15004442] reports a one-year success rate of 41.1% for ear acupuncture for smoking cessation, indicating some success but not a high rate.

In summary, while acupuncture can show some positive effects, its efficacy in smoking cessation is not consistently high and more research is needed to determine its effectiveness.",1726,256,7.573466249741614,47.023782599332726,4.178361984,0.1327433628318584,0.8545755,0.61503047
Qwen2.5-3B-Instruct,8bit,5322d9339b2d7acc7e000011,"Based on the information provided in the passages, the main results of PRKAR1A Knockdown are:

1. PRKAR1A knockdown enhances the sensitivity of cholangiocarcinoma (CCA) cell lines to chemotherapeutic drugs, including protein kinase inhibitors and conventional chemotherapeutic drugs.
2. PRKAR1A knockdown in combination with sorafenib or 5-fluorouracil increases the apoptotic effects on CCA cell lines.

These results suggest that selective inhibition of PRKAR1A can enhance the growth inhibitory effects of chemotherapeutic drugs and induce apoptotic cell death in CCA cells.",2051,134,5.42693241732195,46.6380079745661,4.178361984,0.1889763779527559,0.8288306,0.53814095
Qwen2.5-3B-Instruct,8bit,553fa2201d53b76422000005,"According to the passage [23354439], extracellular signal-related kinases 1 and 2 (ERK1/2) are key proteins mediating mitogen-activated protein kinase signaling downstream of RAS. They are phosphorylated, leading to nuclear uptake and modulation of multiple targets. Specifically, the passage states that ""ERK1/2 are key proteins mediating mitogen-activated protein kinase signaling downstream of RAS: phosphorylation of ERK1/2 leads to nuclear uptake and modulation of multiple targets."" In the context of craniosynostosis, reduced dosage of ERF (which encodes an inhibitory ETS transcription factor directly bound by ERK1/2) causes complex craniosynostosis in humans and mice.",2210,159,6.101377249695361,47.65557963745659,4.178361984,0.31724137931034485,0.81956124,0.71323526
Qwen2.5-3B-Instruct,8bit,550324d7e9bde6963400002f,"Based on the passages provided, there is a strong association between neuroticism and the risk of Alzheimer's disease (AD). Specifically:

- In [21427641], higher levels of anxiety and vulnerability to stress were associated with increased risk of AD and more rapid decline in global cognition.
- In [23706517], individuals with scores in the top quartile of neuroticism had a threefold increased risk of incident AD.
- In [20973606], elevated Neuroticism and lower Conscientiousness were independently associated with risk of AD among adults 72 years of age and older.
- In [18694539], midlife Neuroticism was associated with younger age of dementia onset in females.
- In [23040035], higher baseline scores on neuroticism were associated with a lower likelihood of remaining asymptomatic in the presence of AD neuropathology.

Therefore, neuroticism is associated with an increased risk of Alzheimer's disease.",1578,219,6.549055499956012,48.56971926604684,4.178361984,0.19534883720930235,0.9486271,0.56880474
Qwen2.5-3B-Instruct,8bit,52f125332059c6d71c000007,"Everolimus is a mammalian target of rapamycin (mTOR) inhibitor. According to the passage [23251295], it is approved for treating various cancers and is generally well tolerated, though it can cause certain adverse events. It works by inhibiting the mTOR signaling pathway, which is involved in cell proliferation and survival.",2247,74,4.351730375085026,47.07191485026329,4.178361984,0.24390243902439027,0.9098674,0.44845828
Qwen2.5-3B-Instruct,8bit,54dcb29dc0bb8dce23000004,"Hypertrophic cardiomyopathy (HCM) is known as a pathological condition of the heart. [25191275] provides the definition of HCM as ""a heart in need of an energy bar"" and describes it as ""the most common inherited cardiovascular disorder, affecting 1 in 500 adults worldwide."" It also mentions that HCM is characterized by myocyte hypertrophy resulting in thickening of the ventricular wall.",1412,95,3.768095999956131,48.27386422602795,4.178361984,0.3391812865497076,0.9422178,0.59650546
Qwen2.5-3B-Instruct,8bit,533c388dc45e133714000008,"The principle of the PAR-CLIP methodology is the incorporation of photoreactive ribonucleoside analogs, such as 4-thiouridine (4-SU) and 6-thioguanosine (6-SG), into nascent RNA transcripts by living cells. Irradiation of the cells by UV light of 365 nm induces efficient crosslinking of photoreactive nucleoside-labeled cellular RNAs to interacting RNA-binding proteins (RBPs). This crosslinking is then followed by immunoprecipitation of the RBP of interest, isolation of the crosslinked and coimmunoprecipitated RNA, conversion into a cDNA library, and deep sequencing using Solexa technology. The precise position of crosslinking can be identified by mutations in the sequenced cDNA, such as thymidine to cytidine transitions with 4-SU and guanosine to adenosine transitions with 6-SG.",2136,201,6.983437042217702,46.62083013127021,4.178361984,0.2727272727272727,0.9288947,0.5620425
Qwen2.5-3B-Instruct,8bit,56c3323a50c68dd416000009,"According to the passage [25700542], spastic diplegia is diagnosed through a differential diagnosis process. The authors provide a brief review of spastic diplegia and the various disorders that can mimic it, which can lead to misdiagnosis. They also offer a diagnostic algorithm to assist physicians in making the correct diagnosis.",1546,72,3.5109396250918508,47.12619525614341,4.178361984,0.1090909090909091,0.7908141,0.45897064
Qwen2.5-3B-Instruct,8bit,56cf413f3975bb303a000009,"Yes, there is a genetic component for happiness. Multiple passages indicate that genetic factors play a significant role in happiness. For example:

- [20440640] states that ""Biometric modelling using R was conducted to test for a data structure implying either non-additive genetic effects or higher environmental co-twin correlation in MZ than DZ pairs (violation of the EEA). We also estimated non-random mating, cultural transmission and shared environments specific for regular siblings and twins.""
- [22885141] mentions that ""Psychologists, quality of life and well-being researchers have grown increasingly interested in understanding the factors that are associated with human happiness. Although twin studies estimate that genetic factors account for 35-50% of the variance in human happiness, knowledge of specific genes is limited.""
- [26060713] states that ""Results of studies on genetic factors indicated an average effectiveness of genetic about 35 -50 percent on happiness.""

Therefore, the answer is yes, there is a genetic component for happiness.",1578,223,6.665752749890089,47.692925568757964,4.178361984,0.2051282051282051,0.8769084,0.47417027
Qwen2.5-3B-Instruct,8bit,56c1d848ef6e39474100002f,"Tarlov cysts are sacral perineural cysts, which are nerve root cysts found most commonly in the sacral roots. They arise between the covering layer of the perineurium and the endoneurium near the dorsal root ganglion. [21139800]",1303,64,2.998229999560863,48.348544672765115,4.178361984,0.7042253521126761,0.9748007,0.39173162
Qwen2.5-3B-Instruct,8bit,53312464d6d3ac6a3400003a,"According to the passage [21937732], the extracellular core ""matrisome"" comprises approximately 300 proteins in mammals. This is defined as the ensemble of ECM proteins and associated factors that are part of the ""core matrisome"" based on the analysis of whole genome sequences.",1554,66,3.3481422499753535,47.9939294820622,4.178361984,0.5641025641025642,0.9497856,0.5197791
Qwen2.5-3B-Instruct,8bit,56b3efc38525abca1e000006,"Genomicus is a database and an online tool that allows easy comparative genomic visualization in >150 eukaryote genomes. It provides a way to explore spatial information related to gene organization within and between genomes and temporal relationships related to gene and genome evolution. For the specific vertebrate phylum, it also provides access to ancestral gene order reconstructions and conserved non-coding elements information. Genomicus is freely available for online use at http://www.dyogen.ens.fr/genomicus.",1426,103,3.894542624708265,48.76010469234452,4.178361984,0.5422222222222222,0.93506336,0.6447767
Qwen2.5-3B-Instruct,8bit,56ae35bc0a360a5e45000007,COUGER is a classification-based framework for identifying protein co-factors that might provide specificity to paralogous transcription factors. It takes as input two sets of genomic regions bound by paralogous transcription factors and identifies a small set of putative co-factors that best distinguish the two sets of sequences. [24861628],1330,72,3.188169833738357,48.377764516027106,4.178361984,0.7073170731707317,0.78519523,0.6738219
Qwen2.5-3B-Instruct,8bit,54fc97b86ad7dcbc12000002,"Based on the information provided in the passages, the clinical efficacy of ceftriaxone for treatment of amyotrophic lateral sclerosis (ALS) is not definitively established. 

While the study described in [25297012] found that in stage 2, participants assigned to 4 g ceftriaxone showed a slower decline in the ALSFRS-R scores compared to those on placebo (p=0.0416), this difference was not maintained in stage 3, where there was no significant difference in functional decline between the treatment groups (p=0.2370). 

Additionally, the study did not show a significant difference in survival between the ceftriaxone and placebo groups (HR 0.90, 95% CI 0.71 to 1.15; p=0.4146).

Therefore, while ceftriaxone showed promise in early stages of the trial, the overall clinical efficacy in treating ALS remains inconclusive based on the information provided.",2165,223,7.405729874968529,47.253786842649724,4.178361984,0.17475728155339806,0.8994481,0.39630857
Qwen2.5-3B-Instruct,8bit,56f112932ac5ed145900000d,"The main function of ""RNA sponges"" is to sequester and bind to regulatory RNAs, such as microRNAs (miRNAs), to prevent them from binding to and regulating the expression of target messenger RNAs (mRNAs). This sequestration can lead to increased levels of the target mRNA, as seen in the examples provided in the passages.

[25404635] mentions that circular RNAs can function as ""miRNA sponges,"" protecting the target mRNA from miRNA-mediated degradation.

[25580223] discusses how both sense and antisense transcripts, including the linear Sry transcript, can behave as miRNA sponges, preventing miRNAs from binding to and regulating the expression of target mRNAs.

[25630703] provides an example where a stable fragment (SroC) of an mRNA generates a sponge that sequesters GcvB small RNA, leading to the degradation of GcvB and activation of other mRNAs.

[25957803] states that stable intermediates of bacterial tRNA processing control endogenous small RNAs by acting as RNA sponges, sequestering them and preventing them from binding to and regulating target mRNAs.

Therefore, based on these passages, the main function of RNA sponges is to sequester and bind to regulatory RNAs to prevent them from regulating the expression of target mRNAs.",1234,308,7.997514415998012,48.08049236092414,4.178361984,0.12280701754385966,0.84379816,0.54882514
Qwen2.5-3B-Instruct,8bit,51659356298dcd4e5100005a,"Histone methyltransferases cause histone modification by catalyzing the addition of a methyl group to specific lysine or arginine residues in histones H3 and H4. This process is crucial for various cellular processes such as transcription, replication, DNA repair, and apoptosis. The specific modification of histone lysine or arginine residues can either be mono-, di-, or trimethylation, depending on the enzyme and the target residue. This modification can either function individually or in combination with other modifications to regulate chromatin structure and gene expression.",1879,111,4.721035124734044,46.450973036858855,4.178361984,0.21782178217821785,0.8888294,0.62941617
Qwen2.5-3B-Instruct,8bit,57169662cb4ef8864c000008,"Based on the passages provided, the function of 6S RNA in bacteria is primarily related to transcription regulation. Specifically, 6S RNA acts as a transcriptional regulator that accumulates during stationary phase and inhibits transcription from many promoters due to its stable association with sigma 70-containing RNA polymerase. This inhibition is reversible, as the 6S RNA dissociates during nutritional upshift, allowing active RNA polymerase to be ready for transcription. The passage also mentions that 6S RNA can act as a template for the de novo synthesis of small RNAs (pRNAs), which further contributes to its regulatory role.",1390,128,4.458767583128065,47.508436899560365,4.178361984,0.17894736842105263,0.8319465,0.5902356
Qwen2.5-3B-Instruct,8bit,511979b04eab811676000003,"According to the passages, we could infer functional associations from gene fusion events using the ""Rosetta Stone"" method, which involves:

1. Identifying fused composite genes in a set of reference genomes.
2. Using the un-fused counterpart genes in query genomes to predict potential interactions.

This method is particularly useful for proteins that exhibit no or only remote homologies with already well-characterized proteins, as it can provide valuable information for hypothesis building on protein function and guide experimental characterization of the target protein.",1536,101,4.046010666992515,47.910149029553395,4.178361984,0.16,0.8973107,0.65721065
Qwen2.5-3B-Instruct,8bit,56a7d5afa17756b72f000002,"The Genomic Regions Enrichment of Annotations Tool (GREAT) is a tool developed to analyze the functional significance of cis-regulatory regions. It incorporates annotations from 20 ontologies and is available as a web application. GREAT is capable of analyzing data sets from chromatin immunoprecipitation coupled with massively parallel sequencing (ChIP-seq) of multiple transcription-associated factors, including SRF, NRSF, GABP, Stat3, and p300 in different developmental contexts. It helps in recovering functions of these factors that are missed by existing gene-based tools and generates testable hypotheses. [20436461]",1326,136,4.699061958119273,45.1414364491031,4.178361984,0.592,0.98924077,0.7241881
Qwen2.5-3B-Instruct,8bit,53188c12b166e2b80600001a,"According to the passage [12855641], RhoA is more abundant in tumors and metastatic lymph nodes compared to nontumor bladder and uninvolved lymph nodes. High RhoA expression is associated with poor tumor differentiation, muscle invasion, and lymph node metastasis. Additionally, high RhoA expression is linked to shortened disease-free and overall survival.",2253,79,4.5082112909294665,46.94313880322591,4.178361984,0.4000000000000001,0.8727505,0.6393801
Qwen2.5-3B-Instruct,8bit,5710ade4cf1c32585100002c,"Based on the provided passages, there isn't a single suggested therapy for Mycobacterium avium infection. However, some therapies mentioned include:

- Amikacin, clarithromycin, and ethambutol in combination for treating disseminated Mycobacterium avium infection in HIV-infected individuals (Passage [9875582]).
- Azithromycin and clarithromycin in combination with ethambutol for treating disseminated Mycobacterium avium infection in patients with human immunodeficiency virus (Passage [11073759]).
- Clarithromycin in combination with ethambutol for treating disseminated Mycobacterium avium infection in patients with human immunodeficiency virus (Passage [11073759]).
- Clarithromycin in combination with rifampin, isoniazid, ethambutol, and clofazimine for treating disseminated Mycobacterium avium infection in patients with AIDS (Passage [1832527]).

The passage [16584300] discusses the use of a lytic mycobacteriophage (TM4) delivered by a nonvirulent mycobacterium (M. smegmatis) for treating M. avium infection in vivo, but this is not a standard therapy.

Therefore, the answer is that there is no single suggested therapy, but rather a combination of therapies including amikacin, clarithromycin, ethambutol, and others, depending on the specific context and patient condition.",2015,334,9.859889542218298,45.40684216184467,4.178361984,0.1648745519713262,0.8064884,0.51318216
Qwen2.5-3B-Instruct,8bit,517a8ce98ed59a060a000045,"Based on the passages provided, the treatment of acute pericarditis can include:

- Immediate echocardiograms and pericardiocentesis for diagnosis.
- Immediate antibiotic therapy based on the gram stain of the pericardial fluid.
- Pericardial window establishment, often through a subxyphoid approach, with sump drains left for postoperative suction and irrigation.
- Aggressive antibiotic therapy, especially when the responsible organism is identified as Hemophilus influenzae, type b.

The passages do not provide a comprehensive list of treatments but suggest an aggressive approach to diagnosis and treatment.",1480,123,4.473001000005752,47.71860609078861,4.178361984,0.15,0.8554014,0.641595
Qwen2.5-3B-Instruct,8bit,51485b9ad24251bc0500002b,"The clinical value of MammaPrint is primarily as a prognostic tool to identify breast cancer patients at low risk of developing metastases. It accurately identifies Japanese breast cancer patients at low risk of recurrence, with 100% of the individuals in the low-risk category remaining metastasis-free for the duration of the observation period. Additionally, in elderly women with hormone receptor-positive, HER2-negative breast cancer, the 70-gene signature can help predict the likelihood of benefit from adjuvant chemotherapy.",1912,104,4.584085832815617,47.475340874772485,4.178361984,0.2,0.8974127,0.49512488
Qwen2.5-3B-Instruct,8bit,56b2863945561f0573000001,"enChIP, or engineered DNA-binding molecule-mediated chromatin immunoprecipitation, is a method for isolating specific genomic regions while retaining their molecular interactions. It uses a catalytically inactive form of Cas9 (dCas9) fused to a tag, along with a guide RNA, to recognize and immunoprecipitate specific genomic regions. This method is useful for identifying associated proteins and can be applied to various genomic regions of interest. [23942116]",1492,102,3.998695000074804,48.013217757111406,4.178361984,0.4318181818181818,0.953765,0.605659
Qwen2.5-3B-Instruct,8bit,5318a6b2b166e2b80600001f,"Clinical use aptamers may have, based on the passages, include:

- Therapeutic applications, such as inhibitors for targets like VEGF and thrombin.
- Potential targeting ligands for diseases like cancer and HIV.
- Use in anticoagulant therapy for thrombotic disorders.
- Development of antidotes to certain aptamers, adding new agents with regulatable activity for clinical use.

[21838685] and [15968382] provide information about aptamers being used in clinical trials and preclinical studies for various diseases and conditions.",1130,124,3.996392833068967,48.73466883715247,4.178361984,0.18604651162790697,0.85376716,0.6030919
Qwen2.5-3B-Instruct,4bit,55031181e9bde69634000014,"Hirschsprung disease (HSCR) is described as a multifactorial disorder. This is evident from the passage in [15617541] which states, ""Different approaches were used to find these loci such as classical linkage in large families, identity by descent mapping in an inbred kindred, candidate gene approaches based on naturally occurring mutant mice models, and finally the use of model-free linkage and association analyzes."" This indicates that HSCR involves multiple loci and modifier genes, suggesting a multifactorial inheritance pattern rather than a Mendelian one.",1930,118,3.831223583780229,82.14160087842473,2.635513472,0.125,0.8546247,0.5303878
Qwen2.5-3B-Instruct,4bit,532f062ad6d3ac6a34000027,"According to the passage [22416440], ivabradine significantly decreased heart rate (HR) from 71 to 64 beats per minute (bpm) in patients after myocardial infarction (MI) with systolic chronic cardiac failure (SCCF). Additionally, the addition of ivabradine to standard treatment reduced the frequency of combined endpoints of efficacy, including hospitalizations, recurrent non-fatal myocardial infarction, and lethal cardiovascular events. Specifically, in group 1 (ivabradin treatment), the frequency of combined endpoint was 30.4%, compared to 50% in group 2 (standard treatment alone).",1982,142,4.2300555421970785,78.81627024813916,2.657402968,0.208955223880597,0.8682731,0.4843704
Qwen2.5-3B-Instruct,4bit,532624ae600967d132000005,"Renal sympathetic denervation (RSD) significantly reduces blood pressure in patients with resistant hypertension. Studies show that after 6 months, the mean systolic blood pressure reduction is around 32 mmHg. The reduction in blood pressure appears to be sustained over a period of 3 years. The complication rate is minimal. RSD also reduces heart rate, which is a surrogate marker of cardiovascular risk. It has shown beneficial effects on conditions such as heart failure, myocardial hypertrophy, obstructive sleep apnea, atrial fibrillation, renal dysfunction, and metabolic syndrome.",1492,118,3.3147367080673575,81.71445231798333,2.657402968,0.3140495867768595,0.9404327,0.69791806
Qwen2.5-3B-Instruct,4bit,54f49995d0d681a040000002,"The EORTC QLQ – INFO25 questionnaire evaluates the level of information patients have received in different areas of their disease, treatment, and care. It also evaluates qualitative aspects of the information received.",2135,43,3.182671292219311,80.70729622648318,2.674999696,0.631578947368421,0.9227737,0.5051523
Qwen2.5-3B-Instruct,4bit,56bf3a79ef6e39474100000f,"Based on the information provided in the passages, there is no specific mention of estrogen replacement therapy (ERT) and intracranial meningioma risk. The passage that discusses hormone replacement therapy (HRT) does not explicitly mention ERT. Therefore, I cannot directly answer the question about the association of estrogen replacement therapy and intracranial meningioma risk from the given passages.

However, it is noted that hormone replacement therapy (HRT) in general is associated with an increased meningioma risk, but this does not specifically address estrogen replacement therapy.",2154,114,4.109511041082442,81.51829978293571,2.674999772,0.2459016393442623,0.94471073,0.5744183
Qwen2.5-3B-Instruct,4bit,535d78137d100faa09000005,"Based on the provided passages, acupuncture has shown some positive effects on smoking cessation. Here's a summary of the findings:

1. **Passage [15861492]**: This study found that auricular acupuncture (acupuncture on the ear) was not particularly effective in smoking cessation. Only one case (0.6%) in the treatment group quit smoking compared to none in the control group. However, there was a tendency for reduction in the taste of tobacco and the intensity of the desire to smoke.

2. **Passage [12356614]**: This study found that a combination of acupuncture and education was more effective than acupuncture alone. Both treatments significantly reduced smoking and cigarette consumption, but the combination showed a greater effect, especially for those with a longer smoking history (more than 20 pack-years).

3. **Passage [10024707]**: This single-blind, placebo-controlled trial showed that auricular acupuncture significantly helped volunteers quit smoking compared to a placebo. The treatment group had a 12.5% cessation rate compared to 0% for the placebo group.

4. **Passage [17698433]**: This randomized controlled trial found that auricular acupuncture did not show better efficacy in smoking cessation compared to sham acupuncture. However, combining acupuncture with behavior counseling or nicotine replacement therapy might enhance the success rate.

5. **Passage [15004442]**: This descriptive study on patients treated with ear acupuncture for smoking cessation found a one-year success rate of 41.1%. Men were more likely to quit smoking, and those who smoked more than 20 cigarettes per day had better outcomes. Living in a non-smoker household also facilitated smoking cessation.

In summary, while auricular acupuncture shows some promise in smoking cessation, its efficacy is not",1726,384,7.016439499799162,78.75483209190432,2.674999772,0.09876543209876544,0.9060743,0.6140213
Qwen2.5-3B-Instruct,4bit,5322d9339b2d7acc7e000011,"According to the passage [23480756], the main results of PRKAR1A knockdown are:

1. PRKAR1A knockdown enhances the sensitivity of cholangiocarcinoma (CCA) cell lines to chemotherapeutic drugs such as sorafenib, sunitinib, gefitinib, and Met inhibitors.
2. PRKAR1A knockdown in combination with sorafenib or 5-fluorouracil increases the apoptotic effects on CCA cell lines.

Therefore, PRKAR1A knockdown enhances the anti-proliferative and apoptotic effects of protein kinase inhibitors and chemotherapeutic drugs on cholangiocarcinoma cells.",2051,149,4.465676540974528,78.78907364429219,2.674999772,0.2016806722689075,0.82059765,0.5306685
Qwen2.5-3B-Instruct,4bit,553fa2201d53b76422000005,"According to the passage [23354439], extracellular signal-related kinases 1 and 2 (ERK1/2) are key proteins mediating mitogen-activated protein kinase signaling downstream of RAS. ERK1/2 phosphorylation leads to nuclear uptake and modulation of multiple targets. Specifically, it links ERK1/2 signaling to regulation of osteogenesis, which is relevant to craniosynostosis.",2210,93,3.955019040964544,79.66917023936655,2.674999996,0.12,0.7233974,0.6957998
Qwen2.5-3B-Instruct,4bit,550324d7e9bde6963400002f,"[23706517] indicates that higher levels of neuroticism are associated with an increased risk of incident Alzheimer's disease (AD). Specifically, individuals in the top quartile of neuroticism have a threefold increased risk of AD. Additionally, the specific facets of neuroticism, such as self-discipline and depression, have stronger associations with AD.",1578,78,2.9481969587504864,81.05461749226403,2.674999996,0.21212121212121213,0.92640793,0.5704695
Qwen2.5-3B-Instruct,4bit,52f125332059c6d71c000007,"Everolimus acts as a target of rapamycin (mTOR) inhibitor. According to the passage:

[17890266] Sirolimus in renal transplantation.
""Target of rapamycin inhibitors (TOR-I) (sirolimus, everolimus) are immunosuppressive agents with a novel mode of action but an uncertain clinical role.""

[16625599] Target of rapamycin inhibitors (TOR-I; sirolimus and everolimus) for primary immunosuppression in kidney transplant recipients.
""BACKGROUND: Target of rapamycin inhibitors (TOR-I) (sirolimus, everolimus) are immunosuppressive agents with a novel mode of action but an uncertain clinical role.""

[18025810] Octreotide and the mTOR inhibitor RAD001 (everolimus) block proliferation and interact with the Akt-mTOR-p70S6K pathway in a neuro-endocrine tumour cell Line.
""RAD001 (everolimus) is a novel agent that is being trialled in the treatment of neuro-endocrine tumours, and is known to interact with mTOR.""

Therefore, based on these passages, the mode of action of everolimus is through inhibiting the target of rapamycin (mTOR).",2247,277,6.411936582997441,77.01818312499672,2.675000144,0.11049723756906078,0.87788683,0.43366346
Qwen2.5-3B-Instruct,4bit,54dcb29dc0bb8dce23000004,Hypertrophic cardiomyopathy (HCM) is known as a primary disease of the cardiac muscle that occurs mainly due to mutations in genes encoding for the cardiac sarcomere. [25328416],1412,48,2.3589404160156846,84.3191365114139,2.675000144,0.13043478260869568,0.92067915,0.58292913
Qwen2.5-3B-Instruct,4bit,533c388dc45e133714000008,"According to the passage, the principle of PAR-CLIP involves incorporating photoactivatable ribonucleoside analogs (such as 4-SU and 6-SG) into nascent RNA transcripts by living cells. Irradiation of the cells with UV light of 365 nm induces efficient crosslinking of these photoreactive nucleoside-labeled cellular RNAs to interacting RBPs. This process allows for the isolation of crosslinked and coimmunoprecipitated RNA, which is then converted into a cDNA library and sequenced to identify the binding sites of the RNA-binding proteins [20644507].",2136,136,4.38033916708082,77.8885408962313,2.675000144,0.1843971631205674,0.93186915,0.5636772
Qwen2.5-3B-Instruct,4bit,56c3323a50c68dd416000009,"According to the passage [25700542], spastic diplegia is the most common form of cerebral palsy worldwide. The diagnosis of spastic diplegia involves a differential diagnosis process where various disorders can mimic spastic diplegia, leading to misdiagnosis. The passage does not provide specific diagnostic methods or tests for diagnosing spastic diplegia, only mentioning that it is the most common form of cerebral palsy. Therefore, based on the information provided in the given passages, we cannot determine how spastic diplegia is specifically diagnosed.",1546,119,3.4011273328214884,82.10588723413301,2.675000144,0.09929078014184398,0.820715,0.48816317
Qwen2.5-3B-Instruct,4bit,56cf413f3975bb303a000009,"Yes, there is a genetic component for happiness. Multiple studies indicate that genetic factors play a role in happiness. For example, [20397744] mentions a heritability estimate of 22% for males and 41% for females based on a large sample of twins and siblings. Additionally, [20440640] discusses the importance of quantitative sex-specific genetic effects and shared environments for happiness, suggesting a significant genetic component.",1578,99,3.227501042187214,82.8935053046356,2.675000144,0.23300970873786409,0.8675677,0.45749748
Qwen2.5-3B-Instruct,4bit,56c1d848ef6e39474100002f,"Tarlov cysts, also known as sacral perineural cysts, are nerve root cysts found most commonly in the sacral region. They arise between the covering layer of the perineurium and the endoneurium near the dorsal root ganglion. [21139800]",1303,66,2.497979875188321,82.76915067724748,2.675000144,0.6944444444444444,0.9765977,0.39506543
Qwen2.5-3B-Instruct,4bit,53312464d6d3ac6a3400003a,"According to the passage [21937732], the extracellular matrix (ECM) not only provides physical support for tissues but also plays a critical role in tissue development, homeostasis, and disease. The ""core matrisome"" in mammals comprises approximately 300 proteins. This core is part of the larger ""matrisome,"" which includes large numbers of ECM-modifying enzymes, ECM-binding growth factors, and other ECM-associated proteins. These different categories of ECM and ECM-associated proteins cooperate to assemble and remodel extracellular matrices and bind to cells through ECM receptors. Together, they provide multiple inputs into cells to control various cellular processes such as survival, proliferation, differentiation, shape, polarity, and motility.",1554,151,3.7850324166938663,82.43741032703248,2.675000144,0.22535211267605632,0.8758559,0.52746046
Qwen2.5-3B-Instruct,4bit,56b3efc38525abca1e000006,"Genomicus is a database and online tool that allows easy comparative genomic visualization in over 150 eukaryote genomes. It provides a way to explore spatial information related to gene organization within and between genomes and temporal relationships related to gene and genome evolution. For the specific vertebrate phylum, it also provides access to ancestral gene order reconstructions and conserved non-coding elements information. It allows for evolutionary phylogenomics analysis and exploration. [23193262]",1426,102,3.0418290002271533,83.00916079202655,2.675000144,0.5454545454545455,0.9274141,0.64571935
Qwen2.5-3B-Instruct,4bit,56ae35bc0a360a5e45000007,COUGER is a classification-based framework for identifying protein co-factors that might provide specificity to paralogous transcription factors (TFs). It takes as input two sets of genomic regions bound by paralogous TFs and identifies a small set of putative co-factors that best distinguish the two sets of sequences. The tool uses a classification approach with features reflecting the DNA-binding specificities of the putative co-factors. It can be run as a stand-alone tool or through a web interface. [24861628],1330,112,3.0535988328047097,82.98177731238887,2.675000144,0.5263157894736842,0.7803719,0.6871605
Qwen2.5-3B-Instruct,4bit,54fc97b86ad7dcbc12000002,"According to the passage [25297012], the clinical trial of ceftriaxone for amyotrophic lateral sclerosis did not show significant efficacy. Specifically, while there were promising results in stage 2 where the decline in the Amyotrophic Lateral Sclerosis Functional Rating Scale-Revised (ALSFRS-R) scores was slower in participants receiving 4 g ceftriaxone compared to those on placebo, this difference did not persist in stage 3. No significant differences in survival between the groups were recorded in stage 3. Additionally, significant gastrointestinal and hepatobiliary adverse events were more common in the ceftriaxone group compared to the placebo group.",2165,145,4.617619040887803,79.51008992785975,2.675000144,0.18181818181818182,0.87900275,0.42064118
Qwen2.5-3B-Instruct,4bit,56f112932ac5ed145900000d,"The main function of ""RNA sponges"" is to sequester and bind to regulatory RNAs such as microRNAs (miRNAs) to prevent them from binding to target messenger RNAs (mRNAs) and thus affecting gene expression.

[23446346] provides a specific example of this function, where the circRNA ciRS-7 acts as a miR-7 sponge, suppressing miR-7 activity and increasing the levels of miR-7 targets.",1234,105,2.8693383750505745,83.05258046189645,2.675000144,0.11881188118811882,0.8601985,0.5327313
Qwen2.5-3B-Instruct,4bit,51659356298dcd4e5100005a,"Histone methyltransferases cause histone modification by methylating specific arginines or lysines in histones H3 and H4. They use S-adenosyl-L-methionine (SAM) as the methyl donor to add methyl groups to the histone substrates. The specific lysine or arginine residues targeted for methylation vary among different histone methyltransferases, leading to different histone modifications such as mono-, di-, and trimethylation.",1879,97,3.6256435830146074,81.76438845550621,2.675000144,0.18994413407821228,0.8878367,0.6241111
Qwen2.5-3B-Instruct,4bit,57169662cb4ef8864c000008,"The function of 6SRNA in bacteria is to inhibit transcription from many promoters during the stationary phase. It does this by accumulating during stationary phase and forming a stable association with the RNA polymerase, particularly sigma 70-containing RNA polymerase. This inhibition is due to the characteristic property of 6SRNA acting as a template for the de novo synthesis of small RNAs, termed pRNAs. [23667906]",1390,93,2.9590303329750896,81.77284110491155,2.675000144,0.12658227848101264,0.7807704,0.5996599
Qwen2.5-3B-Instruct,4bit,511979b04eab811676000003,"According to the passages, one can infer functional associations from gene fusion events by:

1. Using gene fusion detection methods, such as the 'Rosetta Stone' method, to identify fused composite genes in a set of reference genomes. [18081932]

2. Analyzing interaction graphs and applying a threshold to limit the maximum number of possible interactions within the largest graph components to reduce implausible interactions. [18081932]

3. Exhaustively performing gene fusion analysis for multiple genomes to generate a high-quality, non-redundant set of interacting pairs of proteins across a wide taxonomic range. [18081932]

4. Identifying component proteins of gene fusions and their interactions based on sequence similarity and phylogenetic profiles. [11820254]

5. Using orthologous genes and phylogenetic tree reconstruction to characterize gene fusion events. [18025684]

6. Analyzing the evolutionary history of gene fusion events to understand the nature of the fusion. [18025684]

7. Using additional information from sequence databases to detect pairs of functionally associated proteins with important functions. [18629289]",1536,262,5.194599709007889,81.58944225282872,2.675000144,0.1672727272727273,0.91766477,0.63897216
Qwen2.5-3B-Instruct,4bit,56a7d5afa17756b72f000002,"According to passage [20436461], the Genomic Regions Enrichment of Annotations Tool (GREAT) is a method developed to analyze the functional significance of cis-regulatory regions identified by localized measurements of DNA binding events across an entire genome. It incorporates annotations from 20 ontologies and is available as a web application. GREAT is particularly useful for recovering functions of transcription-associated factors missed by existing gene-based tools and generating testable hypotheses.",1326,95,2.9595858328975737,81.5032895723224,2.675000144,0.463519313304721,0.98222435,0.7283423
Qwen2.5-3B-Instruct,4bit,53188c12b166e2b80600001a,"RhoA is more abundant in tumors and metastatic lymph nodes compared to nontumor bladder and uninvolved lymph nodes. High RhoA expression is related to poor tumor differentiation, muscle invasion, and lymph node metastasis. Its expression is inversely related to disease-free and overall survival.",2253,61,3.8458664999343455,77.82290629136975,2.675000168,0.4337349397590362,0.88426894,0.6416478
Qwen2.5-3B-Instruct,4bit,5710ade4cf1c32585100002c,"Based on the information provided in the passages, the suggested therapy for Mycobacterium avium infection includes:

1. **Phage Therapy**: As mentioned in [16584300], lytic mycobacteriophage TM4 can be used to deliver antimycobacterial phage intracellularly for treating M. avium infection in vivo.

2. **Antimicrobial Therapy**: In [9875582], a four-drug oral regimen (rifampin, ciprofloxacin, clofazimine, ethambutol) was found to be effective in treating disseminated M. avium infection in HIV-infected patients. The addition of amikacin did not provide additional benefit.

3. **Macrolide Therapy**: [11073759] suggests that azithromycin and clarithromycin are effective in treating disseminated M. avium infection in HIV patients. The study found that the likelihood of patients developing 2 consecutive negative cultures or 1 negative culture was similar for azithromycin 600 mg and clarithromycin. However, clarithromycin was associated with a higher relapse rate compared to azithromycin.

4. **Liposomal Gentamicin Therapy**: [1387133] mentions the use of TLC G-65 (a liposomal gentamicin preparation) in combination with other agents like rifapentine, clarithromycin, clofazimine, and ethambutol for treating M. avium infection in beige mice. The combination of TLC G-65 and rifapentine was found to be more active than either agent alone.

Therefore, the suggested therapy for Mycobacterium avium infection includes a combination of agents such as clarithromycin, ethambutol, and",2015,384,7.446881291922182,79.55840045293495,2.675000168,0.17956656346749228,0.8486468,0.5180425
Qwen2.5-3B-Instruct,4bit,517a8ce98ed59a060a000045,"Based on the information provided in the passages, the treatment of acute pericarditis can include:

1. **Aggressive Approach**: This involves a high index of suspicion, immediate echocardiograms, and pericardiocentesis for diagnosis. Antibiotic therapy is initiated based on the gram stain of the pericardial fluid.

2. **Subxyphoid Approach**: This approach involves establishing a pericardial window through a subxyphoid approach. Sump drains are left for postoperative suction and irrigation.

3. **Intrapericardial Urokinase Irrigation and Systemic Corticosteroids**: This is an alternative treatment for persistent fibrino-purulent pericarditis, involving intrapericardial irrigation of fibrinolytics and systemic corticosteroids administration.

4. **Steroids**: Adjuvant therapy with steroids significantly decreases the risk of constrictive pericarditis in patients with non-shaggy, but not shaggy, effusion.

5. **Hemophilus influenzae Type B**: For cases caused by H. influenzae type B, immediate antibiotic therapy is initiated based on the gram stain of the pericardial fluid.

6. **Hemophilus influenzae Type B and Meningococcus**: For cases caused by H. influenzae type B and meningococcus, a high index of suspicion, combined with immediate echocardiograms and pericardiocentesis, led to the diagnosis.

7. **Hemophilus influenzae Type B and Pneumococcus**: For cases caused by H. influenzae type B and pneumococcus, a high index of suspicion, combined with immediate echocardiograms and pericardiocentesis, led to the diagnosis.

8. **Hemophilus influenzae Type B and Staphylococcus",1480,384,6.771759540773928,80.76656798909511,2.675000168,0.10317460317460317,0.8784853,0.6389921
Qwen2.5-3B-Instruct,4bit,51485b9ad24251bc0500002b,"The clinical value of MammaPrint, as described in the passages, is significant for identifying breast cancer patients who are at low risk of developing metastases. Specifically:

1. In the study by [20110242], the 70-gene MammaPrint profile accurately identified Japanese breast cancer patients at low risk of developing recurrences. Specifically, 100% of the individuals in the low-risk category remained metastasis-free for the duration of the observation period.

2. In the study by [22553468], the 70-gene signature was found to be useful in elderly patients (60 years and older) to predict the need for adjuvant systemic treatment. It was particularly useful in the intermediate-risk subgroup, where the 70-gene signature could help decide whether elderly patients would benefit from adjuvant chemotherapy or not.

3. The study by [18515733] indicates that the MammaPrint assay has the advantage of being able to serve as both a prognostic test and a predictive test for certain hormonal and chemotherapeutic agents, demonstrating cost-effectiveness in one published study.

4. The study by [35740615] suggests that liquid biopsies, including MammaPrint, might be more suitable as an addition to digital mammography than as an alternative, especially when they can detect small, early-stage tumors with high specificity at low costs.

Therefore, MammaPrint is clinically valuable for identifying low-risk patients and guiding treatment decisions.",1912,321,6.979161292314529,75.91939555129291,2.675000168,0.09999999999999999,0.8697388,0.5551238
Qwen2.5-3B-Instruct,4bit,56b2863945561f0573000001,"enChIP, or engineered DNA-binding molecule-mediated chromatin immunoprecipitation, is a method for isolating specific genomic regions retaining molecular interactions. It involves using a catalytically inactive form of Cas9 (dCas9) fused to a tag, which is recognized by an antibody, to immunoprecipitate specific genomic regions. This method allows for the identification of associated proteins through techniques like mass spectrometry. [23942116]",1492,98,3.353772290982306,80.25095889176848,2.675000168,0.3764705882352941,0.94944966,0.60095716
Qwen2.5-3B-Instruct,4bit,5318a6b2b166e2b80600001f,"Aptamers may have clinical uses as inhibitors for targets such as vascular endothelial growth factor (VEGF) and thrombin. They are also being evaluated in clinical trials for diseases like cancer and macular degeneration. Additionally, they show potential in the treatment of HIV. Preclinical studies using aptamer-siRNA chimeras and aptamer targeted nanoparticle therapeutics have been successful in mouse models of cancer and HIV.",1130,88,2.72733849985525,77.29498579993424,2.715320468,0.22085889570552145,0.8956672,0.6403959
Llama-3.2-1B-Instruct,bf16,55031181e9bde69634000014,"Based on the passages, Hirschsprung disease is considered a multifactorial disorder. While there are genetic factors involved, including mutations in genes such as RET, EDNRB, and EDN3, the disease also exhibits complex inheritance patterns, including non-Mendelian inheritance and variable expression. The presence of modifier genes, such as GDNF, which can influence the severity of the disease, further supports the multifactorial nature of Hirschsprung disease.",1898,96,2.362258709035814,67.01383752762422,3.24648704,0.25396825396825395,0.9037531,0.5001296
Llama-3.2-1B-Instruct,bf16,532f062ad6d3ac6a34000027,"According to the passages, the effect of ivabradine in heart failure after myocardial infarction is that it can reduce the frequency of hospitalizations for heart failure and non-fatal myocardial infarction, and also reduce the risk of cardiovascular mortality.",1893,54,1.6664917916059494,68.08251680071965,3.24648704,0.15094339622641512,0.9020897,0.46195123
Llama-3.2-1B-Instruct,bf16,532624ae600967d132000005,"According to the passages, the outcomes of Renal sympathetic denervation (RSD) include:

- Significant reductions in blood pressure, with a mean fall of 32/12 mm Hg in the Symplicity HTN-2 trial.
- Decreases in renal norepinephrine spillover and renin activity.
- Increases in renal plasma flow.
- Clinically significant, sustained reductions in blood pressure, as measured by office-based systolic blood pressure from baseline to 6 months in the SYMPLICITY HTN-3 Trial.

Additionally, the passage mentions that the procedure is generally reserved for patients with truly uncontrolled resistant hypertension, and that new devices and ongoing clinical studies are being developed to further refine the technique.",1464,150,2.9213653337210417,67.22522989257611,3.24648704,0.12857142857142856,0.901989,0.6742288
Llama-3.2-1B-Instruct,bf16,54f49995d0d681a040000002,The EORTC QLQ-INFO25 questionnaire evaluates the information received by cancer patients.,2035,20,1.2284019999206066,69.7710723669351,3.24648704,0.2456140350877193,0.92859674,0.5245563
Llama-3.2-1B-Instruct,bf16,56bf3a79ef6e39474100000f,"According to the passages, there is no clear association between estrogen replacement therapy (ERT) and intracranial meningioma risk. The studies mentioned in the passages do not provide a definitive answer to this question. However, one study found a significant positive association between ERT use and increased risk of meningioma, while another study found no association.",2052,72,2.0483672921545804,65.8065081054285,3.24648704,0.30107526881720426,0.9420252,0.56500816
Llama-3.2-1B-Instruct,bf16,535d78137d100faa09000005,"Based on the provided passages, here is what is known about the effect of acupuncture in smoking cessation:

- Acupuncture has been used for smoking cessation, with some studies showing a positive effect.
- A randomized, sham-controlled trial found that acupuncture alone and in combination with education resulted in significant reductions in smoking and posttreatment cigarette consumption.
- A single-blind, placebo-controlled trial found that acupuncture and education, alone and in combination, significantly reduced smoking, but combined they showed a greater effect.
- A randomized controlled clinical trial found that auricular acupuncture was significantly more effective in helping volunteers to quit smoking than placebo treatment.
- A prospective, randomized, controlled trial found that auricular acupuncture was not more effective than sham acupuncture in smoking cessation.
- A descriptive study found that ear acupuncture was associated with a higher success rate in smoking cessation, with a one-year success rate of 41.1%.
- Acupuncture was found to be a competitive alternative to orthodox medicine withdrawal methods, with a one-year success rate of 41.1%.
- Acupuncture was found to be economical and without side effects, making it a viable option for smoking cessation.

Overall, the evidence suggests that acupuncture can be an effective tool for smoking cessation, particularly when used in combination with education and other treatments.",1655,256,4.788349458947778,63.98565721894131,3.24648704,0.12830188679245283,0.8989599,0.60988486
Llama-3.2-1B-Instruct,bf16,5322d9339b2d7acc7e000011,"The main results of PRKAR1A knockdown are:

1. Suppression of PRKAR1A expression enhances anti-proliferative and apoptotic effects of protein kinase inhibitors and chemotherapeutic drugs on cholangiocarcinoma cells.
2. PRKAR1A knockdown in combination with either sorafenib or 5-fluorouracil increased apoptotic effects on cholangiocarcinoma cells.
3. Selective inhibition of PRKAR1A appears to enhance the growth inhibitory effects of chemotherapeutic drugs as well as induce apoptotic cell death.
4. Clinical studies in cholangiocarcinoma patients now need to be conducted to further investigate the potential therapeutic benefits of PRKAR1A inhibition.",2009,156,3.344268875196576,66.38076600953242,3.24648704,0.13333333333333333,0.83516335,0.52346957
Llama-3.2-1B-Instruct,bf16,553fa2201d53b76422000005,"The passages do not directly mention the role of ERK1/2 proteins in craniosynostosis. However, they do mention that ERK1/2 signaling is linked to the regulation of osteogenesis, which is a process related to bone development and growth.

In the context of craniosynostosis, osteogenesis is a critical process that involves the formation of bone tissue. ERK1/2 signaling is involved in the regulation of osteogenesis, and reduced dosage of ERF (extracellular signal-related kinase 1/2) has been shown to cause complex craniosynostosis in humans and mice.

ERK1/2 signaling is a key pathway involved in the regulation of osteogenesis, and its dysregulation has been implicated in various bone-related disorders, including craniosynostosis. The passages suggest that ERK1/2 signaling is involved in the regulation of osteogenesis, and that its dysregulation can lead to complex craniosynostosis.

Therefore, the answer to the question is that ERK1/2 proteins play a role in the regulation of osteogenesis, and their dysregulation can contribute to the development of craniosynostosis.",2153,243,4.811120457947254,64.67122950991573,3.24648704,0.12206572769953052,0.8296472,0.67247856
Llama-3.2-1B-Instruct,bf16,550324d7e9bde6963400002f,"Based on the passages provided, the association between personality trait of neuroticism and risk for Alzheimer's disease is as follows:

- Higher levels of neuroticism are associated with an increased risk of Alzheimer's disease (AD) and a more rapid decline in global cognition.
- Neuroticism is related to the decline in episodic memory, working memory, and perceptual speed, but not in semantic memory or visuospatial ability.
- No component of neuroticism is related to the neuropathologic lesions most commonly associated with late-life dementia.
- The association between neuroticism and AD risk is independent of other personality traits, such as conscientiousness, openness, and agreeableness.

Therefore, the answer to the question is that higher levels of neuroticism are associated with an increased risk of Alzheimer's disease and a more rapid decline in global cognition.",1521,175,3.3102055843919516,67.70941529478793,3.24648704,0.24413145539906103,0.94511247,0.5533013
Llama-3.2-1B-Instruct,bf16,52f125332059c6d71c000007,"The mode of action of everolimus is not explicitly stated in the provided passages. However, based on the information provided, it appears that everolimus inhibits glycolysis in Panc-1 human pancreatic cancer cells, and it also affects the mTOR signaling pathway.",2146,56,1.8561035422608256,67.49949188396762,3.24648704,0.18918918918918917,0.82448727,0.46827036
Llama-3.2-1B-Instruct,bf16,54dcb29dc0bb8dce23000004,"According to the passages, the pathological condition of the heart known as hypertrophic cardiomyopathy (HCM) is characterized by myocyte hypertrophy resulting in thickening of the ventricular wall, myocyte disarray, interstitial and/or replacement fibrosis, decreased ventricular cavity volume, and diastolic dysfunction.",1383,65,1.6129014161415398,68.66941609779317,3.24648704,0.3815789473684211,0.9241698,0.5757613
Llama-3.2-1B-Instruct,bf16,533c388dc45e133714000008,The principle of the PAR-CLIP (Photoactivatable-Ribonucleoside-Enhanced Crosslinking and Immunoprecipitation) methodology is to identify the binding sites of RNA-binding proteins (RBPs) and microRNA-containing ribonucleoprotein complexes (miRNPs) by combining in vivo UV crosslinking with immunoprecipitation followed by the isolation of crosslinked RNA segments and cDNA sequencing.,2108,90,2.296392041258514,67.28516688383372,3.24648704,0.22429906542056074,0.9193114,0.5752717
Llama-3.2-1B-Instruct,bf16,56c3323a50c68dd416000009,"According to the passages, spastic diplegia is diagnosed through a combination of clinical evaluation, imaging studies (such as brain magnetic resonance imaging), and a diagnostic algorithm. The algorithm takes into account various factors, including motor function, intellectual functioning, and MRI patterns, to help physicians make an accurate diagnosis.",1499,62,1.641337082721293,66.31248022448491,3.24648704,0.2777777777777778,0.8799137,0.47592986
Llama-3.2-1B-Instruct,bf16,56cf413f3975bb303a000009,"Based on the passages provided, there is evidence to suggest that there is a genetic component for happiness. The passages mention that:

- Twin studies estimate that genetic factors account for 35-50% of the variance in human happiness [20440640]
- Genetic factors, including MAOA, are associated with happiness in women [22885141]
- Genetic endowments vary across different features of success, suggesting complex patterns of selection, reinforcement, and causation among genes and the environment [26060713]
- A genome-wide linkage scan of subjective happiness found a significant genetic component, with heritability estimated at 22% for males and 41% in females [20397744]

Overall, the passages suggest that genetics play a significant role in determining happiness, and that there is a genetic component to happiness that is not fully explained by environmental factors.",1508,173,3.3424751251004636,65.78385013479733,3.24648704,0.2650602409638554,0.9040625,0.48724854
Llama-3.2-1B-Instruct,bf16,56c1d848ef6e39474100002f,"According to the passages, a Tarlov cyst is a sacral perineural cyst, which is a type of nerve root cyst that arises between the covering layer of the perineurium and the endoneurium near the dorsal root ganglion.",1262,52,1.3556892089545727,68.87259488230623,3.24648704,0.47222222222222227,0.96793497,0.41079596
Llama-3.2-1B-Instruct,bf16,53312464d6d3ac6a3400003a,"According to the passages, the extracellular core ""matrisome"" refers to the ensemble of ECM proteins and associated factors that are predicted by a bioinformatic approach. It is a complex meshwork of cross-linked proteins that provide both biophysical and biochemical cues to regulate cell proliferation, survival, differentiation, and migration.",1519,65,1.6576744578778744,68.0645733674375,3.24648704,0.2823529411764706,0.8835388,0.5228517
Llama-3.2-1B-Instruct,bf16,56b3efc38525abca1e000006,Genomicus is a database and online tool that allows easy comparative genomic visualization in >150 eukaryote genomes. It provides a way to explore spatial information related to gene organization within and between genomes and temporal relationships related to gene and genome evolution.,1394,51,1.4041601670905948,68.49940250034714,3.24648704,0.4,0.9075444,0.65705955
Llama-3.2-1B-Instruct,bf16,56ae35bc0a360a5e45000007,The COUGER tool is an interactive web implementation of a classification-based framework for identifying protein co-factors that might provide specificity to paralogous TFs (transcription factors).,1308,37,1.1644136658869684,69.2424170884575,3.24648704,0.20689655172413793,0.75353503,0.7101382
Llama-3.2-1B-Instruct,bf16,54fc97b86ad7dcbc12000002,"Based on the passages provided, here is what is known about the clinical efficacy of ceftriaxone for treatment of amyotrophic lateral sclerosis (ALS):

- A multi-stage, randomised, double-blind, placebo-controlled trial was conducted to assess the safety and efficacy of ceftriaxone for ALS. [25297012]
- In stage 3 of the trial, 340 participants were randomly allocated to ceftriaxone (4g/day) or placebo. The results showed that in stage 3, functional decline between the treatment groups did not differ, and no significant differences in survival were recorded. [25297012]
- However, gastrointestinal and hepatobiliary adverse events were more common in the ceftriaxone group than in the placebo group. [25297012]
- The adaptive design allowed for seamless transition from one phase to another, and central venous catheter use in the home setting was shown to be feasible. [25297012]
- A Phase 3 clinical trial of ceftriaxone in ALS was conducted, but the results did not show clinical efficacy. [25297012]
- A Phase 1, 2, and 3 clinical trial was conducted to assess the safety and efficacy of ceftriaxone for ALS, but the results did not show clinical efficacy. [25297012]
- A Phase 2 clinical trial was conducted to evaluate the efficacy of ceftriaxone in ALS, but the results were not reported. [25297012]
- A Phase 3 clinical trial was conducted to evaluate the efficacy of ceftriaxone in ALS, but the results did not show clinical efficacy. [25297012]
- A Phase 1, 2, and 3 clinical trial was conducted to evaluate the safety and efficacy of ceftriaxone for ALS",2064,384,6.800104208290577,65.7230043148776,3.24648704,0.1577287066246057,0.9017093,0.37281036
Llama-3.2-1B-Instruct,bf16,56f112932ac5ed145900000d,"According to the passages, RNA sponges are primarily used to sequester and regulate cellular noncoding RNA molecules, which can include regulatory RNAs, microRNAs, and other types of RNA molecules.",1204,43,1.2319023753516376,66.42150788024641,3.24648704,0.15151515151515152,0.8240067,0.543002
Llama-3.2-1B-Instruct,bf16,51659356298dcd4e5100005a,"According to the passages, histone methyltransferases (HMTs) cause histone modification by catalyzing the methylation of specific arginines or lysines in histones H3 and H4. This methylation can function individually or combinatorially to regulate various processes such as transcription, replication, DNA repair, and apoptosis. The specific methylation sites and mechanisms of HMTs can vary depending on the type of HMT and the specific histone modification being targeted.",1837,99,2.3364583333022892,66.09877180052472,3.24648704,0.20540540540540542,0.93393207,0.63626254
Llama-3.2-1B-Instruct,bf16,57169662cb4ef8864c000008,"According to the passages, 6SRNA (also known as 6S RNA) in bacteria is involved in the regulation of transcription, specifically in the transition from exponential to stationary phase. It acts as a template for the transcription of defined RNA molecules in the absence of DNA, and it interferes with sigma(70)-dependent transcription, which is a characteristic feature of stationary-phase-specific promoters. Additionally, 6SRNA is involved in the activation of sigma(S)-dependent transcription at several promoters.",1356,101,2.206364208832383,64.9006201193115,3.24648704,0.152046783625731,0.82454616,0.6281587
Llama-3.2-1B-Instruct,bf16,511979b04eab811676000003,"According to the passages, gene fusion events can be used to infer functional associations between genes and proteins. The method described in [23220349] involves identifying gene fusion events and analyzing the resulting protein interactions to infer functional associations. The ""guilt by association"" principle is used, where two proteins that are transcribed by a single transcript in one genome are likely to be functionally linked. This method is used to study genes that exhibit no or only remote homologies with already well-characterized proteins.",1494,101,2.3291782080195844,62.63626907444824,3.24648704,0.22110552763819094,0.9121015,0.6445158
Llama-3.2-1B-Instruct,bf16,56a7d5afa17756b72f000002,"According to the passages, the Genomic Regions Enrichment of Annotations Tool (GREAT) is a tool developed to analyze the functional significance of cis-regulatory regions identified by localized measurements of DNA binding events across an entire genome.",1294,47,1.374194084201008,66.93272022200767,3.24648704,0.2914572864321608,0.9559995,0.69444174
Llama-3.2-1B-Instruct,bf16,53188c12b166e2b80600001a,"The passages do not provide a clear answer to the question of what is the role of RhoA in bladder cancer. However, they do mention that RhoA is associated with invasion and metastasis of bladder cancer, and that high expression of RhoA is correlated with poor tumor differentiation, muscle invasion, and lymph node metastasis. Additionally, RhoA is involved in the invasion/migration of bladder cancer cells, and its inhibition may have therapeutic potential in bladder cancer.",2154,97,2.487626875285059,65.13738741871802,3.24648704,0.24347826086956523,0.9139197,0.6086775
Llama-3.2-1B-Instruct,bf16,5710ade4cf1c32585100002c,"Based on the passages, the suggested therapy for Mycobacterium avium infection is a combination of antimicrobial agents, including:

1. Rifampin
2. Ciprofloxacin
3. Clofazimine
4. Ethambutol
5. Azithromycin
6. Clarithromycin
7. Amikacin (in some cases)

The specific treatment regimen may vary depending on the patient's condition, the severity of the infection, and the patient's response to treatment.",1930,107,2.5831989999860525,65.3904727882877,3.258431576,0.17142857142857143,0.82107806,0.5097601
Llama-3.2-1B-Instruct,bf16,517a8ce98ed59a060a000045,"The treatment of acute pericarditis is not explicitly mentioned in the provided passages. However, based on the information provided, the following treatment approaches are discussed:

1. Immediate antibiotic therapy: The passage mentions that immediate antibiotic therapy was instituted based on the gram stain of the pericardial fluid.
2. Echocardiograms and pericardiocentesis: A high index of suspicion, combined with these diagnostic tests, led to the diagnosis of acute pericarditis.
3. Pericardial window: The passage mentions that all five patients had a pericardial window established, which is a surgical procedure to drain the pericardial fluid.
4. Subxyphoid approach: The passage also mentions that the subxyphoid approach was used, which is a surgical procedure to drain the pericardial fluid.
5. Systemic corticosteroids: The passage mentions that systemic corticosteroids were administered as an alternative to pericardectomy for persistent fibrino-purulent pericarditis.
6. Intrapericardial urokinase irrigation and systemic corticosteroids: This is an alternative treatment approach mentioned in another passage.
7. Parenteral administration of antibiotics: The passage mentions that appropriate parenterally administered antibiotics were used in combination with early surgical pericardial drainage or partial pericardiectomy to minimize morbidity and mortality and prevent acute constrictive sequelae.

It is essential to note that the treatment of acute pericarditis may vary depending on the underlying cause, severity, and patient-specific factors. A comprehensive treatment plan should be tailored to the individual patient's needs.",1441,337,5.80728004174307,66.29709968171005,3.258431576,0.09848484848484848,0.8739089,0.64458084
Llama-3.2-1B-Instruct,bf16,51485b9ad24251bc0500002b,"The clinical value of MammaPrint is that it accurately identifies Japanese breast cancer patients at low risk of developing metastases, with a 100% probability of distant metastasis-free survival at five years for the low-risk group and a 94% probability for the high-risk group.",1819,57,1.789894458372146,63.997967098630774,3.258431576,0.18604651162790697,0.85954595,0.4964692
Llama-3.2-1B-Instruct,bf16,56b2863945561f0573000001,"EnChIP (engineered DNA-binding molecule-mediated chromatin immunoprecipitation) is a method for isolating specific genomic regions retaining molecular interactions. It uses a combination of engineered DNA-binding molecules, such as dCas9, and antibodies to specifically target and immunoprecipitate the desired genomic regions. This method allows for the efficient and convenient purification of specific genomic regions, retaining molecular interactions, and is useful for biochemical analysis of chromatin structure and associated proteins.",1461,96,2.1205741250887513,66.67282660058359,3.258431576,0.34444444444444444,0.9563017,0.5912744
Llama-3.2-1B-Instruct,bf16,5318a6b2b166e2b80600001f,"According to the passages, aptamers may have several clinical uses, including:

1. Inhibiting targets such as vascular endothelial growth factor (VEGF) and thrombin for diseases like cancer, HIV, and macular degeneration.
2. Preventing and treating thrombotic disorders, such as age-related macular degeneration.
3. Regulating and modifying proteins, such as kinases, cellular receptors, and signalling proteins, for diagnosis or therapy.
4. Alleviating blood clotting and treating AIDS.
5. Phenotyping cells, such as CD4 cells, for multicolored cell phenotyping.

These are the specific clinical uses mentioned in the passages.",1108,138,2.6239182502031326,66.80129926109309,3.258431576,0.21276595744680854,0.90049326,0.6502917
Llama-3.2-1B-Instruct,8bit,55031181e9bde69634000014,"Based on the passages, Hirschsprung disease is considered a multifactorial disorder. While there are genetic factors involved, such as mutations in the RET gene, the disease also exhibits complex inheritance patterns, including non-Mendelian inheritance and variable expression. The passages mention that the disease has a skewed sex ratio, incomplete penetrance, and sex-dependent effects, which are characteristics of multifactorial disorders. Additionally, the study of the molecular bases of HSCR is ongoing, and it is likely that the disease will be found to be a complex disorder with multiple genetic and environmental factors contributing to its development.",1898,122,1.9688639589585364,106.51195849246625,2.1034412,0.189873417721519,0.8452046,0.5217991
Llama-3.2-1B-Instruct,8bit,532f062ad6d3ac6a34000027,"According to the passages, the effect of ivabradine in heart failure after myocardial infarction is that it can significantly reduce the frequency of hospitalizations for heart failure, recurrent non-fatal myocardial infarction, and fatal cardiovascular events.",1893,52,1.3179418342188,106.52688893323256,2.1034412,0.1282051282051282,0.8970338,0.45870394
Llama-3.2-1B-Instruct,8bit,532624ae600967d132000005,"According to the passages, the outcomes of Renal sympathetic denervation (RSD) include:

- Significant reductions in blood pressure, with a mean fall of 32/12 mm Hg in the Symplicity HTN-2 trial.
- Decreases in renal norepinephrine spillover and renin activity.
- Increases in renal plasma flow.
- Clinically significant, sustained reductions in blood pressure, as measured by office-based systolic blood pressure from baseline to 6 months in the SYMPLICITY HTN-3 Trial.

Additionally, the passage mentions that the procedure has been shown to be safe, with minimal complication rates.",1464,133,1.8558019157499075,110.84295509124831,2.1034412,0.14516129032258066,0.90274775,0.6748303
Llama-3.2-1B-Instruct,8bit,54f49995d0d681a040000002,The EORTC QLQ-INFO25 questionnaire evaluates the information received by cancer patients.,2035,20,1.093953417148441,108.85131239757334,2.130884696,0.2456140350877193,0.92859674,0.5245563
Llama-3.2-1B-Instruct,8bit,56bf3a79ef6e39474100000f,"According to the passages, there is no clear association between estrogen replacement therapy (ERT) and intracranial meningioma risk. The studies mentioned in the passages do not provide a definitive answer to this question. However, one study found a significant positive association between ERT use and increased risk of meningioma, while another study found no association.",2052,72,1.5964841251261532,108.0399679736687,2.130884696,0.30107526881720426,0.9420252,0.56500816
Llama-3.2-1B-Instruct,8bit,535d78137d100faa09000005,"Based on the passages provided, here is what is known about the effect of acupuncture in smoking cessation:

- Acupuncture has been used for smoking cessation, with some studies showing a positive effect.
- A randomized, sham-controlled trial found that acupuncture alone and in combination with education resulted in significant reductions in smoking and posttreatment cigarette consumption.
- A single-blind, placebo-controlled trial found that acupuncture and education, alone and in combination, significantly reduced smoking, but combined they showed a greater effect.
- A randomized controlled clinical trial found that auricular acupuncture was significantly more effective in helping volunteers to quit smoking than placebo treatment.
- A prospective, randomized, controlled trial found that auricular acupuncture was not more effective than sham acupuncture in smoking cessation.
- A descriptive study found that smoking cessation was associated with favorable conditions, such as a younger age at smoking start and a non-smoker household, and that acupuncture was a competitive alternative to orthodox medicine withdrawal methods.

Overall, it appears that acupuncture has a positive effect on smoking cessation, but the evidence is not conclusive, and more research is needed to fully understand its effectiveness.",1655,222,2.815818749833852,107.49487650944859,2.130884696,0.125,0.8837173,0.6173767
Llama-3.2-1B-Instruct,8bit,5322d9339b2d7acc7e000011,"The main results of PRKAR1A knockdown are:

1. Suppression of PRKAR1A expression enhances anti-proliferative and apoptotic effects of protein kinase inhibitors and chemotherapeutic drugs on cholangiocarcinoma cells.
2. PRKAR1A knockdown in combination with either sorafenib or 5-fluorouracil increased apoptotic effects on cholangiocarcinoma cells.
3. Selective inhibition of PRKAR1A appears to enhance the growth inhibitory effects of chemotherapeutic drugs as well as induce apoptotic cell death.
4. Clinical studies in cholangiocarcinoma patients now need to be conducted to further investigate the potential therapeutic benefits of PRKAR1A inhibition.",2009,156,2.3705320842564106,106.05539478326759,2.130884696,0.13333333333333333,0.83516335,0.52346957
Llama-3.2-1B-Instruct,8bit,553fa2201d53b76422000005,"According to the passages, ERK1/2 proteins play a role in craniosynostosis, a condition characterized by premature fusion of the cranial sutures. The passages mention that reduced dosage of ERF (extracellular signal-related kinase 1/2) causes complex craniosynostosis in humans and mice, and that ERF binds preferentially to elements away from promoters that contain RUNX or AP-1 motifs. This suggests that ERF may be involved in regulating osteogenesis (bone formation) and potentially contributing to the development of craniosynostosis.

Additionally, the passages mention that FGFR-associated craniosynostosis syndromes and gastrointestinal defects are linked to FGFR mutations, and that the incidence of intestinal/bowel malrotation (IM) is higher in patients with FGFR-associated craniosynostosis syndromes. This suggests that ERK1/2 may play a role in regulating gene expression and cellular differentiation in the context of FGFR mutations.

However, the passages do not provide a direct link between ERK1/2 and craniosynostosis. The question seems to be asking for a more specific answer, and the passages do not provide enough information to determine the exact role of ERK1/2 in craniosynostosis.",2153,263,3.4712987919338048,105.56207618548198,2.130884696,0.14096916299559473,0.8841146,0.68458533
Llama-3.2-1B-Instruct,8bit,550324d7e9bde6963400002f,"Based on the passages provided, the association between personality trait of neuroticism and risk for Alzheimer's disease is as follows:

- Higher levels of neuroticism are associated with an increased risk of Alzheimer's disease (AD) and a more rapid decline in global cognition.
- Neuroticism is related to the decline in episodic memory, working memory, and perceptual speed, but not in semantic memory or visuospatial ability.
- No component of neuroticism is related to the neuropathologic lesions most commonly associated with late-life dementia.
- Individuals with scores in the top quartile of neuroticism (hazard ratio = 3.1; 95% confidence interval = 1.6-6.0) or the lowest quartile of conscientiousness (hazard ratio = 3.3; 95% confidence interval = 1.4-7.4) had a threefold increased risk of incident AD.

Therefore, the answer to the question is that higher levels of neuroticism are associated with an increased risk of Alzheimer's disease, and this association is mainly reflected in vulnerability to stress and anxiety.",1521,232,2.8187504587695003,109.56522088592592,2.130884696,0.2222222222222222,0.9452142,0.5631866
Llama-3.2-1B-Instruct,8bit,52f125332059c6d71c000007,"The mode of action of everolimus is not explicitly stated in the provided passages. However, based on the information provided, it appears that everolimus inhibits glycolysis in Panc-1 human pancreatic cancer cells, and it also affects the mTOR signaling pathway.",2146,56,1.4992961250245571,107.29036438928502,2.130884696,0.18918918918918917,0.82448727,0.46827036
Llama-3.2-1B-Instruct,8bit,54dcb29dc0bb8dce23000004,"According to the passages, the pathological condition of the heart known as hypertrophic cardiomyopathy (HCM) is characterized by myocyte hypertrophy resulting in thickening of the ventricular wall, myocyte disarray, interstitial and/or replacement fibrosis, decreased ventricular cavity volume, and diastolic dysfunction.",1383,65,1.23791708284989,110.39746696650116,2.130884696,0.3815789473684211,0.9241698,0.5757613
Llama-3.2-1B-Instruct,8bit,533c388dc45e133714000008,The principle of the PAR-CLIP (Photoactivatable-Ribonucleoside-Enhanced Crosslinking and Immunoprecipitation) methodology is to identify the binding sites of RNA-binding proteins (RBPs) and microRNA-containing ribonucleoprotein complexes (miRNPs) by combining in vivo UV crosslinking with immunoprecipitation followed by the isolation of crosslinked RNA segments and cDNA sequencing.,2108,90,1.7858436247333884,106.61158140695551,2.130884696,0.22429906542056074,0.9193114,0.5752717
Llama-3.2-1B-Instruct,8bit,56c3323a50c68dd416000009,"According to the passages, spastic diplegia is diagnosed through a combination of clinical evaluation, imaging studies (such as brain magnetic resonance imaging), and a diagnostic algorithm. The algorithm takes into account various factors, including the presence of severe motor dysfunction, intellectual disability, and abnormal MRI findings. Additionally, the passage mentions that brain magnetic resonance imaging and motor and intellectual functioning in patients born at term with spastic diplegia are analyzed retrospectively to provide a more comprehensive understanding of the condition.",1499,99,1.5911815417930484,109.8269919881872,2.130884696,0.2285714285714286,0.8725711,0.47724885
Llama-3.2-1B-Instruct,8bit,56cf413f3975bb303a000009,"Based on the passages provided, there is evidence to suggest that there is a genetic component for happiness. The passages mention that:

* Twin studies estimate that genetic factors account for 35-50% of the variance in human happiness [20440640]
* The MAOA gene is associated with happiness in women [22885141]
* Genetic factors, including those related to brain and neurotransmitters, play a role in controlling happiness [26060713]
* Heritability of happiness is estimated to be around 22% for males and 41% for females [20397744]
* Genome-wide linkage studies have identified genetic regions contributing to the heritability of happiness [20397744]

Overall, the passages suggest that genetics play a significant role in determining happiness, and that there is a genetic component for happiness.",1508,165,2.196181708946824,110.15964575406298,2.130884696,0.2802547770700637,0.9069824,0.49389467
Llama-3.2-1B-Instruct,8bit,56c1d848ef6e39474100002f,"According to the passages, a Tarlov cyst is a sacral perineural cyst, which is a type of nerve root cyst that arises between the covering layer of the perineurium and the endoneurium near the dorsal root ganglion.",1262,52,1.0638406248763204,112.46030433829013,2.130884696,0.47222222222222227,0.96793497,0.41079596
Llama-3.2-1B-Instruct,8bit,53312464d6d3ac6a3400003a,"According to the passages, the extracellular core ""matrisome"" refers to the ensemble of ECM proteins and associated factors that are predicted by a bioinformatic approach. It is a complex meshwork of cross-linked proteins that provide both biophysical and biochemical cues to regulate cell proliferation, survival, differentiation, and migration.",1519,65,1.2815648750402033,111.25613222128135,2.130884696,0.2823529411764706,0.8835388,0.5228517
Llama-3.2-1B-Instruct,8bit,56b3efc38525abca1e000006,Genomicus is a database and online tool that allows easy comparative genomic visualization in >150 eukaryote genomes. It provides a way to explore spatial information related to gene organization within and between genomes and temporal relationships related to gene and genome evolution.,1394,51,1.1054040417075157,111.25386491642159,2.130884696,0.4,0.9075444,0.65705955
Llama-3.2-1B-Instruct,8bit,56ae35bc0a360a5e45000007,The COUGER tool is an interactive web implementation of a classification-based framework for identifying protein co-factors that might provide specificity to paralogous TFs (transcription factors).,1308,37,0.9359047501347959,112.25454269475794,2.130884696,0.20689655172413793,0.75353503,0.7101382
Llama-3.2-1B-Instruct,8bit,54fc97b86ad7dcbc12000002,"Based on the passages provided, here is what is known about the clinical efficacy of ceftriaxone for treatment of amyotrophic lateral sclerosis (ALS):

- A multi-stage, randomised, double-blind, placebo-controlled trial was conducted to assess the safety and efficacy of ceftriaxone for ALS. [25297012]
- In stage 3 of the trial, 340 participants were randomly allocated to ceftriaxone (4g/day) or placebo. The results showed that in stage 3, functional decline between the treatment groups did not differ, and no significant differences in survival were recorded. [25297012]
- However, gastrointestinal and hepatobiliary adverse events were more common in the ceftriaxone group than in the placebo group. [25297012]
- The adaptive design allowed for seamless transition from one phase to another, and central venous catheter use in the home setting was shown to be feasible. [25297012]
- A Phase 3 clinical trial of ceftriaxone in ALS was conducted, but the results did not show clinical efficacy. [25297012]
- A Phase 1, 2, and 3 clinical trial was conducted to assess the safety and efficacy of ceftriaxone for ALS, but the results did not show clinical efficacy. [25297012]
- A Phase 2 clinical trial was conducted to evaluate the efficacy of ceftriaxone in ALS, but the results were not reported. [25297012]
- A Phase 3 clinical trial was conducted to evaluate the efficacy of ceftriaxone in ALS, but the results did not show clinical efficacy. [25297012]
- A Phase 1, 2, and 3 clinical trial was conducted to evaluate the pharmacokinetics and tolerability of ceftriax",2064,384,4.5862230830825865,105.46758446521808,2.130884696,0.1523809523809524,0.9022137,0.37101507
Llama-3.2-1B-Instruct,8bit,56f112932ac5ed145900000d,"According to the passages, RNA sponges are primarily used to sequester and regulate cellular noncoding RNA molecules, which can include regulatory RNAs, microRNAs, and other types of RNA molecules.",1204,43,0.9625769997946918,114.79832746094667,2.130884696,0.15151515151515152,0.8240067,0.543002
Llama-3.2-1B-Instruct,8bit,51659356298dcd4e5100005a,"According to the passages, histone methyltransferases (HMTs) cause histone modification by catalyzing the methylation of specific arginines or lysines in histones H3 and H4. These modifications can function individually or combinatorially to regulate various processes such as transcription, replication, DNA repair, and apoptosis. The specific methylation sites and types of modifications can vary depending on the HMT family and the type of histone being methylated.",1837,96,1.7151864161714911,108.84833501650557,2.130884696,0.20652173913043478,0.9300839,0.63444805
Llama-3.2-1B-Instruct,8bit,57169662cb4ef8864c000008,"According to the passages, 6SRNA (also known as 6S RNA) is a non-coding RNA (ncRNA) that plays a role in regulating transcription in bacteria, particularly during stationary phase. It is involved in the release of active RNA polymerase from the 6S RNA complex, which is necessary for transcription to occur. Additionally, 6SRNA is involved in the regulation of sigma(70) and sigma(S) activities, which are essential for transcription initiation.",1356,100,1.5750261251814663,109.88729213406752,2.130884696,0.1951219512195122,0.8450565,0.61327136
Llama-3.2-1B-Instruct,8bit,511979b04eab811676000003,"According to the passages, gene fusion events can be used to infer functional associations between genes and proteins. The method described in [23220349] involves identifying gene fusion events and analyzing the resulting protein interactions to infer functional associations. The ""guilt by association"" principle is used, where two proteins that are transcribed by a single transcript in one genome are likely to be functionally linked. This method is used to study genes that exhibit no or only remote homologies with already well-characterized proteins.",1494,101,1.6488216249272227,109.87534098399186,2.130884696,0.22110552763819094,0.9121015,0.6445158
Llama-3.2-1B-Instruct,8bit,56a7d5afa17756b72f000002,"According to the passages, the Genomic Regions Enrichment of Annotations Tool (GREAT) is a tool developed to analyze the functional significance of cis-regulatory regions identified by localized measurements of DNA binding events across an entire genome. It incorporates annotations from 20 ontologies and is available as a web application.",1294,63,1.1845048749819398,116.28769964340358,2.130884696,0.38679245283018865,0.9729798,0.7094884
Llama-3.2-1B-Instruct,8bit,53188c12b166e2b80600001a,"The passages do not provide a clear answer to the question of what the role of RhoA is in bladder cancer. However, they do mention that RhoA is involved in the invasion and metastasis of bladder cancer, and that high expression of RhoA is associated with poor tumor differentiation, muscle invasion, and lymph node metastasis. Additionally, RhoA is involved in the activation of other proteins, such as Ras and NF-kappaB, which are also implicated in bladder cancer progression.",2154,102,1.9573019170202315,106.00074190679928,2.130884696,0.2711864406779661,0.9178599,0.6248416
Llama-3.2-1B-Instruct,8bit,5710ade4cf1c32585100002c,"Based on the passages, the suggested therapy for Mycobacterium avium infection is a combination of antimicrobial agents, including:

1. Phage therapy (e.g., TM4 phage) delivered by a nonvirulent mycobacterium (e.g., M. smegmatis).
2. Azithromycin and clarithromycin in combination with ethambutol for the treatment of disseminated M. avium disease in patients infected with HIV.
3. TLC G-65 in combination with other agents in the therapy of M. avium infection in beige mice.

However, it's worth noting that the effectiveness of these treatments was not consistently demonstrated in the studies mentioned, and the results may not be generalizable to all patients with M. avium infection.",1930,160,2.387127500027418,108.01129933541525,2.130884696,0.24215246636771298,0.82247233,0.5323533
Llama-3.2-1B-Instruct,8bit,517a8ce98ed59a060a000045,"The treatment of acute pericarditis is not explicitly stated in the provided passages. However, based on the information provided, the following treatment approaches are mentioned:

- Immediate antibiotic therapy was instituted on the basis of the gram stain of the pericardial fluid.
- A high index of suspicion, combined with immediate echocardiograms and pericardiocentesis, led to the diagnosis.
- The subxyphoid approach was used for pericardial drainage, and sump drains were left for postoperative suction and irrigation.
- The subxyphoid approach was successful in establishing a pericardial window in all five patients.
- Intrapericardial urokinase irrigation and systemic corticosteroids were used as an alternative to pericardectomy for persistent fibrino-purulent pericarditis.
- Combined intrapericardial irrigation of fibrinolytics and systemic corticosteroids administration was used as an alternative to pericardectomy for non-resolving fibrino-purulent pericardial effusion.
- Prednisolone (20-30 mg/d) was used in addition to antituberculous chemotherapy in patients with effusive pericarditis.
- Adjuvant therapy with steroids significantly decreased the risk of constrictive pericarditis in patients with non-shaggy, but not shaggy, effusion.

It is essential to note that the treatment of acute pericarditis may vary depending on the underlying cause, severity, and patient-specific factors. A comprehensive evaluation and diagnosis by a healthcare professional are necessary to determine the best course of treatment.",1441,334,3.6613300843164325,112.08890755972415,2.130884696,0.13821138211382114,0.89895934,0.64410233
Llama-3.2-1B-Instruct,8bit,51485b9ad24251bc0500002b,"The clinical value of MammaPrint is that it accurately identifies Japanese breast cancer patients at low risk of developing metastases, with a 100% probability of distant metastasis-free survival at five years for the low-risk group and a 94% probability for the high-risk group.",1819,57,1.3547183750197291,110.4570443205142,2.130884696,0.18604651162790697,0.85954595,0.4964692
Llama-3.2-1B-Instruct,8bit,56b2863945561f0573000001,"EnChIP (engineered DNA-binding molecule-mediated chromatin immunoprecipitation) is a method for isolating specific genomic regions retaining molecular interactions. It uses a combination of engineered DNA-binding molecules, such as dCas9, and antibodies to specifically target and immunoprecipitate the desired genomic regions. This allows for the identification of associated proteins and the analysis of molecular interactions in specific genomic regions.",1461,83,1.425145334098488,114.15044302518616,2.130884696,0.3647058823529411,0.9487812,0.5876285
Llama-3.2-1B-Instruct,8bit,5318a6b2b166e2b80600001f,"According to the passages, aptamers may have several clinical uses, including:

1. Inhibiting targets such as vascular endothelial growth factor (VEGF) and thrombin for diseases like cancer, HIV, and macular degeneration.
2. Preventing and treating thrombotic disorders, such as age-related macular degeneration.
3. Regulating and modifying proteins, such as kinases, cellular receptors, and signalling proteins, for diagnosis or therapy.
4. Alleviating blood clotting and treating AIDS.
5. Phenotyping cells, such as CD4 cells, for multicolored cell phenotyping.

These are the specific clinical uses mentioned in the passages.",1108,138,1.753418541047722,117.27665333084971,2.14810434,0.21276595744680854,0.90049326,0.6502917
Llama-3.2-1B-Instruct,4bit,55031181e9bde69634000014,"Based on the passages, Hirschsprung disease is considered a multifactorial disorder. While there is evidence of a genetic component, the genetic factors are not fully understood and are likely to be complex. The passages do not provide sufficient evidence to support the idea that Hirschsprung disease is a mendelian disorder, where a single gene is responsible for the disease. Instead, they suggest that the disease is likely to be a multifactorial disorder, where multiple genes and genetic variations contribute to the development of the disease.",1898,106,1.4338989579118788,183.861950897183,1.511241372,0.1917808219178082,0.82998544,0.46883178
Llama-3.2-1B-Instruct,4bit,532f062ad6d3ac6a34000027,The effect of ivabradine in heart failure after myocardial infarction is that it significantly reduces heart rate (HR) and decreases the frequency of hospitalizations for non-fatal myocardial infarction (MI) and recurrent non-fatal MI.,1893,53,1.1701182080432773,170.79572981598452,1.511241372,0.16774193548387098,0.90642357,0.47577137
Llama-3.2-1B-Instruct,4bit,532624ae600967d132000005,"Based on the passages, the outcomes of Renal sympathetic denervation (RSD) are:

1. Significant reductions in blood pressure: Studies have shown that RSD can produce dramatic blood pressure reductions, such as a 32/12 mm Hg fall in blood pressure at 6 months in patients who received the treatment (Symplicity HTN-2 trial).
2. Decreases in systolic and diastolic blood pressure: Studies have observed significant decreases in systolic and diastolic blood pressure after RSD (Symplicity HTN-2 trial, Symplicity HTN-3 trial).
3. Increased renal plasma flow: Studies have shown that RSD can increase renal plasma flow (Symplicity HTN-3 trial).
4. Reduced heart rate: Studies have observed that RSD can reduce heart rate (Symplicity HTN-3 trial).
5. Improved cardiovascular outcomes: Studies have suggested that RSD can improve cardiovascular outcomes, such as reduced risk of cardiovascular events (Symplicity HTN-3 trial).

It's worth noting that the safety of RSD is also a concern, and more data is needed to fully understand its effects.",1464,239,1.984431582968682,182.5005690066888,1.55783736,0.1492537313432836,0.92121744,0.69261205
Llama-3.2-1B-Instruct,4bit,54f49995d0d681a040000002,The EORTC QLQ-INFO25 questionnaire evaluates the information received by cancer patients.,2035,20,1.035835875198245,175.65630525419533,1.55783736,0.2456140350877193,0.92859674,0.5245563
Llama-3.2-1B-Instruct,4bit,56bf3a79ef6e39474100000f,"The association between estrogen replacement therapy (ERT) and intracranial meningioma risk is not definitively established. 

According to the study [23101448], there was no association between ERT and meningioma risk. However, the study also found that women who reported breastfeeding for at least 6 months were at reduced risk of meningioma (OR 0.78, 95% CI 0.63-0.96).",2052,93,1.4386404999531806,178.6316956342489,1.55783736,0.3092783505154639,0.93363595,0.56167936
Llama-3.2-1B-Instruct,4bit,535d78137d100faa09000005,"Based on the passages provided, here's a concise answer to the biomedical question:

The effect of acupuncture in smoking cessation is not well established. While some studies suggest that acupuncture may help with smoking cessation, others have found no significant difference between acupuncture and sham acupuncture (a non-acupuncture treatment). Additionally, the success rate of smoking cessation is not significantly higher with acupuncture than with sham acupuncture. Some studies have reported a slight increase in smoking cessation rates with acupuncture, but this is not consistently observed across all studies. Therefore, the current evidence does not support the use of acupuncture as a primary treatment for smoking cessation.",1655,122,1.4108300833031535,186.79139833416394,1.579432036,0.17391304347826086,0.8289062,0.60427785
Llama-3.2-1B-Instruct,4bit,5322d9339b2d7acc7e000011,"The main results of PRKAR1A knockdown are:

1. Suppression of PRKAR1A expression enhances anti-proliferative and apoptotic effects of protein kinase inhibitors and chemotherapeutic drugs on cholangiocarcinoma cells.
2. PRKAR1A suppression in combination with either sorafenib or 5-fluorouracil increases apoptotic effects on cholangiocarcinoma cells.
3. Selective inhibition of PRKAR1A appears to enhance the growth inhibitory effects of chemotherapeutic drugs as well as induce apoptotic cell death.
4. Clinical studies in cholangiocarcinoma patients now need to be conducted.

These results suggest that suppressing PRKAR1A expression can enhance the effectiveness of protein kinase inhibitors and chemotherapeutic drugs, and also induce apoptotic cell death in cholangiocarcinoma cells.",2009,182,1.9412042498588562,177.08644145153437,1.579432036,0.17105263157894737,0.85086673,0.5246602
Llama-3.2-1B-Instruct,4bit,553fa2201d53b76422000005,"According to the passages, ERK1/2 proteins play a role in craniosynostosis. 

Specifically, the passages state that:

- Reduced dosage of ERF (a transcription factor) causes complex craniosynostosis in humans and mice.
- ERK1/2 signaling is linked to regulation of osteogenesis (bone formation).
- ERK1/2 proteins are involved in the regulation of osteogenic stimulation by RAS-ERK signaling.
- ERK1/2 proteins are involved in the regulation of gene expression.
- ERK1/2 proteins are involved in the regulation of transcription factors that are regulated by MAP kinase phosphorylation.

Additionally, the passages also mention that:

- FGFR-associated craniosynostosis syndromes and gastrointestinal defects.
- FGFR mutations are associated with gastrointestinal malformations.
- The study of FGFR mutations in mice models shows an increased incidence of intestinal/bowel malrotation (IM) and cecal displacement.
- The study of FGFR mutations in mice models also shows an increased incidence of intestinal/bowel malrotation (IM) and cecal displacement.

Therefore, the role of ERK1/2 proteins in craniosynostosis is to regulate osteogenic stimulation by RAS-ERK signaling, and to regulate gene expression.",2153,266,2.469309499952942,179.2958156611783,1.579432036,0.14746543778801843,0.84168434,0.7015382
Llama-3.2-1B-Instruct,4bit,550324d7e9bde6963400002f,"The association between personality trait of neuroticism and risk for Alzheimer's disease is as follows:

- Higher levels of neuroticism were associated with an increased risk of Alzheimer's disease (AD) and a more rapid decline in global cognitive functions.
- No effects were found for the other four trait components (incidence of clinically diagnosed Alzheimer disease, change in global and specific cognitive functions, and postmortem measures of plaques and tangles, cerebral infarction, and Lewy bodies).

However, the question specifically asks about the association between neuroticism and risk for Alzheimer's disease. According to the passages, the answer is:

- Higher levels of neuroticism were associated with an increased risk of Alzheimer's disease (AD) and a more rapid decline in global cognitive functions.

But, the question also asks about the association between neuroticism and risk for Alzheimer's disease, which is not explicitly stated in the passages. However, the answer can be inferred from the passage that discusses the association between neuroticism and risk for Alzheimer's disease.

The correct answer is: Higher levels of neuroticism were associated with an increased risk of Alzheimer's disease (AD) and a more rapid decline in global cognitive functions.",1521,247,2.0412874575704336,184.43882662486917,1.592506492,0.20289855072463767,0.9409425,0.5826247
Llama-3.2-1B-Instruct,4bit,52f125332059c6d71c000007,"The mode of action of everolimus is not explicitly stated in the provided passages. However, based on the information provided in the passages, it appears that everolimus works by inhibiting the mTOR (mammalian target of rapamycin) signaling pathway, which is involved in cell proliferation and metabolism.

The passages mention that everolimus inhibits glycolysis in Panc-1 human pancreatic cancer cells, which suggests that it may also inhibit the mTOR pathway in other cells, including cancer cells.

It is worth noting that the mTOR pathway is a complex signaling pathway that involves multiple downstream targets, including Akt, TSC2, mTOR, and p70S6K. The exact mechanism of action of everolimus is not fully understood, but it is believed to involve the inhibition of mTOR, which in turn inhibits the mTOR pathway downstream targets.

References:

[23251295] Glycolysis in Panc-1 human pancreatic cancer cells is inhibited by everolimus.
[23686401] Management of adverse events in patients with hormone receptor-positive breast cancer treated with everolimus: observations from a phase III clinical trial.
[17890266] Sirolimus in renal transplantation.
[16625599] Target of rapamycin inhibitors (TOR-I; sirolimus and everolimus) for primary immunosuppression in kidney transplant recipients.
[18025810] Octreotide and the mTOR inhibitor RAD001 (everolimus) block proliferation and interact with the Akt-mTOR-p70S6K pathway in a neuro-endocrine tumour cell Line.",2146,326,2.8170337500050664,178.44570238154478,1.592506492,0.12145748987854249,0.8600713,0.44613606
Llama-3.2-1B-Instruct,4bit,54dcb29dc0bb8dce23000004,"The answer to the question is not explicitly stated in the provided passages. However, based on the information provided, we can infer that the pathological condition of the heart known as Hypertrophic Cardiomyopathy (HCM) is characterized by myocyte hypertrophy resulting in thickening of the ventricular wall.

From the passages provided, we can see that Hypertrophic Cardiomyopathy (HCM) is described as a condition where the ventricular wall thickens due to myocyte hypertrophy, which is a hallmark of the disease.

Therefore, the answer to the question is: Hypertrophic Cardiomyopathy (HCM).",1383,130,1.377069666981697,181.1648165306977,1.593079968,0.2512562814070352,0.9024089,0.57003874
Llama-3.2-1B-Instruct,4bit,533c388dc45e133714000008,The principle of the PAR-CLIP (Photoactivatable-Ribonucleoside-Enhanced Crosslinking and Immunoprecipitation) methodology is to identify the binding sites of RNA-binding proteins (RBPs) and microRNA-containing ribonucleoprotein complexes (miRNPs) by combining high-resolution crosslinking with immunoprecipitation followed by the isolation of crosslinked RNA segments and cDNA sequencing (CLIP).,2108,92,1.4669647919945419,178.64765697410223,1.593079968,0.22429906542056074,0.9186487,0.5757507
Llama-3.2-1B-Instruct,4bit,56c3323a50c68dd416000009,"The question about how spastic diplegia is diagnosed is answered in the following concise and accurate way:

Spastic diplegia is diagnosed through a combination of clinical evaluation, imaging studies (such as MRI), and motor assessments.",1499,47,0.9471885417588055,184.6557911741692,1.593079968,0.2105263157894737,0.8522265,0.46433395
Llama-3.2-1B-Instruct,4bit,56cf413f3975bb303a000009,"Based on the passages provided, the answer to the question ""Is there a genetic component for happiness?"" is:

Yes, there is a genetic component for happiness. The passages discuss the role of genes, family upbringing, and socioeconomic position in influencing happiness, and provide evidence that genetic factors, such as the MAOA gene, can predict happiness (e.g., [22885141] and [26060713]).",1508,83,1.1458477498963475,186.42259535222686,1.593079968,0.18181818181818185,0.86034346,0.47432154
Llama-3.2-1B-Instruct,4bit,56c1d848ef6e39474100002f,"Based on the passages provided, Tarlov Cyst is a type of sacral perineural cyst, also known as a Tarlov cyst. It is a rare lesion that occurs when nerve roots in the sacral region become inflamed or damaged, leading to the formation of a cyst. The cysts are usually asymptomatic but can cause lower back pain, radicular pain, and other symptoms.",1262,81,1.0333792916499078,192.3320265071624,1.641085076,0.20833333333333334,0.936093,0.40439197
Llama-3.2-1B-Instruct,4bit,53312464d6d3ac6a3400003a,"The extracellular matrix (ECM) is a complex meshwork of cross-linked proteins that provide both biophysical and biochemical cues to regulate cell proliferation, survival, differentiation, and migration. The extracellular core ""matrisome"" refers to the ensemble of ECM proteins and associated factors that are predicted by bioinformatic approaches.",1519,66,1.0647070407867432,186.39440857703238,1.641085076,0.2891566265060241,0.8547424,0.54833454
Llama-3.2-1B-Instruct,4bit,56b3efc38525abca1e000006,"Based on the provided passages, Genomicus is a database and an online tool that allows for easy comparative genomic visualization in >150 eukaryote genomes. It provides a way to explore spatial information related to gene organization within and between genomes and temporal relationships related to gene and genome evolution. Additionally, it offers tools for studying gene synteny (the arrangement of genes in a genome) and differential gene loss and gain, segmental or genome duplications, and the evolution of a locus through homology relationships.",1394,103,1.216483083087951,183.82801323611332,1.641085076,0.5194805194805195,0.9371774,0.6571585
Llama-3.2-1B-Instruct,4bit,56ae35bc0a360a5e45000007,The COUGER tool is an interactive web implementation of a classification-based framework for identifying protein co-factors that might provide specificity to paralogous transcription factors.,1308,33,0.7976389997638762,185.50989745605966,1.681389716,0.21052631578947367,0.73993397,0.70765674
Llama-3.2-1B-Instruct,4bit,54fc97b86ad7dcbc12000002,"The passages provide information on the safety and efficacy of ceftriaxone for treating amyotrophic lateral sclerosis (ALS). 

From Passage [25297012], it is stated that ""Safety and efficacy of ceftriaxone for amyotrophic lateral sclerosis: a multi-stage, randomised, double-blind, placebo-controlled trial.""

From Passage [23613806], it is mentioned that ""Design and initial results of a multi-phase randomized trial of ceftriaxone in amyotrophic lateral sclerosis.""

From Passage [8161465], it is stated that ""Failure of empirical treatment with ceftriaxone in motor neuron disease.""

From Passage [24771634], it is mentioned that ""Systemic pharmacokinetics and cerebrospinal fluid uptake of intravenous ceftriaxone in patients with amyotrophic lateral sclerosis.""

The answer to the biomedical question is:

Ceftriaxone has been shown to have some clinical efficacy in treating amyotrophic lateral sclerosis (ALS), but its effectiveness is not yet established.",2064,217,2.151150374673307,180.64450333394979,1.681389716,0.18811881188118812,0.8766656,0.4332472
Llama-3.2-1B-Instruct,4bit,56f112932ac5ed145900000d,"Based on the passages, the main function of ""RNA sponges"" is to sequester (or trap) small regulatory RNAs (sRNAs) from the cell, thereby regulating gene expression.

This is evident from the following statements:

* ""The end is not the end: remnants of tRNA precursors live on to sponge up small regulatory RNAs."" (Lalaouna et al., 2015)
* ""Cross talk between ABC transporter mRNAs via a target mRNA-derived sponge of the GcvB small RNA."" (Lalaouna et al., 2015)
* ""Circular RNAs: diversity of form and function."" (passage ID not provided)
* ""Does the linear Sry transcript function as a ceRNA for miR-138? The sense of antisense."" (passage ID not provided)

These passages suggest that RNA sponges play a crucial role in regulating gene expression by sequestering small regulatory RNAs.",1204,200,1.6306752497330308,190.6287993729709,1.681389716,0.12269938650306748,0.84810495,0.5704653
Llama-3.2-1B-Instruct,4bit,51659356298dcd4e5100005a,"Based on the passages, histone methyltransferases (HMTs) cause histone modification by adding a methyl group to specific lysine and arginine residues on histone proteins. This modification can affect the structure and function of chromatin, leading to changes in gene expression and cellular behavior.

In the first passage, histone methyltransferases are described as adding a methyl group to specific lysine and arginine residues on histone proteins, which can result in changes to chromatin structure and function.

In the second passage, histone methyltransferases are shown to be involved in the establishment of heterochromatin, which is a type of chromatin that is densely packed with histone proteins.

In the third passage, histone methyltransferases are mentioned as being involved in the regulation of transcription, replication, DNA repair, and apoptosis.

In the fourth passage, histone methyltransferases are described as being involved in the quantification of histone modifications, using techniques such as MS-based quantitative proteomics.

In the fifth passage, histone methyltransferases are mentioned as being involved in the regulation of DNA methylation and histone modifications, and are also involved in the development of cancer.

In the sixth passage, histone methyltransferases are described as being involved in the development of hepatocellular carcinomas (HCC), and are also involved in the regulation of DNA methylation and histone modifications.

In the seventh passage, histone methyltransferases are mentioned as being involved in the development of HCC, and are also involved in the regulation of DNA methylation and histone modifications.

In the eighth passage, histone methyltransferases are described as being involved in the development of HCC, and are also involved in the regulation of DNA methylation and histone modifications.

In the ninth passage, histone methyltransferases are mentioned as being involved in the development of HCC, and",1837,384,3.0235071661882102,176.5208262044148,1.681389716,0.1683168316831683,0.8974974,0.654591
Llama-3.2-1B-Instruct,4bit,57169662cb4ef8864c000008,"The function of 6SRNA (6S RNA) in bacteria is not explicitly stated in the provided passages. However, based on the context and the information provided, it can be inferred that 6SRNA plays a role in regulating transcription and RNA processing in bacteria.

The passages mention that 6SRNA is involved in:

1. Regulating transcription: The passages mention that 6SRNA inhibits transcription from many promoters during stationary phase, suggesting that it plays a role in regulating transcription.
2. Interfering with RNA processing: The passages also mention that 6SRNA interferes with RNA processing, specifically in the context of RNA-directed de novo transcripts (pRNAs).
3. Enhancing long-term cell survival: The passages also mention that 6SRNA enhances long-term cell survival, suggesting that it plays a role in maintaining cellular health and function.

It is worth noting that the function of 6SRNA is not explicitly stated in the provided passages, and more information is needed to fully understand its role in bacteria.",1356,212,1.828702624887228,179.28615576437835,1.681389716,0.11904761904761905,0.7727443,0.606655
Llama-3.2-1B-Instruct,4bit,511979b04eab811676000003,"The answer to the question is provided in the passages. 

From Passage [23220349], ""Experimental evidence validating the computational inference of functional associations from gene fusion events: a critical survey.""

From Passage [18025684], ""Inference of gene function based on gene fusion events: the rosetta-stone method.""

From Passage [11820254], ""Functional associations of proteins in entire genomes by means of exhaustive detection of gene fusions.""

From Passage [18629289], ""Mapping functional associations in the entire genome of Drosophila melanogaster using fusion analysis.""

From Passage [18081932], ""Denoising inferred functional association networks obtained by gene fusion analysis.""

The answer to the question ""How could we infer functional associations from gene fusion events?"" is provided in the passages, which describe various methods and approaches used to infer functional associations from gene fusion events, including:

1. Computational inference
2. Fusion analysis
3. Mapping functional associations
4. Denoising inferred functional association networks

These methods are discussed in the passages, which provide a comprehensive overview of 30 most prominent examples of single pairwise protein interaction cases in small-scale studies.",1494,236,1.969597542192787,184.6576367905255,1.681389716,0.17421602787456444,0.8927745,0.6254305
Llama-3.2-1B-Instruct,4bit,56a7d5afa17756b72f000002,The Genomic Regions Enrichment of Annotations Tool (GREAT) is a software tool developed to analyze the functional significance of cis-regulatory regions identified by localized measurements of DNA binding events across an entire genome. [20436461],1294,48,0.8646626668050885,185.81154668818257,1.681389716,0.29441624365482233,0.9729848,0.71076286
Llama-3.2-1B-Instruct,4bit,53188c12b166e2b80600001a,"The passages do not provide a clear answer to the question of what the role of RhoA is in bladder cancer. However, they do mention that RhoA/ROCK is a pathway involved in the occurrence and progression of bladder cancer, and that RhoA is one of the downstream effectors of the Rho kinase (ROCK) pathway.

It can be inferred that RhoA plays a role in the development and progression of bladder cancer, but the exact mechanisms and consequences of this role are not fully explained in the passages.

If you're looking for a more specific answer, you may want to consider the following:

* RhoA is involved in the regulation of cell migration, invasion, and metastasis in bladder cancer.
* RhoA/ROCK signaling pathway is activated in bladder cancer cells, leading to increased expression of genes involved in cell proliferation, survival, and migration.
* RhoA/ROCK signaling pathway is also involved in the regulation of apoptosis (cell death) and autophagy (cell self-destruction).

However, without more specific information or context, it's difficult to provide a more detailed or specific answer to the question of what the role of RhoA is in bladder cancer.",2154,249,2.4101567082107067,175.11043157515516,1.681389716,0.12987012987012986,0.87631214,0.6165566
Llama-3.2-1B-Instruct,4bit,5710ade4cf1c32585100002c,"Based on the passages, the suggested therapy for Mycobacterium avium infection is phage therapy. Specifically, the passage [16584300] states that phage therapy ""kills both extracellular M. avium and M. tuberculosis within RAW 264.7 macrophages.""",1930,59,1.2228642920963466,175.6992546011309,1.681389716,0.11920529801324505,0.7493985,0.5367533
Llama-3.2-1B-Instruct,4bit,517a8ce98ed59a060a000045,"Based on the passages provided, the treatment of acute pericarditis is not explicitly stated. However, the passages do provide information on the following treatments:

1. Antibiotic therapy: The passages mention that immediate antibiotic therapy was instituted on the basis of the gram stain of the pericardial fluid. This suggests that antibiotics may be used to treat acute pericarditis.
2. Pericardiocentesis: The passages also mention that pericardiocentesis was performed, which is a procedure to drain the pericardial fluid.
3. Surgical drainage: The passages also mention that all five patients had a pericardial window established, which is a surgical procedure to drain the pericardial fluid.
4. Corticosteroids: The passages also mention that all five patients had a pericardial window established, which is a treatment that may be used to reduce inflammation and prevent the development of constrictive pericarditis.

It is worth noting that the passages do not provide a comprehensive treatment plan for acute pericarditis, and the treatment of acute pericarditis may vary depending on the individual patient and the specific circumstances of the case.",1441,242,1.9916670001111925,181.7700990503012,1.681389716,0.10377358490566037,0.85430574,0.621704
Llama-3.2-1B-Instruct,4bit,51485b9ad24251bc0500002b,"Based on the passages provided, the clinical value of MammaPrint is to identify breast cancer patients at low risk of developing metastases. According to the passage [20110242], MammaPrint has been shown to accurately identify Japanese breast cancer patients at low risk of developing recurrences, with a probability of distant metastasis-free survival at five years being 100% for the low-risk group and 94% for the high-risk group.",1819,89,1.3235038332641125,178.47326650410034,1.681389716,0.1651376146788991,0.89198846,0.5066549
Llama-3.2-1B-Instruct,4bit,56b2863945561f0573000001,"The question is not explicitly stated in the provided passages. However, based on the context and the mention of ""enChIP"" (chromatin immunoprecipitation) and ""enChIP-MS"" (enChIP-mass spectrometry), it can be inferred that ""enCHIP"" refers to the technique of engineered DNA-binding molecule-mediated chromatin immunoprecipitation (enChIP), which is a method used to isolate specific genomic regions retaining molecular interactions.",1461,99,1.2392050423659384,179.25258458369763,1.681389716,0.19999999999999998,0.93281454,0.61556125
Llama-3.2-1B-Instruct,4bit,5318a6b2b166e2b80600001f,"Based on the passages, aptamers may have the following clinical uses:

1. Anticoagulation therapy: Aptamers can be used to develop therapies that target specific coagulation proteins, such as thrombin, to prevent thrombotic disorders.
2. Antithrombotic strategies: Aptamers can be used to target and inhibit specific proteins involved in blood clotting, such as factor Xa or factor IIa.
3. Cancer treatment: Aptamers can be used to target specific proteins involved in cancer cell growth and survival, such as vascular endothelial growth factor (VEGF) or thrombin.
4. HIV treatment: Aptamers can be used to target specific proteins involved in HIV replication and entry, such as CD4 or CCR5.
5. AIDS treatment: Aptamers can be used to target specific proteins involved in HIV replication and entry, such as CD4 or CCR5.

These are just a few examples of the potential clinical uses of aptamers. The passages do not provide a comprehensive list of potential uses, but rather highlight some of the areas where aptamers have been shown to have potential therapeutic applications.",1108,238,1.7822386659681797,191.81078117253043,1.681389716,0.1933085501858736,0.8799275,0.6596097
Llama-3.2-3B-Instruct,bf16,55031181e9bde69634000014,"Hirschsprung disease is a multifactorial disorder, with evidence suggesting that it involves multiple genes and modifier genes, rather than a single Mendelian gene. While some genes, such as RET, EDNRB, and EDN3, have been identified as susceptibility genes, the majority of cases are not explained by these genes alone, and the disease shows incomplete penetrance and variable expression. The involvement of modifier genes, particularly in syndromic forms, and the lack of genotype-phenotype correlation also support the idea that Hirschsprung disease is a multifactorial disorder. [15617541, 12239580, 11324313, 8896569]",1898,139,7.9961074171587825,25.096298769430888,7.13048526,0.21333333333333332,0.89841056,0.5130106
Llama-3.2-3B-Instruct,bf16,532f062ad6d3ac6a34000027,"Ivabradine significantly decreased heart rate from 71 to 64 beats per minute in patients with postinfarction systolic chronic cardiac failure (SCCF) [22416440]. Addition of ivabradin to standard treatment of SCCF after MI promoted less frequency of hospitalizations, recurrent non-fatal MI, fatal cardiovascular events [22416440].",1893,75,5.451374583877623,25.164256891970137,7.13048526,0.18181818181818182,0.85245967,0.48574972
Llama-3.2-3B-Instruct,bf16,532624ae600967d132000005,"According to the passages, the outcomes of Renal Sympathetic Denervation (RSD) include:

* Significant reductions in blood pressure in patients with resistant hypertension [23774592, 22573363, 23541665, 24029963]
* Sustained reductions in blood pressure over 3 years after the procedure [23819768]
* Decreased renal norepinephrine spillover and renin activity [22573363]
* Increased renal plasma flow [22573363]
* Clinically significant, sustained reductions in blood pressure [22573363]
* Minimal complication rate [24029963]
* Effective and safe approach to resistant hypertension [24029963]

Note that some of these outcomes are based on small studies or limited data, and more research is needed to confirm the long-term efficacy and safety of RSD.",1464,174,8.752829041332006,25.796962278819585,7.13048526,0.14705882352941177,0.87613404,0.65679705
Llama-3.2-3B-Instruct,bf16,54f49995d0d681a040000002,"The EORTC QLQ-INFO25 questionnaire evaluates the information received by cancer patients in different areas, including:

1. Information about the disease
2. Medical tests
3. Treatment
4. Other services

The questionnaire assesses the level of information patients have received in these areas and evaluates qualitative aspects of the information. [21671697]",2035,73,5.582029042299837,25.308751241164828,7.164843008,0.3789473684210526,0.91402304,0.5059875
Llama-3.2-3B-Instruct,bf16,56bf3a79ef6e39474100000f,"According to passage [16759391], there is no significant association between hormone replacement therapy (HRT) and meningioma risk. However, passage [22287638] found that ever use of estradiol-only therapy was associated with an increased risk of meningioma (standardized incidence ratio = 1.29, 95% confidence interval: 1.15, 1.44). Passage [24138870] found that prolonged use of estradiol-only therapy was associated with a higher risk of meningioma (1.40-fold higher, 95% confidence interval: 1.18, 1.64; P < 0.001).",2052,139,8.09288466675207,25.843158415804144,7.164843008,0.2542372881355932,0.9531597,0.5204824
Llama-3.2-3B-Instruct,bf16,535d78137d100faa09000005,"Based on the provided passages, here's a summary of what is known about the effect of acupuncture in smoking cessation:

1. Acupuncture may have some effect on smoking cessation, as indicated by a tendency of reduction in the taste of tobacco and the intensity of the desire to smoke in the case group in the study [15861492].
2. A randomized, sham-controlled trial found that acupuncture alone and in combination with education significantly reduced smoking and posttreatment cigarette consumption [12356614].
3. A single-blind, placebo-controlled trial found that a simple ear electroacupuncture treatment was significantly more effective in helping volunteers to quit smoking than placebo treatment [10024707].
4. A randomized controlled clinical trial found that auricular acupuncture did not have a better efficacy in smoking cessation compared to sham acupuncture [17698433].
5. A descriptive study found that ear acupuncture had a one-year success rate of 41.1% in smoking cessation, with favorable conditions including start of smoking between 20-40 years, smoking 20 cigarettes or more per day, and living in a non-smoker household [15004442].

Overall, the evidence suggests that acupuncture may have some effect on smoking cessation, but the evidence is not conclusive, and more research is needed to fully understand its efficacy.",1655,259,12.271850999910384,25.750357376537703,7.164843008,0.11494252873563217,0.87764114,0.5957504
Llama-3.2-3B-Instruct,bf16,5322d9339b2d7acc7e000011,"According to Passage [23480756], the main results of PRKAR1A knockdown in cholangiocarcinoma (CCA) cell lines are:

1. Enhanced sensitivity to some chemotherapeutic drugs, such as sorafenib and 5-fluorouracil.
2. Increased apoptotic effects on CCA cell lines when combined with either sorafenib or 5-fluorouracil.
3. Suppression of CCA cell growth and enhancement of apoptosis.

These results suggest that selective inhibition of PRKAR1A expression may increase the efficacy of conventional CCA chemotherapeutic treatment.",2009,128,7.688407749868929,25.48859551409517,7.164843008,0.16666666666666666,0.83237684,0.5303776
Llama-3.2-3B-Instruct,bf16,553fa2201d53b76422000005,"According to passage [23354439], ERK1/2 proteins mediate the regulation of osteogenesis (bone formation) and are linked to the regulation of osteogenesis in complex craniosynostosis. Reduced dosage of ERF, which encodes an inhibitory ETS transcription factor directly bound by ERK1/2, causes complex craniosynostosis in humans and mice. 

However, passage [27481450] does not mention the role of ERK1/2 in craniosynostosis.",2153,107,7.195642833132297,24.299379250981445,7.164843008,0.4444444444444444,0.907104,0.6845021
Llama-3.2-3B-Instruct,bf16,550324d7e9bde6963400002f,"According to the passages, individuals with higher levels of neuroticism (anxiety and vulnerability to stress) have an increased risk of Alzheimer's disease (AD) and more rapid decline in global cognition. The association is strongest for anxiety and vulnerability to stress, with no effects for other components of neuroticism. 

Specifically, a study found that individuals with scores in the top quartile of neuroticism had a threefold increased risk of incident AD (hazard ratio = 3.1) [23706517]. Another study found that elevated Neuroticism was independently associated with risk of AD among 767 participants 72 years of age or older [20973606]. 

Additionally, a meta-analysis confirmed the association between neuroticism and increased risk of AD, with a P value of 2 x 10(-9) [23706517].",1521,175,9.03279187483713,24.908223725125453,7.164843008,0.16666666666666666,0.9255871,0.5759318
Llama-3.2-3B-Instruct,bf16,52f125332059c6d71c000007,"Everolimus inhibits the mammalian target of rapamycin (mTOR) signaling pathway, specifically by decreasing the phosphorylation levels of S6 kinase, but the phosphorylation levels of mTOR barely changed. This inhibition results in the inhibition of glycolysis and the induction of apoptosis in cancer cells. [23251295]",2146,68,5.394828916992992,25.991535683292287,7.164843008,0.18181818181818182,0.87495416,0.46893966
Llama-3.2-3B-Instruct,bf16,54dcb29dc0bb8dce23000004,"Hypertrophic cardiomyopathy (HCM) is a primary disease of the cardiac muscle, characterized by myocyte hypertrophy, myocyte disarray, interstitial and/or replacement fibrosis, decreased ventricular cavity volume, and diastolic dysfunction. [25191275]",1383,58,4.0060894577763975,26.544957025075245,7.164843008,0.31205673758865243,0.9290209,0.58433795
Llama-3.2-3B-Instruct,bf16,533c388dc45e133714000008,"The principle of the PAR-CLIP methodology is based on the incorporation of photoreactive ribonucleoside analogs, such as 4-thiouridine (4-SU) and 6-thioguanosine (6-SG), into nascent RNA transcripts by living cells. When cells are irradiated with UV light of 365 nm, these analogs undergo efficient crosslinking with interacting RNA-binding proteins (RBPs). Immunoprecipitation of the RBP of interest is followed by isolation of the crosslinked and coimmunoprecipitated RNA, which is then converted into a cDNA library and deep sequenced using Solexa technology. The precise position of crosslinking can be identified by mutations residing in the sequenced cDNA, allowing for the separation of crosslinked sequences from background non-crosslinked RNA fragments. [20644507]",2108,181,9.849919584114105,25.422467242489073,7.164843008,0.27906976744186046,0.92892903,0.5630827
Llama-3.2-3B-Instruct,bf16,56c3323a50c68dd416000009,"The passage does not explicitly state the diagnostic process for spastic diplegia. However, it mentions that the authors provide a diagnostic algorithm to assist physicians in making the correct diagnosis [25700542]. Additionally, passage [2816867] mentions that early diagnosis of spastic diplegia can be made through assessing neurodevelopmental behaviors in infants, such as lower scores on the Bayley Mental Scale and the Movement Assessment of Infants [2816867].",1499,93,5.757187957875431,25.056681204378144,7.164843008,0.14285714285714282,0.83548737,0.52476573
Llama-3.2-3B-Instruct,bf16,56cf413f3975bb303a000009,"Yes, there is a genetic component for happiness. 

Passages [20440640], [22885141], [26060713], [19569406], and [20397744] all support the idea that genetics play a role in determining happiness. 

Upper limits for broad-sense heritability were estimated to be 0.33 (females) and 0.36 (males) in [20440640]. 

A study in [22885141] found that low expression of the MAOA gene was related to greater happiness in women. 

A systematic review in [26060713] found that biological factors, including genetic factors, are significant predictors of happiness. 

A study in [19569406] found that many putative indicators of the environment are highly heritable and that the same genes that affect the environment may also affect happiness. 

A genome-wide linkage study in [20397744] found a linkage signal at the end of the long arm of chromosome 19 and a second suggestive linkage peak at the short arm of chromosome 1, suggesting that there may be a genetic component to happiness.",1508,230,11.090310458093882,25.266987953063545,7.164843008,0.1243523316062176,0.89064795,0.47997326
Llama-3.2-3B-Instruct,bf16,56c1d848ef6e39474100002f,"Tarlov cysts are sacral perineural cysts, nerve root cysts found most commonly in the sacral roots, arising between the covering layer of the perineurium and the endoneurium near the dorsal root ganglion [21139800].",1262,55,3.8735836250707507,25.259010585940594,7.164843008,0.7352941176470589,0.97551155,0.40072057
Llama-3.2-3B-Instruct,bf16,53312464d6d3ac6a3400003a,"The extracellular core ""matrisome"" is defined as the ensemble of extracellular matrix (ECM) proteins and associated factors. [22159717]",1519,33,3.3375007077120245,25.299957835831478,7.164843008,0.5555555555555556,0.9390344,0.5193623
Llama-3.2-3B-Instruct,bf16,56b3efc38525abca1e000006,"Genomicus is a database and an online tool that allows easy comparative genomic visualization in >150 eukaryote genomes, providing a way to explore spatial information related to gene organization within and between genomes and temporal relationships related to gene and genome evolution. [23193262]",1394,56,4.058264958206564,25.66414766607937,7.164843008,0.3769633507853403,0.9068197,0.6582097
Llama-3.2-3B-Instruct,bf16,56ae35bc0a360a5e45000007,COUGER is a classification-based framework for identifying protein co-factors that might provide specificity to paralogous transcription factors (TFs). It takes as input two sets of genomic regions bound by paralogous TFs and identifies a small set of putative co-factors that best distinguish the two sets of sequences. [24861628],1308,70,4.478890916798264,25.74037121476346,7.164843008,0.7317073170731707,0.7960454,0.6747691
Llama-3.2-3B-Instruct,bf16,54fc97b86ad7dcbc12000002,"According to the passages, the clinical efficacy of ceftriaxone for treatment of amyotrophic lateral sclerosis (ALS) is not well established. 

In Stage 3 of the trial, the coprimary efficacy outcomes were survival and functional decline, measured as the slope of Amyotrophic Lateral Sclerosis Functional Rating Scale-Revised (ALSFRS-R) scores. However, no significant differences in survival between the groups were recorded in stage 3 (HR 0.90, 95% CI 0.71 to 1.15; p=0.4146) [25297012]. 

In Stage 2, the mean ALSFRS-R declined more slowly in participants who received 4 g ceftriaxone than in those on placebo (difference 0.51 units per month, 95% CI 0.02 to 1.00; p=0.0416), but this difference was not sustained in Stage 3 [25297012]. 

Additionally, a previous trial found that empirical treatment with ceftriaxone in two patients with lateral amyotrophic sclerosis did not show positive results [8161465]. 

Therefore, it is unclear whether ceftriaxone is effective in treating amyotrophic lateral sclerosis.",2064,265,13.378821500111371,25.00133045499452,7.164843008,0.1471861471861472,0.8879507,0.38943344
Llama-3.2-3B-Instruct,bf16,56f112932ac5ed145900000d,"RNA sponges are microRNA sponges that sequester and suppress the activity of specific microRNAs, thereby regulating the expression of target genes. They can be found in various forms, including circular RNAs and linear RNAs, and can function in different ways, such as by base-pairing with microRNAs or by competing with them for binding sites.

Passages [23446346], [25404635], and [25580223] provide information on the functions of RNA sponges, while passage [25630703] describes a specific example of RNA sponge-mediated mRNA cross-talk.

In general, RNA sponges can:

- Suppress microRNA activity (Passages [23446346] and [25580223])
- Regulate gene expression by controlling the levels of microRNAs (Passages [23446346] and [25580223])
- Interact with microRNAs and other RNAs to modulate their activity (Passages [25630703] and [25580223])
- Function as competing endogenous RNAs (ceRNAs) for microRNAs (Passages [25580223] and [25630703])",1204,241,11.079424666240811,25.509981419822843,7.164843008,0.15294117647058825,0.8745575,0.5265764
Llama-3.2-3B-Instruct,bf16,51659356298dcd4e5100005a,"According to passage [15248813], histone methyltransferases (HMTs) catalyze the methylation of specific arginines or lysines in histones H3 and H4. The passage does not explicitly state how HMTs cause histone modification, but it implies that they are enzymes that add methyl groups to histone proteins, leading to various post-translational modifications.

Passage [12893173] mentions that histone methyltransferases use S-adenosyl-L-methionine (SAM) as the methyl donor, but it does not provide detailed information on the catalytic mechanism.

Passage [17584191] does not discuss the mechanism of histone methyltransferases, but it mentions that histone modifications can be caused by various epigenetic mechanisms, including DNA methylation and histone modifications.

Passage [23557020] describes the development of a high-throughput screening assay for histone methyltransferases, but it does not provide information on the mechanism of histone modification.

In summary, the exact mechanism of how histone methyltransferases cause histone modification is not explicitly stated in the provided passages. However, it is implied that they are enzymes that add methyl groups to histone proteins, leading to various post-translational modifications.",1837,264,12.948080791160464,25.06843413487707,7.164843008,0.1706484641638225,0.9030987,0.6428737
Llama-3.2-3B-Instruct,bf16,57169662cb4ef8864c000008,"The function of 6S RNA in bacteria is to regulate transcription, particularly during the transition from exponential to stationary phase. It inhibits sigma-70-dependent transcription at extended -10 promoters, but also activates sigma(S)-dependent transcription at several promoters. This regulation contributes to increased cell persistence during nutrient deprivation. [17332013]",1356,67,4.440055042039603,25.643627955988986,7.164843008,0.125,0.8291294,0.60245824
Llama-3.2-3B-Instruct,bf16,511979b04eab811676000003,"According to passage [23220349], functional associations of genes and their corresponding proteins can be inferred from gene fusion events using a computational approach. This approach involves analyzing gene fusion events and their corresponding proteins to identify potential functional links, such as shared metabolic pathways or protein complex formation. Additionally, passage [18025684] describes the ""Rosetta Stone"" method, which is based on the principle of ""guilt by association"" and assumes that two proteins found to be transcribed by a single transcript are likely to be functionally linked.

Passage [11820254] also discusses the use of gene fusion events to predict functional associations of proteins, including physical interactions or complex formation. The method involves detecting gene fusion events across genomes and identifying component pairs based on their similarity to multidomain composite proteins.

Passage [18629289] suggests using fusion analysis with additional constraints, such as low sequence similarity and low degree of paralogy, to improve the reliability of predictions.",1494,194,9.646482999902219,25.39187915323697,7.164843008,0.18587360594795538,0.9015413,0.66063493
Llama-3.2-3B-Instruct,bf16,56a7d5afa17756b72f000002,The Genomic Regions Enrichment of Annotations Tool (GREAT) is a tool that analyzes the functional significance of cis-regulatory regions identified by localized measurements of DNA binding events across an entire genome. [20436461],1294,46,3.5045168749056756,26.10502895382775,7.164843008,0.28717948717948716,0.9704511,0.7112212
Llama-3.2-3B-Instruct,bf16,53188c12b166e2b80600001a,"According to the passages, RhoA is associated with the progression and metastasis of bladder cancer. High RhoA expression is related to poor tumor differentiation, muscle invasion, and lymph node metastasis. Kaplan-Meier plots and univariate analysis also linked high RhoA expression to shortened disease-free and overall survival. However, the role of RhoA in bladder cancer is not fully understood, and its relationship with other factors such as RhoB and RhoC is complex. [12855641]",2154,105,7.0226139589212835,24.88492524403767,7.164843008,0.35398230088495575,0.8984426,0.63614357
Llama-3.2-3B-Instruct,bf16,5710ade4cf1c32585100002c,"The suggested therapy for Mycobacterium avium infection is not explicitly stated in the passages. However, the passage [1387133] mentions that TLC G-65 (a liposomal gentamicin preparation) in combination with other agents such as rifapentine, clarithromycin, clofazimine, and ethambutol is an attractive regimen for the treatment of infections caused by bacteria in the M. avium complex.

Another passage [11073759] suggests that azithromycin 600 mg, when given in combination with ethambutol, is an effective agent for the treatment of disseminated M. avium disease in patients infected with HIV.

It is also mentioned in passage [16584300] that administration of M. smegmatis-TM4 resulted in a significant decrease in the number of M. avium in the spleen, but 23% of bacteria recovered from treated mice were resistant to TM4.

Passages [9875582] and [1832527] do not provide a clear suggestion for the therapy of M. avium infection.",1930,225,11.543527542147785,25.119372373503982,7.164843008,0.3011583011583011,0.90464175,0.55141723
Llama-3.2-3B-Instruct,bf16,517a8ce98ed59a060a000045,"The passage does not explicitly state a single treatment for acute pericarditis. However, it does mention the following treatments:

- Immediate antibiotic therapy (based on the gram stain of the pericardial fluid) [308705]
- Establishment of a pericardial window (either through subxyphoid approach or thoracotomy) [308705]
- Intrapericardial urokinase irrigation and systemic corticosteroids as an alternative to pericardectomy for persistent fibrino-purulent pericarditis [12379412]
- Surgical pericardial drainage or partial pericardiectomy [10560235]
- Adjuvant therapy with steroids to decrease the risk of constrictive pericarditis in patients with non-shaggy effusion [10560235]

It is recommended to have a high index of suspicion, combined with immediate echocardiograms and pericardiocentesis, to diagnose and treat acute purulent pericarditis effectively.",1441,205,9.94824020890519,25.477184426429872,7.164843008,0.174496644295302,0.86761224,0.64020634
Llama-3.2-3B-Instruct,bf16,51485b9ad24251bc0500002b,"According to the passages, MammaPrint is a 70-gene prognosis profile that accurately identifies breast cancer patients at low risk of developing recurrences. 

- In a Japanese population, MammaPrint classified 20% of patients as low-genomic risk, with a 100% distant metastasis-free survival at five years (Passage [20110242]).
- In elderly women with hormone receptor-positive, HER2-negative breast cancer, MammaPrint identified 63% as low-risk patients, with no statistically significant differences between low- and high-risk groups for conventional prognostic parameters (Passage [22553468]).
- In the neoadjuvant setting, MammaPrint predicted chemosensitivity, with 20% of patients with a good prognosis-signature achieving pathological complete remission (Passage [19214742]).
- MammaPrint is a prognostic tool used to guide adjuvant treatment decisions and can be useful in deciding whether elderly patients may benefit from adjuvant chemotherapy (Passage [22553468]).
- MammaPrint has been shown to be cost-effective in one published study and has a high accrual rate for prospective validation clinical trials (Passage [18515733]).",1819,246,12.134094916749746,25.245918941218466,7.164843008,0.1218274111675127,0.8912331,0.4855948
Llama-3.2-3B-Instruct,bf16,56b2863945561f0573000001,"enCHIP is engineered DNA-binding molecule-mediated chromatin immunoprecipitation (enChIP), a method for purification of specific genomic regions retaining molecular interactions. [23942116]",1461,38,3.3873603749088943,25.8788854082366,7.164843008,0.28787878787878785,0.9548286,0.5781002
Llama-3.2-3B-Instruct,bf16,5318a6b2b166e2b80600001f,"Aptamers may have clinical use in therapeutic anticoagulation, antithrombotic strategies, and alleviation of blood clotting, as well as treatment of diseases such as cancer, HIV, and macular degeneration. They are also being evaluated in clinical trials for the treatment of age-related macular degeneration. [21838685], [15968382], [15461575], [9704089], and [20855639]",1108,94,5.223748874850571,25.38203792616418,7.164843008,0.17333333333333334,0.88558424,0.66653156
Llama-3.2-3B-Instruct,8bit,55031181e9bde69634000014,"Hirschsprung disease is a multifactorial disorder, with evidence suggesting that it involves multiple genes and modifier genes, rather than a single Mendelian gene. While some genes, such as RET, EDNRB, and EDN3, have been identified as susceptibility genes, the majority of cases are not explained by these genes alone, and the disease shows incomplete penetrance and variable expression. The involvement of modifier genes, particularly in syndromic forms, also supports a multifactorial inheritance pattern. [15617541, 12239580, 11324313, 8896569]",1898,122,5.052089500240982,46.26327805917049,4.359721448,0.2028985507246377,0.90005136,0.51490754
Llama-3.2-3B-Instruct,8bit,532f062ad6d3ac6a34000027,"Ivabradine significantly decreased heart rate from 71 to 64 beats per minute in patients with postinfarction systolic chronic cardiac failure [22416440]. Addition of ivabradin to standard treatment of SCCF after MI promoted less frequency of hospitalizations, recurrent non-fatal MI, fatal cardiovascular events [22416440].",1893,71,3.9126500827260315,45.78776111455452,4.359721448,0.18292682926829268,0.85580426,0.48292553
Llama-3.2-3B-Instruct,8bit,532624ae600967d132000005,"According to the passages, the outcomes of Renal Sympathetic Denervation (RSD) include:

* Significant reductions in blood pressure in patients with resistant hypertension [23774592, 22573363, 23541665, 24029963]
* Sustained reductions in blood pressure over 3 years after the procedure [23819768]
* Decreased renal norepinephrine spillover and renin activity [22573363]
* Increased renal plasma flow [22573363]
* Clinically significant, sustained reductions in blood pressure [22573363]
* Minimal complication rate [24029963]
* Effective and safe approach to resistant hypertension [24029963]

Note that some of these outcomes are based on short-term studies, and longer-term efficacy and safety data are still being collected.",1464,167,5.4336439170874655,46.75295698426861,4.359721448,0.13846153846153847,0.88001645,0.65636903
Llama-3.2-3B-Instruct,8bit,54f49995d0d681a040000002,"The EORTC QLQ-INFO25 questionnaire evaluates the information received by cancer patients in different areas of their disease, treatment, and care. Specifically, it assesses information about the disease, medical tests, treatment, and other services. [20674333] [21680301] [25475735] [21671697]",2035,70,4.135084833018482,46.506708114771165,4.359721448,0.40963855421686746,0.9157125,0.513509
Llama-3.2-3B-Instruct,8bit,56bf3a79ef6e39474100000f,"According to passage [16759391], available data suggest an association between the use of hormone replacement therapy (HRT) and increased meningioma risk. Passage [22287638] found that ever use of estradiol-only therapy was associated with an increased risk of meningioma (standardized incidence ratio = 1.29, 95% confidence interval: 1.15, 1.44). Passage [23101448] found that current use of hormone replacement therapy among postmenopausal women was not associated with a significant elevation in risk (OR 1.1, 95% CI 0.74-1.67).",2052,134,5.475605666171759,46.29447957373367,4.359721448,0.26666666666666666,0.9571383,0.54189193
Llama-3.2-3B-Instruct,8bit,535d78137d100faa09000005,"Based on the provided passages, here's a summary of what is known about the effect of acupuncture in smoking cessation:

1. Acupuncture may have some effect on smoking cessation, as indicated by a tendency of reduction in the taste of tobacco and the intensity of the desire to smoke in the case group in the study [15861492].
2. A randomized, sham-controlled trial found that acupuncture alone and in combination with education significantly reduced smoking and posttreatment cigarette consumption [12356614].
3. A single-blind, placebo-controlled trial found that a simple ear electroacupuncture treatment was significantly more effective in helping volunteers to quit smoking than placebo treatment [10024707].
4. A randomized controlled clinical trial found that auricular acupuncture did not have a better efficacy in smoking cessation compared to sham acupuncture [17698433].
5. A descriptive study found that ear acupuncture had a one-year success rate of 41.1% in smoking cessation, with favorable conditions including start of smoking between 20-40 years, smoking 20 cigarettes or more per day, and living in a non-smoker household [15004442].

Overall, the evidence suggests that acupuncture may have some effect on smoking cessation, but the evidence is not conclusive, and more research is needed to fully understand its efficacy.",1655,259,7.679684666916728,46.38520770317681,4.398648884,0.11494252873563217,0.87764114,0.5957504
Llama-3.2-3B-Instruct,8bit,5322d9339b2d7acc7e000011,"According to Passage [23480756], the main results of PRKAR1A knockdown in cholangiocarcinoma (CCA) cell lines are:

1. Enhanced sensitivity to some chemotherapeutic drugs.
2. Increased apoptotic effects on CCA cell lines when combined with either sorafenib or 5-fluorouracil.
3. Suppression of CCA cell growth and induction of apoptosis.

These results suggest that selective inhibition of PRKAR1A expression may enhance the growth inhibitory effects of chemotherapeutic drugs and induce apoptotic cell death.",2009,119,5.16030133375898,44.892516611415154,4.398648884,0.18487394957983194,0.8383767,0.5277127
Llama-3.2-3B-Instruct,8bit,553fa2201d53b76422000005,"According to passage [23354439], ERK1/2 proteins mediate the regulation of osteogenesis (bone formation) and are linked to the regulation of osteogenesis in complex craniosynostosis. Reduced dosage of ERF, which encodes an inhibitory ETS transcription factor directly bound by ERK1/2, causes complex craniosynostosis in humans and mice. 

However, passage [27481450] does not mention the role of ERK1/2 in craniosynostosis.",2153,107,4.984064707998186,46.082706182917974,4.398648884,0.4444444444444444,0.907104,0.6845021
Llama-3.2-3B-Instruct,8bit,550324d7e9bde6963400002f,"According to the passages, individuals with higher levels of neuroticism (anxiety and vulnerability to stress) have an increased risk of Alzheimer's disease (AD) and more rapid decline in global cognition. The association is strongest for anxiety and vulnerability to stress, with no effects for other components of neuroticism. 

Specifically, a study found that individuals with scores in the top quartile of neuroticism had a threefold increased risk of incident AD (hazard ratio = 3.1) [23706517]. Another study found that elevated Neuroticism was independently associated with risk of AD among 767 participants 72 years of age or older [20973606]. 

Additionally, a meta-analysis confirmed the association between neuroticism and increased risk of AD, with a P value of 2 x 10(-9) [23706517].",1521,175,5.6493322919122875,46.17082686154595,4.398648884,0.16666666666666666,0.9255871,0.5759318
Llama-3.2-3B-Instruct,8bit,52f125332059c6d71c000007,"Everolimus inhibits the mammalian target of rapamycin (mTOR) signaling pathway, specifically by decreasing the phosphorylation levels of S6 kinase, but the phosphorylation levels of mTOR barely changed. This inhibition results in the inhibition of glycolysis and the induction of apoptosis in cancer cells. [23251295]",2146,68,4.129255875013769,46.93687561539267,4.398648884,0.18181818181818182,0.87495416,0.46893966
Llama-3.2-3B-Instruct,8bit,54dcb29dc0bb8dce23000004,"Hypertrophic cardiomyopathy (HCM) is a primary disease of the cardiac muscle characterized by myocyte hypertrophy, myocyte disarray, interstitial and/or replacement fibrosis, decreased ventricular cavity volume, and diastolic dysfunction. This condition is also known as a heart in need of an energy bar, as it is associated with abnormalities in calcium cycling, oxidative stress, mitochondrial dysfunction, and energetic deficiency. [25191275]",1383,92,3.6405563331209123,47.96873482780242,4.398648884,0.3508771929824562,0.921906,0.5875436
Llama-3.2-3B-Instruct,8bit,533c388dc45e133714000008,"The principle of the PAR-CLIP methodology is based on the incorporation of photoreactive ribonucleoside analogs, such as 4-thiouridine (4-SU) and 6-thioguanosine (6-SG), into nascent RNA transcripts by living cells. Upon irradiation of the cells with UV light of 365 nm, these analogs undergo efficient crosslinking with interacting RNA-binding proteins (RBPs). Immunoprecipitation of the RBP of interest is followed by isolation of the crosslinked and coimmunoprecipitated RNA, which is then converted into a cDNA library and deep sequenced using Solexa technology. The precise position of crosslinking can be identified by mutations residing in the sequenced cDNA, allowing for the separation of crosslinked sequences from background non-crosslinked RNA fragments. [20644507]",2108,182,6.4015682502649724,47.40767240266301,4.398648884,0.27745664739884396,0.9279532,0.5620085
Llama-3.2-3B-Instruct,8bit,56c3323a50c68dd416000009,"The passage does not explicitly state the diagnostic process for spastic diplegia. However, it mentions that the authors provide a diagnostic algorithm to assist physicians in making the correct diagnosis [25700542]. Additionally, passage [2816867] mentions that early diagnosis of spastic diplegia can be made through the assessment of neurodevelopmental behaviors in infants, such as lower scores on the Bayley Mental Scale and the Movement Assessment of Infants [2816867].",1499,95,3.941709791775793,46.78528651922646,4.398648884,0.140625,0.8325889,0.525913
Llama-3.2-3B-Instruct,8bit,56cf413f3975bb303a000009,"Yes, there is a genetic component for happiness. 

Passages [20440640], [22885141], [26060713], [19569406], and [20397744] all support the idea that genetics play a role in determining happiness. 

Upper limits for broad-sense heritability were estimated to be 0.33 (females) and 0.36 (males) in [20440640]. 

A study in [22885141] found that low expression of the MAOA gene was related to greater happiness in women. 

A systematic review in [26060713] found that biological factors, including genetic factors, are significant predictors of happiness. 

A study in [19569406] found that genetic factors and family upbringing influence happiness, and that many putative indicators of the environment are highly heritable. 

A genome-wide linkage study in [20397744] found a linkage signal at the end of the long arm of chromosome 19 and a second suggestive linkage peak at the short arm of chromosome 1, suggesting that there may be a genetic component to happiness.",1508,227,6.656163665931672,48.02186582093143,4.398648884,0.126984126984127,0.89365226,0.48077047
Llama-3.2-3B-Instruct,8bit,56c1d848ef6e39474100002f,"Tarlov cysts are sacral perineural cysts, nerve root cysts found most commonly in the sacral roots, arising between the covering layer of the perineurium and the endoneurium near the dorsal root ganglion [21139800].",1262,55,2.7835062076337636,49.09341567595663,4.398648884,0.7352941176470589,0.97551155,0.40072057
Llama-3.2-3B-Instruct,8bit,53312464d6d3ac6a3400003a,"The extracellular core ""matrisome"" comprises approximately 300 proteins in mammals, as defined by the analysis of whole genome sequences [21937732].",1519,32,2.589669458102435,49.218874707805114,4.398648884,0.42857142857142855,0.90028036,0.49192417
Llama-3.2-3B-Instruct,8bit,56b3efc38525abca1e000006,"Genomicus is a database and an online tool that allows easy comparative genomic visualization in >150 eukaryote genomes, providing a way to explore spatial information related to gene organization within and between genomes and temporal relationships related to gene and genome evolution. [23193262]",1394,56,2.960671625100076,48.2215764193079,4.398648884,0.3769633507853403,0.9068197,0.6582097
Llama-3.2-3B-Instruct,8bit,56ae35bc0a360a5e45000007,COUGER is a classification-based framework for identifying protein co-factors that might provide specificity to paralogous transcription factors (TFs). It takes as input two sets of genomic regions bound by paralogous TFs and identifies a small set of putative co-factors that best distinguish the two sets of sequences. COUGER can be run as a stand-alone tool or through a web interface: http://couger.oit.duke.edu. [24861628],1308,97,3.6990317082963884,47.910829561611486,4.398648884,0.594059405940594,0.79196376,0.68676305
Llama-3.2-3B-Instruct,8bit,54fc97b86ad7dcbc12000002,"According to the passages, the clinical efficacy of ceftriaxone for treatment of amyotrophic lateral sclerosis (ALS) is not well established. 

In Stage 3 of the trial, the coprimary efficacy outcomes of survival and functional decline did not differ between the ceftriaxone and placebo groups (passage [25297012]). The study found no significant differences in survival between the groups (HR 0.90, 95% CI 0.71 to 1.15; p=0.4146) (passage [25297012]). 

In Stage 2, the study found that mean ALSFRS-R declined more slowly in participants who received 4 g ceftriaxone than in those on placebo (difference 0.51 units per month, 95% CI 0.02 to 1.00; p=0.0416), but this effect was not sustained in Stage 3 (passage [25297012]). 

Passages [23613806] and [24771634] do not provide information on the clinical efficacy of ceftriaxone for ALS treatment. Passage [8161465] describes two patients with lateral amyotrophic sclerosis who received empirical treatment with ceftriaxone with no positive results, but this is not a controlled clinical trial. Passage [17212618] describes a case of motor neuron disease recovery associated with IV ceftriaxone and anti-Babesia therapy, but this is not a controlled clinical trial and the results are not generalizable to ALS treatment.",2064,329,9.768274292349815,45.82426128739271,4.398648884,0.16176470588235295,0.89655757,0.38810152
Llama-3.2-3B-Instruct,8bit,56f112932ac5ed145900000d,"RNA sponges primarily function as microRNA (miRNA) sponges, which means they sequester miRNAs, preventing them from binding to their target mRNAs and thereby suppressing the degradation of those mRNAs. This allows the mRNAs to be stabilized and translated into proteins, often leading to increased expression of genes involved in specific pathways. [23446346], [25580223]

Additionally, RNA sponges can also act as endogenous competing RNAs (ceRNAs), competing with miRNAs for binding to target mRNAs, thereby regulating gene expression. [25580223]

In some cases, RNA sponges can also regulate transcription in cis, acting as snoRNAs. [25404635]

However, the primary function of RNA sponges is to sequester miRNAs, preventing them from suppressing target gene expression.",1204,181,5.329840874765068,48.08108863151174,4.398648884,0.17687074829931976,0.8788519,0.5378244
Llama-3.2-3B-Instruct,8bit,51659356298dcd4e5100005a,"According to passage [15248813], histone methyltransferases (HMTs) catalyze the methylation of specific arginines or lysines in histones H3 and H4. The passage does not explicitly describe the mechanism by which HMTs cause histone modification, but it mentions that structures of several representatives of HMT families have been determined, yielding insight into their catalytic mechanism and histone substrate specificity.

However, passage [12893173] provides some information on the biochemical analysis of histone methyltransferases. It mentions that histone lysine methylation is a highly stable modification and that HMTs use S-adenosyl-L-methionine (SAM) as the methyl donor. The passage also describes a miniaturized, radioisotope-based reaction system (HotSpot(SM) platform) for the assay of HMTs, which can be used to determine substrate specificities and characterize enzyme kinetics.

It is worth noting that passage [17584191] does not provide any information on the mechanism of histone modification by HMTs. Instead, it discusses the role of HMTs in gene silencing in hepatocellular carcinomas and the epigenetic states in HCC cell lines.",1837,254,7.758137208409607,46.68748144832738,4.398648884,0.1473684210526316,0.9005376,0.66036826
Llama-3.2-3B-Instruct,8bit,57169662cb4ef8864c000008,"According to the passages, the function of 6S RNA in bacteria is to regulate transcription, specifically inhibiting transcription from many promoters during stationary phase. However, it also acts as a template for the de novo synthesis of small RNAs (pRNAs) and can induce the refolding of its secondary structure, leading to the release of active RNA polymerase. This release reaction is crucial for the transition from stationary phase to outgrowth, allowing cells to resume transcription. [23667906]",1356,100,3.805922709405422,47.99449310903957,4.398648884,0.15384615384615385,0.8321992,0.5978166
Llama-3.2-3B-Instruct,8bit,511979b04eab811676000003,"According to passage [23220349], functional associations of genes and their corresponding proteins can be inferred from gene fusion events using a computational approach. This approach involves analyzing gene fusion events and their corresponding proteins to identify potential functional links, such as shared metabolic pathways or protein complexes. Additionally, passage [18025684] describes the ""Rosetta Stone"" method, which is based on the principle of ""guilt by association"" and assumes that two proteins found to be transcribed by a single transcript are likely to be functionally linked.

Passage [11820254] also discusses the use of gene fusion events to predict functional associations of proteins, including physical interactions or complex formation. The method involves detecting gene fusion events across genomes and identifying component pairs based on their similarity to multidomain composite proteins.

Passage [18629289] suggests using fusion analysis with additional constraints, such as low sequence similarity and low degree of paralogy, to improve the reliability of predictions.",1494,193,5.865452916827053,48.027727177051275,4.398648884,0.1865671641791045,0.9012308,0.6557589
Llama-3.2-3B-Instruct,8bit,56a7d5afa17756b72f000002,The Genomic Regions Enrichment of Annotations Tool (GREAT) is a tool that analyzes the functional significance of cis-regulatory regions identified by localized measurements of DNA binding events across an entire genome. [20436461],1294,46,2.584430458024144,48.68343929722576,4.398648884,0.28717948717948716,0.9704511,0.7112212
Llama-3.2-3B-Instruct,8bit,53188c12b166e2b80600001a,"According to the passages, RhoA is associated with the progression and metastasis of bladder cancer. High RhoA expression is related to poor tumor differentiation, muscle invasion, and lymph node metastasis. Kaplan-Meier plots and univariate analysis also linked high RhoA expression to shortened disease-free and overall survival. However, the role of RhoA in bladder cancer is not fully understood, and its relationship with prognosis is complex, as it is also inversely related to the grade and stage in some cases.",2154,106,4.897408542223275,47.393816107848764,4.398648884,0.3333333333333333,0.9044428,0.6386485
Llama-3.2-3B-Instruct,8bit,5710ade4cf1c32585100002c,"The suggested therapy for Mycobacterium avium infection is not explicitly stated in the passages. However, the passage [1387133] mentions that TLC G-65 (a liposomal gentamicin preparation) in combination with other agents such as rifapentine, clarithromycin, clofazimine, and ethambutol is an attractive regimen for the treatment of infections caused by bacteria in the M. avium complex.

Another passage [11073759] suggests that azithromycin 600 mg, when given in combination with ethambutol, is an effective agent for the treatment of disseminated M. avium disease in patients infected with HIV.

It is also mentioned in passage [16584300] that administration of M. smegmatis-TM4 resulted in a significant decrease in the number of M. avium in the spleen, but 23% of bacteria recovered from treated mice were resistant to TM4.

Passages [9875582] and [1832527] do not provide a clear suggestion for therapy, but rather report on the clinical and microbiologic response to different treatments.",1930,232,7.44297191593796,46.467805823574196,4.398648884,0.2932330827067669,0.9045255,0.554888
Llama-3.2-3B-Instruct,8bit,517a8ce98ed59a060a000045,"The passage does not explicitly state a single treatment for acute pericarditis. However, it mentions the following treatments:

- Immediate antibiotic therapy (based on the gram stain of the pericardial fluid) [308705]
- Intrapericardial urokinase irrigation and systemic corticosteroids as an alternative to pericardectomy for persistent fibrino-purulent pericarditis [12379412]
- Surgical pericardial drainage or partial pericardiectomy [6727432]
- Prednisolone (20-30 mg/d) in addition to antituberculous chemotherapy for patients with effusive pericarditis [10560235]

It is also mentioned that a high index of suspicion, combined with immediate echocardiograms and pericardiocentesis, is crucial for diagnosis and treatment.",1441,174,5.508236167021096,47.11597169244511,4.398648884,0.19696969696969696,0.889082,0.6436478
Llama-3.2-3B-Instruct,8bit,51485b9ad24251bc0500002b,"MammaPrint is a 70-gene prognosis profile that accurately identifies breast cancer patients at low risk of developing recurrences. 

[20110242] 
- 100% of patients in the low-risk category remained metastasis-free for the duration of the observation period.
- 94% of patients in the high-risk category remained metastasis-free for the duration of the observation period.

[22553468] 
- Classified patients as high- or low-genomic risk, with 20% classified as low-risk and 80% as high-risk.
- The 70-gene signature could be useful to decide in elderly patients whether they may benefit from adjuvant chemotherapy or not.

[19214742] 
- Predicted chemosensitivity in the neoadjuvant setting, with a higher likelihood of achieving pathological complete remission (pCR) in patients with a poor prognosis-signature.

[35740615] 
- Not explicitly stated as a clinical value, but MammaPrint is mentioned as one of the commercialized multigene predictors of clinical outcome for breast cancer.",1819,221,7.007448666263372,46.52288166374524,4.398648884,0.16129032258064518,0.86554116,0.48835188
Llama-3.2-3B-Instruct,8bit,56b2863945561f0573000001,"enCHIP is engineered DNA-binding molecule-mediated chromatin immunoprecipitation (enChIP), a method for purification of specific genomic regions retaining molecular interactions. [23942116]",1461,38,2.7038989579305053,46.098744584778416,4.398648884,0.28787878787878785,0.9548286,0.5781002
Llama-3.2-3B-Instruct,8bit,5318a6b2b166e2b80600001f,"Aptamers may have clinical use in therapeutic anticoagulation, treatment of age-related macular degeneration, alleviation of blood clotting, and treatment of AIDS [21838685, 15968382, 9704089]. They may also be used for multicolored cell phenotyping [20855639].",1108,68,2.9084350001066923,46.67502776765786,4.398648884,0.1925925925925926,0.8761628,0.6531764
Llama-3.2-3B-Instruct,4bit,55031181e9bde69634000014,"Based on the passages, it appears that Hirschsprung disease is a complex disorder with both mendelian and multifactorial components. The majority of known genetic sites relate to the main susceptibility pathways, such as the RET proto-oncogene and EDNRB gene, which are associated with the syndromic forms of the disease (Mendelian inheritance) [15617541, 11324313]. However, the non-syndromic non-familial, short-segment HSCR appears to represent a non-Mendelian condition with variable expression and sex-dependent penetrance [23001136, 12239580].

Furthermore, studies have shown that mutations in the RET gene account for approximately half of the familial and some sporadic cases, but fail to explain the transmission of the much more common short-segment form (S-HSCR) [11324313]. Additionally, the lack of genotype-phenotype correlation, low penetrance, and sex-dependent effect of RET mutations support the existence of one or more modifier gene(s) in familial HSCR [11324313, 8896569].

In conclusion, Hirschsprung disease is a complex disorder that exhibits both mendelian and multifactorial characteristics, with multiple genetic and environmental factors contributing to its development and expression.",1898,261,5.635393874719739,80.09717740233447,2.753434088,0.1694915254237288,0.8946867,0.5404974
Llama-3.2-3B-Instruct,4bit,532f062ad6d3ac6a34000027,"According to the passages, ivabradine has a positive effect in patients with heart failure after myocardial infarction. Specifically, it:

* Decreases heart rate (as seen in [22416440] and [23067195])
* Increases ejection fraction of the left ventricle (as seen in [23067195])
* Reduces terminal left ventricular end-systolic and end-diastolic volumes (as seen in [23067195])
* Improves quality of life (as seen in [23067195])
* Reduces frequency of hospitalizations (as seen in [22416440])
* Reduces recurrent non-fatal MI (as seen in [22416440])
* Reduces lethality (as seen in [22416440])
* Shows a significant effect in patients with high baseline heart rate (>70 b/m) (as seen in [22416440] and [23067195])
* Is well-tolerated, with a low rate of adverse events (as seen in [19514618] and [23536611])

Overall, ivabradine appears to be beneficial in patients with heart failure after myocardial infarction, particularly those with high baseline heart rate.",1893,249,5.480062083341181,80.20852928788881,2.753434088,0.18390804597701152,0.90426874,0.46481115
Llama-3.2-3B-Instruct,4bit,532624ae600967d132000005,"According to the passages, the outcomes of Renal Sympathetic Denervation (RSD) include:

* Significant reductions in blood pressure, with sustained effects over 3 years [23819768]
* Clinically significant, sustained reductions in blood pressure, with a mean fall of 32/12 mm Hg at 6 months [23541665]
* Decreases in renal norepinephrine spillover and renin activity [22573363]
* Increases in renal plasma flow [22573363]
* Significant decreases and progressively higher reductions of systolic and diastolic blood pressure [24029963]
* Minimal complication rate [24029963]

It is worth noting that while RSD has shown promising results, there are limitations to the evidence, including small sample sizes, lack of placebo-controlled studies, and limited long-term efficacy and safety data.",1464,177,4.002402875106782,82.05581651938152,2.753434088,0.2191780821917808,0.88991225,0.67285645
Llama-3.2-3B-Instruct,4bit,54f49995d0d681a040000002,"The EORTC QLQ-INFO25 questionnaire evaluates the information received by cancer patients in different areas, including:

1. Information about the disease
2. Medical tests
3. Treatment
4. Other services

The questionnaire assesses the level of information patients have received and evaluates qualitative aspects of the information field. [21671697]",2035,71,3.4460049998015165,78.24970469271393,2.805126156,0.3655913978494624,0.91765714,0.5039774
Llama-3.2-3B-Instruct,4bit,56bf3a79ef6e39474100000f,"According to the passage [17580362], available data suggest an association between the use of hormone replacement therapy (HRT) and increased meningioma risk. However, the passage does not provide a clear association between estrogen replacement therapy and meningioma risk.

In the same passage, it is mentioned that among women who had been using estradiol-only therapy for at least 3 years, the incidence of meningioma was 1.40-fold higher (95% confidence interval: 1.18, 1.64; P < 0.001) than in the background population. This suggests that estradiol-only therapy may be associated with an increased risk of meningioma, but the passage does not provide a clear association between estrogen replacement therapy and meningioma risk.

No other passage provides a clear association between estrogen replacement therapy and meningioma risk.",2052,178,4.799962125252932,78.77364483105164,2.805126156,0.29940119760479045,0.9733981,0.5503634
Llama-3.2-3B-Instruct,4bit,535d78137d100faa09000005,"Based on the passages provided, here is what is known about the effect of acupuncture in smoking cessation:

* Acupuncture has been promoted as a treatment modality for smoking cessation, but its efficacy remains controversial.
* Some studies have shown that acupuncture can significantly reduce smoking and cigarette consumption, with the greatest effect seen in combination with education.
* A single-blind, placebo-controlled trial found that acupuncture was significantly more effective in helping volunteers to quit smoking than placebo treatment.
* A randomized controlled clinical trial found that auricular acupuncture did not have a better efficacy in smoking cessation compared to sham acupuncture.
* However, another study found that auricular acupuncture did have a significant effect on reducing cigarette consumption, the taste of tobacco, and the intensity of the desire to smoke.
* The success rate of smoking cessation varies depending on factors such as the duration of smoking, the number of cigarettes smoked per day, and the individual's motivation to quit.
* Men tend to quit smoking more easily than women, and people who start smoking between the ages of 20 and 40 tend to have an easier time quitting.
* People who have smoked 20 cigarettes or more per day before treatment tend to have the best success rate.
* Acupuncture treatment can be applied and adapted individually, and it is economical and without side effects.

Overall, the evidence suggests that acupuncture may have some effect on smoking cessation, but the evidence is not yet conclusive, and more research is needed to fully understand its efficacy.",1655,294,5.751512874849141,80.00505701754822,2.805126156,0.09868421052631579,0.876249,0.613798
Llama-3.2-3B-Instruct,4bit,5322d9339b2d7acc7e000011,"According to Passage [23480756], the main results of PRKAR1A knockdown are:

1. Enhanced sensitivity to some chemotherapeutic drugs in PRKAR1A knockdown CCA cell lines compared to control cells.
2. Increased apoptotic effects on CCA cell lines when PRKAR1A knockdown is combined with either sorafenib or 5-fluorouracil.
3. Suppression of PRKAR1A expression enhances anti-proliferative and apoptotic effects of protein kinase inhibitors and chemotherapeutic drugs on cholangiocarcinoma cells.

These results suggest that PRKAR1A knockdown may increase the efficacy of conventional CCA chemotherapeutic treatment.",2009,148,4.343478417024016,79.33706552179466,2.805126156,0.18461538461538463,0.8269138,0.53170204
Llama-3.2-3B-Instruct,4bit,553fa2201d53b76422000005,"According to passage [23354439], ERK1/2 proteins are linked to regulation of osteogenesis, and reduced dosage of ERF (which encodes an inhibitory ETS transcription factor directly bound by ERK1/2) causes complex craniosynostosis in humans and mice. This suggests that ERK1/2 proteins play a role in the regulation of bone growth and development, and their dysregulation can lead to craniosynostosis.",2153,96,3.8918764577247202,79.3645736388593,2.805126156,0.46296296296296297,0.9116275,0.6910404
Llama-3.2-3B-Instruct,4bit,550324d7e9bde6963400002f,"According to the passages, there is a significant association between neuroticism and increased risk for Alzheimer's disease. Studies have consistently shown that individuals with higher levels of neuroticism, particularly anxiety and vulnerability to stress, have a higher risk of developing Alzheimer's disease and experiencing a faster decline in cognitive functions.

Specifically, the passages mention the following associations:

* A study found that higher levels of anxiety and vulnerability to stress were associated with an increased risk of Alzheimer's disease (Passage [21427641]).
* A meta-analysis of published studies found that individuals with scores in the top quartile of neuroticism had a threefold increased risk of incident Alzheimer's disease (Passage [23706517]).
* A study of 767 participants 72 years of age or older found that elevated neuroticism was independently associated with risk of Alzheimer's disease (Passage [20973606]).
* A case-comparison study found that midlife neuroticism predicted younger age of dementia onset in females, but not in males (Passage [18694539]).
* A prospective autopsy study found that individuals with higher baseline scores on vulnerability to stress, anxiety, and depression (neuroticism) were less likely to remain asymptomatic in the presence of Alzheimer's disease neuropathology (Passage [23040035]).

Overall, the passages suggest that neuroticism is a significant personality trait associated with an increased risk of Alzheimer's disease.",1521,291,5.5486525828018785,79.59319398711335,2.805126156,0.2027027027027027,0.94795275,0.5804151
Llama-3.2-3B-Instruct,4bit,52f125332059c6d71c000007,"According to passage [23251295], the mode of action of everolimus is as an inhibitor of the mammalian target of rapamycin (mTOR) signaling. It decreases mTOR signaling activity by lowering phosphorylation levels of S6 kinase, but the phosphorylation levels of mTOR barely change. Additionally, passage [18025810] states that everolimus interacts with the Akt-mTOR-p70S6K pathway, which plays a role in cell proliferation.",2146,97,3.9307109997607768,77.35301442158588,2.805126156,0.1473684210526316,0.8759333,0.4580251
Llama-3.2-3B-Instruct,4bit,54dcb29dc0bb8dce23000004,"Hypertrophic cardiomyopathy (HCM) is a pathological condition of the heart characterized by myocyte hypertrophy resulting in thickening of the ventricular wall, myocyte disarray, interstitial and/or replacement fibrosis, decreased ventricular cavity volume and diastolic dysfunction. [25191275]",1383,64,2.5460661249235272,83.00161952466505,2.805126156,0.3945578231292517,0.9250188,0.5844128
Llama-3.2-3B-Instruct,4bit,533c388dc45e133714000008,"The principle of the PAR-CLIP methodology is based on the incorporation of photoactivatable ribonucleoside analogs into nascent RNA transcripts by living cells. When cells are irradiated with UV light of 365 nm, these analogs induce efficient crosslinking of photoreactive nucleoside-labeled cellular RNAs to interacting RNA-binding proteins (RBPs). The crosslinked RNAs are then isolated, converted into a cDNA library, and deep sequenced using Solexa technology. The precise position of crosslinking can be identified by mutations residing in the sequenced cDNA, which allows for the separation of crosslinked sequences from background sequences derived from abundant cellular RNAs. [20644507]",2108,146,4.470930750016123,79.50398950398056,2.805126156,0.3184713375796179,0.93737227,0.5644197
Llama-3.2-3B-Instruct,4bit,56c3323a50c68dd416000009,"According to the passages, the diagnosis of spastic diplegia is assisted by a diagnostic algorithm and involves a review of various disorders in the differential diagnosis. The passage [25700542] mentions that a diagnostic algorithm is provided to assist physicians in making the correct diagnosis.

Additionally, the passage [23121133] discusses the association between magnetic resonance imaging (MRI) patterns and motor function, epileptic episodes, and IQ or developmental quotient in patients born at term with spastic diplegia. The authors analyzed retrospectively the MRI and clinical findings of 86 patients with spastic diplegia and found that patients with normal MRI findings had significantly fewer epileptic episodes than those with abnormal ones.

The passage [2816867] discusses early neurodevelopmental behaviors of children with spastic diplegia, spastic hemiplegia, and quadriplegia. The authors found that children with all three types of cerebral palsy had significantly lower scores on the Bayley Mental Scale and Bayley Motor Scale at 4 months of age.

The passage [23085499] compares the full-body movements of hereditary spastic paraplegia (HSP) and spastic diplegia (SD) groups and found that SD patients used their arms for compensation, whereas HSP patients used more spine movement to compensate for lower limb movement alterations.

The passage [17509240] discusses the gait evaluation using 3D gait analysis and found that the duration of knee hyperextension during midstance was found to discriminate between the two gait patterns of HSP and SD patients.

Overall, it appears that the diagnosis of spastic diplegia involves a combination of clinical evaluation, MRI findings, and gait analysis.",1499,348,6.231174750253558,80.15065251480043,2.805126156,0.135048231511254,0.87329686,0.53874075
Llama-3.2-3B-Instruct,4bit,56cf413f3975bb303a000009,"Yes, there is a genetic component for happiness. According to the passages, the heritability of happiness is estimated to be around 22% for males and 41% for females. Additionally, studies have found that genetic factors account for 35-50% of the variance in human happiness. [22885141] [26060713] [20397744]",1508,76,2.854601458646357,82.11164131170834,2.805126156,0.3218390804597701,0.88741815,0.4443274
Llama-3.2-3B-Instruct,4bit,56c1d848ef6e39474100002f,"Tarlov Cyst is a sacral perineural cyst, which is a nerve root cyst found most commonly in the sacral roots, arising between the covering layer of the perineurium and the endoneurium near the dorsal root ganglion. [21139800]",1262,58,2.3193239169195294,83.91900300514247,2.805126156,0.6388888888888888,0.971108,0.3881843
Llama-3.2-3B-Instruct,4bit,53312464d6d3ac6a3400003a,"The extracellular core ""matrisome"" comprises approximately 300 proteins in mammals. [21937732]",1519,23,2.1727716671302915,83.82941242771078,2.805126156,0.29787234042553196,0.9022719,0.5197122
Llama-3.2-3B-Instruct,4bit,56b3efc38525abca1e000006,Genomicus is a database and an online tool that allows easy comparative genomic visualization in >150 eukaryote genomes. It provides a way to explore spatial information related to gene organization within and between genomes and temporal relationships related to gene and genome evolution. [23193262],1394,57,2.4528960841707885,83.1974532766406,2.805126156,0.3958333333333333,0.9059274,0.655425
Llama-3.2-3B-Instruct,4bit,56ae35bc0a360a5e45000007,"According to Passage [24861628], COUGER is a classification-based framework for identifying protein co-factors that might provide specificity to paralogous transcription factors (TFs). It is an interactive web implementation that takes as input two sets of genomic regions bound by paralogous TFs and identifies a small set of putative co-factors that best distinguish the two sets of sequences.",1308,79,2.6386407501995564,79.93115803455422,2.805126156,0.6593406593406593,0.78387177,0.688836
Llama-3.2-3B-Instruct,4bit,54fc97b86ad7dcbc12000002,"According to the passages, the clinical efficacy of ceftriaxone for treatment of amyotrophic lateral sclerosis (ALS) is not established. 

In Stage 3 of the trial, the primary outcome of interest was the slope of the ALSFRS-R scores, which was not significantly different between the ceftriaxone and placebo groups (p=0.2370). Additionally, no significant differences in survival between the groups were recorded in Stage 3 (HR 0.90, 95% CI 0.71 to 1.15; p=0.4146). 

In Stage 2, the mean ALSFRS-R declined more slowly in participants who received 4 g ceftriaxone than in those on placebo (difference 0.51 units per month, 95% CI 0.02 to 1.00; p=0.0416), but this difference did not persist in Stage 3. 

Overall, the available data suggest that ceftriaxone does not have a significant clinical benefit for the treatment of ALS.",2064,226,5.40340945776552,79.56495104816143,2.805126156,0.16822429906542058,0.88758177,0.41672143
Llama-3.2-3B-Instruct,4bit,56f112932ac5ed145900000d,"The main function of ""RNA sponges"" is to sequester and suppress the activity of small regulatory RNAs, such as microRNAs (miRNAs), thereby regulating gene expression post-translationally. [23446346] [25580223]

Note that RNA sponges can also function as endogenous competing RNAs (ceRNAs) for miRNAs, suppressing their activity and preventing them from targeting specific mRNAs. [25580223]",1204,98,2.718951541930437,82.93383517882663,2.805126156,0.15384615384615385,0.8650079,0.5387908
Llama-3.2-3B-Instruct,4bit,51659356298dcd4e5100005a,"Unfortunately, the passages do not provide a clear answer to how histone methyltransferases cause histone modification. However, it can be inferred that histone methyltransferases catalyze the methylation of specific arginines or lysines in histones H3 and H4, which leads to histone modification.

Passage [15248813] mentions that ""several families of histone methyltransferases (HMTs) have been identified that catalyze the methylation of specific arginines or lysines in histones H3 and H4."" However, it does not provide a detailed explanation of the catalytic mechanism or how the methylation process occurs.

Passage [12893173] discusses the purification and biochemical analysis of histone methyltransferases, but it does not delve into the specifics of how these enzymes cause histone modification.

Passage [17584191] discusses the role of histone methyltransferases in gene silencing, but it does not provide a clear explanation of how these enzymes cause histone modification.

Passage [23557020] describes the development of an assay for histone methyltransferases, but it does not provide a detailed explanation of the catalytic mechanism or how the methylation process occurs.

In summary, while the passages provide some information on histone methyltransferases, they do not provide a clear answer to how these enzymes cause histone modification.",1837,286,5.931447375100106,79.31207039890315,2.907050252,0.13461538461538464,0.8916146,0.64244735
Llama-3.2-3B-Instruct,4bit,57169662cb4ef8864c000008,"According to the passages, the function of 6S RNA in bacteria is to regulate transcription. Specifically, it inhibits transcription from many promoters during stationary phase, but releases active RNA polymerase ready for transcription during nutritional upshift. It also acts as a template for the de novo synthesis of small RNAs, termed pRNAs, and plays a role in the transition from exponential to stationary phase. Additionally, it regulates the activity of sigma(70) and sigma(S) transcription factors, contributing to increased cell persistence during nutrient deprivation.",1356,108,3.0316742076538503,82.02596022894723,2.907050252,0.15730337078651685,0.81851393,0.5962777
Llama-3.2-3B-Instruct,4bit,511979b04eab811676000003,"According to the passages, functional associations of proteins can be inferred from gene fusion events using the ""Rosetta Stone"" method, which is based on the principle of ""guilt by association."" This method assumes that two proteins, found to be transcribed by a single transcript in one (or several) genomes, are likely to be functionally linked. [18025684]

To apply this method, one can use a database such as FusionDB, which provides a characterization of a large number of gene fusion events, including orthologous genes, phylogenetic tree reconstruction, and three-dimensional protein structure information. [18025684]

Additionally, the passages suggest that combining this method with other non-homology based methods can yield valuable information for hypothesis building on protein function and guide experimental characterization of the target protein. [18025684]

It's also worth noting that the passages mention that gene fusion detection can be used to predict functional associations of proteins, including physical interaction or complex formation, and that this method can be used in high-throughput experimental settings to validate results with very high accuracy and good coverage. [23220349]",1494,228,4.685008416883647,81.20636326974855,2.907050252,0.21843003412969283,0.9144069,0.66892755
Llama-3.2-3B-Instruct,4bit,56a7d5afa17756b72f000002,The Genomic Regions Enrichment of Annotations Tool (GREAT) is a tool that analyzes the functional significance of cis-regulatory regions identified by localized measurements of DNA binding events across an entire genome. [20436461],1294,46,2.1918232082389295,83.78887842617175,2.907050252,0.28717948717948716,0.9704511,0.7112212
Llama-3.2-3B-Instruct,4bit,53188c12b166e2b80600001a,"According to passage [12855641], RhoA is involved in the pathogenesis and progression of bladder cancer. High RhoA expression is related to poor tumor differentiation, muscle invasion, and lymph node metastasis. Kaplan-Meier plots and univariate analysis also link high RhoA expression to shortened disease-free and overall survival. However, multivariate analysis suggests that only RhoC is independently influenced in disease-free survival, and RhoA and RhoC in overall survival.",2154,100,3.9504804997704923,78.29060041905817,2.907050252,0.3888888888888889,0.8983041,0.6536292
Llama-3.2-3B-Instruct,4bit,5710ade4cf1c32585100002c,"The suggested therapy for Mycobacterium avium infection is not explicitly stated in the passages. However, the passages do discuss various treatments and therapies for M. avium infection, including:

1. Phage therapy: The use of lytic mycobacteriophages, such as TM4, to kill M. avium (Passages [16584300] and [9875582]).
2. Antibiotics: The use of antibiotics such as amikacin, clarithromycin, azithromycin, and ethambutol to treat M. avium infection (Passages [9875582], [1832527], and [11073759]).
3. Combination therapy: The use of combination therapies, such as rifapentine and TLC G-65, to treat M. avium infection (Passage [1387133]).

It is worth noting that the passages suggest that a combination therapy approach may be more effective in treating M. avium infection, but they do not provide a clear recommendation for a specific therapy.",1930,214,5.145899708848447,78.52781988494274,2.907050252,0.1487603305785124,0.82682717,0.527321
Llama-3.2-3B-Instruct,4bit,517a8ce98ed59a060a000045,"The passage does not explicitly state the treatment of acute pericarditis. However, it does mention that immediate antibiotic therapy was instituted on the basis of the gram stain of the pericardial fluid, and that a high index of suspicion, combined with immediate echocardiograms and pericardiocentesis, led to the diagnosis.

It also mentions that a pericardial window was established in four patients, and that sump drains were left for postoperative suction and irrigation in one patient.

Additionally, it mentions that intrapericardial urokinase irrigation and systemic corticosteroids were used as an alternative to pericardectomy for persistent fibrino-purulent pericarditis.

It also mentions that prednisolone (20-30 mg/d) was used in addition to antituberculous chemotherapy in 11 of the 17 patients with effusive pericarditis to decrease the risk of constrictive pericarditis.

It does not provide a comprehensive treatment for acute pericarditis, but rather highlights various approaches and treatments for specific cases.",1441,225,4.592196249868721,81.10265731594653,2.907050252,0.1276595744680851,0.86816156,0.65365463
Llama-3.2-3B-Instruct,4bit,51485b9ad24251bc0500002b,"According to the passages, the clinical value of MammaPrint is that it accurately identifies breast cancer patients at low risk of developing recurrences. Specifically:

* In a Japanese population, MammaPrint classified 20% of patients as low-genomic risk and 80% as high-genomic risk, with 100% of low-risk patients remaining metastasis-free for 7.1 years (Passage [20110242]).
* In elderly women with hormone receptor-positive, HER2-negative breast cancer, MammaPrint classified 63% of patients as low-risk and 37% as high-risk, with no statistically significant differences in conventional prognostic parameters (Passage [22553468]).
* In the neoadjuvant setting, MammaPrint can predict chemosensitivity, with 20% of patients with a poor prognosis-signature achieving pathological complete remission (Passage [19214742]).
* MammaPrint has been shown to be useful in guiding adjuvant treatment decisions, with 18% of patients receiving different treatment recommendations when combining MammaPrint with clinical risk assessment (Passage [22553468]).

Overall, MammaPrint appears to be a valuable tool for identifying patients at low risk of recurrence, which can inform treatment decisions and potentially improve patient outcomes.",1819,261,5.585744000039995,78.81142207498296,2.907050252,0.12322274881516587,0.8796817,0.51846987
Llama-3.2-3B-Instruct,4bit,56b2863945561f0573000001,"According to Passage [23942116], enCHIP stands for engineered DNA-binding molecule-mediated chromatin immunoprecipitation.",1461,26,2.1293750000186265,84.13219599821888,2.907050252,0.11290322580645161,0.89880383,0.5835035
Llama-3.2-3B-Instruct,4bit,5318a6b2b166e2b80600001f,"According to the passages, aptamers may have various clinical uses, including:

1. Therapeutic anticoagulation (prevention and treatment of thrombotic disorders) [15968382]
2. Treatment of age-related macular degeneration (FDA approved in 2004) [21838685]
3. Treatment of HIV (pre-clinical studies) [21838685]
4. Treatment of cancer (pre-clinical studies) [21838685]
5. Antithrombotic strategies (e.g., alleviation of blood clotting) [9704089]
6. Treatment of AIDS (considered) [9704089]
7. Cell phenotyping (e.g., multicolored flow cytometry analysis) [20855639]

Note that these are not exhaustive lists, and the passages suggest that aptamers have a wide range of potential clinical applications.",1108,183,3.6158481668680906,81.86096970156572,2.907050252,0.14285714285714285,0.86933285,0.6315105
