target,draft,k,question_id,answer,output_tokens,seconds,tokens_per_sec,draft_token_share,peak_memory_gb
Qwen2.5-3B-Instruct,none,0,55031181e9bde69634000014,"Based on the passages provided, Hirschsprung's disease (HSCR) is described as a complex disorder with both Mendelian and multifactorial components. The passages indicate that while some cases are Mendelian (e.g., familial cases with mutations in genes like RET, EDNRB, and EDN3), the majority of cases are multifactorial. This is evident from the following points:

1. The passages mention that the majority of known genetic sites relate to Mendelian syndromic forms of Hirschsprung's disease.
2. They also state that non-syndromic non-familial, short-segment HSCR appears to represent a non-Mendelian condition with variable expression and sex-dependent penetrance.
3. The dissection of the genetic etiology of HSCR is described as providing a unique opportunity to distinguish between a polygenic and genetically heterogeneous disease, suggesting it is multifactorial.

Therefore, Hirschsprung's disease is best described as a complex disorder with both Mendelian and multifactorial components.",213,10.705452166963369,26.215751365058996,,6.858358376
Qwen2.5-3B-Instruct,none,0,532f062ad6d3ac6a34000027,"According to the passage [22416440], ivabradine in patients with postinfarction systolic chronic cardiac failure (SCCF) showed a significant decrease in heart rate from 71 to 64 beats per minute (bpm) at the end of the trial. It also promoted less frequency of hospitalizations, recurrent non-fatal MI, and fatal cardiovascular events. This effect was especially pronounced in patients with a higher baseline heart rate.",98,6.148965792264789,27.054872489289053,,6.87487392
Qwen2.5-3B-Instruct,none,0,532624ae600967d132000005,"The outcomes of Renal sympathetic denervation (RSD) include significant decreases and progressively higher reductions in systolic and diastolic blood pressure. The complication rate is minimal. [23819768], [23774592], [22573363], [23541665], [24029963]",86,5.109896583016962,27.299495778959837,,6.87487392
Qwen2.5-3B-Instruct,none,0,54f49995d0d681a040000002,"The EORTC QLQ – INFO25 questionnaire evaluates the level of information patients have received in different areas of their disease, treatment, and care. It also evaluates qualitative aspects of the information received.",43,4.319117666687816,27.085259907965153,,6.887326088
Qwen2.5-3B-Instruct,none,0,56bf3a79ef6e39474100000f,"Based on the information provided in the passages, there is no specific mention of estrogen replacement therapy (ERT) and intracranial meningioma risk. The passages discuss hormone replacement therapy (HRT) in general, but do not provide details about the specific association of ERT with meningioma risk. Therefore, I cannot provide an answer based on the given passages.",76,5.532210542354733,27.14525861770797,,6.887326164
Qwen2.5-3B-Instruct,none,0,535d78137d100faa09000005,"Based on the passages provided, acupuncture has shown some effect in smoking cessation, but the results are mixed and not consistently positive. 

[15861492] and [17698433] indicate that while acupuncture can lead to some reduction in cigarette consumption and a tendency towards reduced cravings, it does not show a significant difference in smoking cessation rates compared to a placebo. 

[12356614] suggests that acupuncture combined with education can be more effective than acupuncture alone, and that the effect is greater for those with a longer smoking history.

[10024707] reports a statistically significant difference in smoking cessation rates between the acupuncture and placebo groups, but the effect is not maintained in follow-up.

[15004442] reports a one-year success rate of 41.1% for ear acupuncture, indicating some efficacy but not a high success rate.

In summary, while acupuncture can have some positive effects on smoking cessation, its efficacy is not consistently high and more research is needed to determine its effectiveness compared to other cessation methods.",230,10.956120083108544,26.53106013931787,,6.887326164
Qwen2.5-3B-Instruct,none,0,5322d9339b2d7acc7e000011,"Based on the information provided in the passages, the main results of PRKAR1A Knockdown are:

1. PRKAR1A knockdown enhances the sensitivity of cholangiocarcinoma (CCA) cell lines to chemotherapeutic drugs, including protein kinase inhibitors and conventional chemotherapeutic drugs.
2. PRKAR1A knockdown in combination with sorafenib or 5-fluorouracil increases the apoptotic effects on CCA cell lines.
3. PRKAR1A knockdown leads to growth inhibition and apoptosis of CCA cells, with a decrease in signaling pathways such as mitogen-activated protein kinases, PI3K/Akt, JAK/STAT, and Wnt/beta-catenin.

These results suggest that PRKAR1A suppression can enhance the efficacy of conventional CCA chemotherapeutic treatments and induce apoptotic cell death.",184,9.539944084361196,26.9989535169936,,6.887326164
Qwen2.5-3B-Instruct,none,0,553fa2201d53b76422000005,"According to the passage [23354439], extracellular signal-related kinases 1 and 2 (ERK1/2) are key proteins mediating mitogen-activated protein kinase signaling downstream of RAS. They are phosphorylated, leading to nuclear uptake and modulation of multiple targets. Specifically, the passage states that ""ERK1/2 are key proteins mediating mitogen-activated protein kinase signaling downstream of RAS: phosphorylation of ERK1/2 leads to nuclear uptake and modulation of multiple targets."" In the context of craniosynostosis, reduced dosage of ERF (which encodes an inhibitory ETS transcription factor directly bound by ERK1/2) causes complex craniosynostosis in humans and mice.",159,8.827685750089586,26.602175443680228,,6.887326388
Qwen2.5-3B-Instruct,none,0,550324d7e9bde6963400002f,"Based on the passages, there is a strong association between neuroticism and the risk of Alzheimer's disease (AD). Specifically:

- In [21427641], higher levels of anxiety and vulnerability to stress were associated with increased risk of AD and more rapid decline in global cognition.
- In [23706517], individuals with scores in the top quartile of neuroticism had a threefold increased risk of incident AD.
- In [20973606], elevated Neuroticism and lower Conscientiousness were independently associated with risk of AD among adults 72 years of age and older.
- In [18694539], midlife Neuroticism was associated with younger age of dementia onset in females.
- In [23040035], higher baseline scores on neuroticism were associated with a lower likelihood of remaining asymptomatic in the presence of AD neuropathology.

Therefore, neuroticism is associated with an increased risk of Alzheimer's disease.",218,10.158987292088568,26.87914051914663,,6.887326388
Qwen2.5-3B-Instruct,none,0,52f125332059c6d71c000007,"Everolimus is a mammalian target of rapamycin (mTOR) inhibitor. According to the passage [23251295], it is approved for treating various cancers and is generally well tolerated, though it can cause certain adverse events. The passage does not specifically detail the mode of action of everolimus, but it mentions that it inhibits glycolysis in Panc-1 human pancreatic cancer cells.",88,6.154832375235856,27.184362302210655,,6.887326536
Qwen2.5-3B-Instruct,none,0,54dcb29dc0bb8dce23000004,"Hypertrophic cardiomyopathy (HCM) is known as a pathological condition of the heart. [25191275] provides the definition of HCM as ""a heart in need of an energy bar"" and describes it as ""the most common inherited cardiovascular disorder, affecting 1 in 500 adults worldwide."" It also mentions that HCM is characterized by myocyte hypertrophy resulting in thickening of the ventricular wall.",95,5.425340124871582,27.244291530755955,,6.887326536
Qwen2.5-3B-Instruct,none,0,533c388dc45e133714000008,"The principle of the PAR-CLIP methodology is to incorporate photoreactive ribonucleoside analogs into nascent RNA transcripts. These analogs are then crosslinked to interacting RNA-binding proteins (RBPs) upon irradiation with UV light. The crosslinked complex is then immunoprecipitated, and the isolated RNA is converted into a cDNA library and sequenced. The precise position of the crosslink can be identified by mutations in the sequenced cDNA, such as thymidine to cytidine transitions with 4-thiouridine (4-SU) or guanosine to adenosine transitions with 6-thioguanosine (6-SG).",143,8.02923229103908,26.872986685805753,,6.887326536
Qwen2.5-3B-Instruct,none,0,56c3323a50c68dd416000009,"According to the passage [25700542], spastic diplegia is diagnosed through a differential diagnosis process. The authors provide a brief review of spastic diplegia and the various disorders that can mimic it, which can lead to misdiagnosis. They also offer a diagnostic algorithm to assist physicians in making the correct diagnosis.",72,4.702145165763795,27.463501080565113,,6.887326536
Qwen2.5-3B-Instruct,none,0,56cf413f3975bb303a000009,"Yes, there is a genetic component for happiness. Multiple passages indicate that genetic factors play a significant role in happiness. For example:

- [20440640] states, ""Biometric modelling using R was conducted to test for a data structure implying either non-additive genetic effects or higher environmental co-twin correlation in MZ than DZ pairs (violation of the EEA). We also estimated non-random mating, cultural transmission and shared environments specific for regular siblings and twins.""
- [22885141] mentions, ""Psychologists, quality of life and well-being researchers have grown increasingly interested in understanding the factors that are associated with human happiness. Although twin studies estimate that genetic factors account for 35-50% of the variance in human happiness, knowledge of specific genes is limited.""
- [26060713] states, ""Results of studies on genetic factors indicated an average effectiveness of genetic about 35 -50 percent on happiness.""

Therefore, based on these passages, it is clear that genetic factors contribute to happiness.",225,10.452656167093664,27.004740279321386,,6.887326536
Qwen2.5-3B-Instruct,none,0,56c1d848ef6e39474100002f,"Tarlov cysts are sacral perineural cysts, which are nerve root cysts found most commonly in the sacral roots. They arise between the covering layer of the perineurium and the endoneurium near the dorsal root ganglion. [21139800]",64,4.052333625033498,27.928450296414393,,6.887326536
Qwen2.5-3B-Instruct,none,0,53312464d6d3ac6a3400003a,"According to the passage [21937732], the extracellular core ""matrisome"" comprises approximately 300 proteins in mammals. This is defined as the ensemble of ECM proteins and associated factors that are part of the ""core matrisome"" based on the analysis of whole genome sequences.",66,4.412759790662676,27.81581476908431,,6.887326536
Qwen2.5-3B-Instruct,none,0,56b3efc38525abca1e000006,"Genomicus is a database and an online tool that allows easy comparative genomic visualization in >150 eukaryote genomes. It provides a way to explore spatial information related to gene organization within and between genomes and temporal relationships related to gene and genome evolution. For the specific vertebrate phylum, it also provides access to ancestral gene order reconstructions and conserved non-coding elements information. Genomicus is freely available for online use at http://www.dyogen.ens.fr/genomicus.",103,5.625106625258923,27.702924280895683,,6.887326536
Qwen2.5-3B-Instruct,none,0,56ae35bc0a360a5e45000007,COUGER is a classification-based framework for identifying protein co-factors that might provide specificity to paralogous transcription factors. It takes as input two sets of genomic regions bound by paralogous transcription factors and identifies a small set of putative co-factors that best distinguish the two sets of sequences. [24861628],72,4.307668124791235,27.871781426214937,,6.887326536
Qwen2.5-3B-Instruct,none,0,54fc97b86ad7dcbc12000002,"Based on the information provided in the passages, the clinical efficacy of ceftriaxone for the treatment of amyotrophic lateral sclerosis (ALS) was not demonstrated in the stage 3 of the trial. Specifically, the passage [25297012] states:

""Despite promising stage 2 data, stage 3 of this trial of ceftriaxone in amyotrophic lateral sclerosis did not show clinical efficacy.""

The stage 3 trial did not record significant differences in survival between the ceftriaxone and placebo groups, with a hazard ratio (HR) of 0.90 (95% CI 0.71 to 1.15; p=0.4146). Additionally, while there was a slower decline in the ALSFRS-R scores in the ceftriaxone group compared to the placebo group during stages 1 and 2 (difference 0.51 units per month, 95% CI 0.02 to 1.00; p=0.0416), this difference was not maintained in stage 3.",239,11.641431417316198,26.864552634803346,,6.887326536
Qwen2.5-3B-Instruct,none,0,56f112932ac5ed145900000d,"The main function of ""RNA sponges"" is to sequester and bind to regulatory RNAs, such as microRNAs (miRNAs), to prevent them from binding to and regulating the expression of target messenger RNAs (mRNAs). This sequestration can either activate or inhibit the expression of the target mRNAs, depending on the context.

From the passage [25404635], we can see that circular RNAs (circRNAs) can function as miRNA sponges, which is a form of RNA sponge. The passage states, ""Circular RNAs can function as templates for viroid and viral replication, as intermediates in RNA processing reactions, as regulators of transcription in cis, as snoRNAs, and as miRNA sponges."" This indicates that the primary function of RNA sponges is to bind and sequester miRNAs, thereby affecting the expression of target mRNAs.",197,8.934315165970474,27.104516978771883,,6.887326536
Qwen2.5-3B-Instruct,Qwen2.5-1.5B-Instruct,1,55031181e9bde69634000014,"Based on the passages, Hirschsprung's disease (HSCR) is considered a complex disorder with both Mendelian and multifactorial components. The passages indicate that while some cases are Mendelian (e.g., familial cases with mutations in genes like RET, EDNRB, and EDN3), the majority of cases are not Mendelian and are characterized by incomplete penetrance and variable expression, suggesting a multifactorial inheritance pattern. Therefore, HSCR is best described as a model of a complex oligo-/polygenic disorder.

[15617541] and [23001136] specifically mention that the majority of identified genes are related to Mendelian syndromic forms, while non-syndromic non-familial, short-segment HSCR appears to represent a non-Mendelian condition.",176,15.0766398338601,15.779805485409911,0.4318181818181818,9.67802178
Qwen2.5-3B-Instruct,Qwen2.5-1.5B-Instruct,1,532f062ad6d3ac6a34000027,"According to the passage [22416440], ivabradine in patients with postinfarction systolic chronic cardiac failure (SCCF) showed a significant decrease in heart rate from 71 to 64 beats per minute (bpm) at the end of the trial. It also promoted less frequency of hospitalizations, recurrent non-fatal MI, and lethality (combined endpoint) compared to standard treatment alone. The effect was more pronounced in patients with higher baseline heart rate.",105,10.420218625105917,16.225500877957987,0.44761904761904764,9.681691776
Qwen2.5-3B-Instruct,Qwen2.5-1.5B-Instruct,1,532624ae600967d132000005,"The outcomes of Renal sympathetic denervation (RSD) include significant decreases and progressively higher reductions in systolic and diastolic blood pressure. The complication rate is minimal. [23819768], [23774592], [22573363], [23541665], [24029963]",86,8.271348416339606,16.437318293401198,0.46511627906976744,9.681691776
Qwen2.5-3B-Instruct,Qwen2.5-1.5B-Instruct,1,54f49995d0d681a040000002,"The EORTC QLQ – INFO25 questionnaire evaluates the level of information patients have received in different areas of their disease, treatment, and care. It also evaluates qualitative aspects of the information received.",43,6.95938766701147,16.370836244831708,0.46511627906976744,9.6990998
Qwen2.5-3B-Instruct,Qwen2.5-1.5B-Instruct,1,56bf3a79ef6e39474100000f,"Based on the information provided in the passages, there is no specific mention of estrogen replacement therapy (ERT) and intracranial meningioma risk. The passages discuss hormone replacement therapy (HRT) in general, but do not provide details about the specific association of ERT with meningioma risk. Therefore, I cannot provide an answer based on the given passages.",76,9.098741541616619,15.97002356646444,0.4473684210526316,9.6990998
Qwen2.5-3B-Instruct,Qwen2.5-1.5B-Instruct,1,535d78137d100faa09000005,"Based on the passages provided, acupuncture has shown some effect in smoking cessation, but the results are mixed and not consistently positive. 

[15861492] and [17698433] indicate that while acupuncture can lead to some reduction in cigarette consumption and a tendency towards reduced cravings, it does not show a significant difference in smoking cessation rates compared to a placebo. 

[12356614] suggests that acupuncture combined with education can be more effective than acupuncture alone, and that the effect is greater for those with a longer smoking history.

[10024707] reports a statistically significant difference in smoking cessation rates between the acupuncture and placebo groups, but the effect is not maintained in follow-up.

[15004442] reports a one-year success rate of 41.1% for ear acupuncture, indicating some efficacy but not a high success rate.

In summary, while acupuncture can have some positive effects on smoking cessation, its efficacy is not consistently high and more research is needed to determine its best application.",226,17.783137707971036,15.799434520828216,0.4424778761061947,9.6990998
Qwen2.5-3B-Instruct,Qwen2.5-1.5B-Instruct,1,5322d9339b2d7acc7e000011,"Based on the information provided in the passages, the main results of PRKAR1A Knockdown are:

1. PRKAR1A knockdown enhances the sensitivity of cholangiocarcinoma (CCA) cell lines to chemotherapeutic drugs, including protein kinase inhibitors and conventional chemotherapeutic drugs.
2. PRKAR1A knockdown in combination with sorafenib or 5-fluorouracil increases the apoptotic effects on CCA cell lines.
3. PRKAR1A knockdown leads to growth inhibition and apoptosis of CCA cells, with a decrease in signaling pathways such as mitogen-activated protein kinases, PI3K/Akt, JAK/STAT, and Wnt/beta-catenin.

These results suggest that PRKAR1A suppression can enhance the efficacy of conventional CCA chemotherapeutic treatments and induce apoptotic cell death.",184,15.5655387500301,16.230386753991358,0.4673913043478261,9.6990998
Qwen2.5-3B-Instruct,Qwen2.5-1.5B-Instruct,1,553fa2201d53b76422000005,"According to the passage [23354439], extracellular signal-related kinases 1 and 2 (ERK1/2) are key proteins mediating mitogen-activated protein kinase signaling downstream of RAS. They are phosphorylated, leading to nuclear uptake and modulation of multiple targets. Specifically, the passage states that ""ERK1/2 are key proteins mediating mitogen-activated protein kinase signaling downstream of RAS: phosphorylation of ERK1/2 leads to nuclear uptake and modulation of multiple targets."" In the context of craniosynostosis, reduced dosage of ERF (which encodes an inhibitory ETS transcription factor directly bound by ERK1/2) causes complex craniosynostosis in humans and mice.",159,14.080705082975328,16.611811918556448,0.4779874213836478,9.6990998
Qwen2.5-3B-Instruct,Qwen2.5-1.5B-Instruct,1,550324d7e9bde6963400002f,"Based on the passages provided, there is a strong association between neuroticism and the risk of Alzheimer's disease (AD). Specifically:

- In [21427641], higher levels of anxiety and vulnerability to stress were associated with increased risk of AD and more rapid decline in global cognition.
- In [23706517], individuals with scores in the top quartile of neuroticism had a threefold increased risk of incident AD.
- In [20973606], elevated Neuroticism and lower Conscientiousness were independently associated with risk of AD among adults 72 years of age and older.
- In [18694539], midlife Neuroticism was associated with younger age of dementia onset in females.
- In [23040035], higher baseline scores on neuroticism were associated with a lower likelihood of remaining asymptomatic in the presence of AD neuropathology.

Therefore, neuroticism is associated with an increased risk of Alzheimer's disease.",219,16.599706416018307,16.41854253613924,0.4703196347031963,9.6990998
Qwen2.5-3B-Instruct,Qwen2.5-1.5B-Instruct,1,52f125332059c6d71c000007,"Everolimus is a mammalian target of rapamycin (mTOR) inhibitor. According to the passage [23251295], it is approved for treating various cancers and is generally well tolerated, though it can cause certain adverse events. The passage does not specifically detail the mode of action of everolimus, but it mentions that it inhibits glycolysis in Panc-1 human pancreatic cancer cells.",88,10.1453971657902,15.90687380874543,0.4318181818181818,9.6990998
Qwen2.5-3B-Instruct,Qwen2.5-1.5B-Instruct,1,54dcb29dc0bb8dce23000004,"Hypertrophic cardiomyopathy (HCM) is known as a pathological condition of the heart. [25191275] provides the definition of HCM as ""a heart in need of an energy bar"" and describes it as ""a primary disease of the cardiac muscle that occurs mainly due to mutations (>1,400 variants) in genes encoding for the cardiac sarcomere."" It also mentions that HCM is ""the most common familial form of cardiomyopathy, affecting one in every 500 people in the general population.""",117,10.156849584076554,16.177039211243475,0.452991452991453,9.6990998
Qwen2.5-3B-Instruct,Qwen2.5-1.5B-Instruct,1,533c388dc45e133714000008,"The principle of the PAR-CLIP methodology is the incorporation of photoreactive ribonucleoside analogs, such as 4-thiouridine (4-SU) and 6-thioguanosine (6-SG), into nascent RNA transcripts by living cells. Irradiation of the cells by UV light of 365 nm induces efficient crosslinking of photoreactive nucleoside-labeled cellular RNAs to interacting RNA-binding proteins (RBPs). This crosslinking is followed by immunoprecipitation of the RBP of interest, isolation of the crosslinked and coimmunoprecipitated RNA, conversion into a cDNA library, and deep sequencing using Solexa technology. The precise position of crosslinking can be identified by mutations in the sequenced cDNA, allowing for the separation of UV-crosslinked target RNA segments from background non-crosslinked RNA fragments.",189,15.666571875102818,16.679906097999073,0.48148148148148145,9.6990998
Qwen2.5-3B-Instruct,Qwen2.5-1.5B-Instruct,1,56c3323a50c68dd416000009,"According to the passage [25700542], spastic diplegia is diagnosed through a differential diagnosis process. The authors provide a brief review of spastic diplegia and the various disorders that can mimic it, which can lead to misdiagnosis. They also offer a diagnostic algorithm to assist physicians in making the correct diagnosis.",72,7.529256040696055,16.651021162760014,0.4861111111111111,9.6990998
Qwen2.5-3B-Instruct,Qwen2.5-1.5B-Instruct,1,56cf413f3975bb303a000009,"Yes, there is a genetic component for happiness. Multiple passages indicate that genetic factors play a significant role in happiness. For example:

- [20440640] states that ""Biometric modelling using R was conducted to test for a data structure implying either non-additive genetic effects or higher environmental co-twin correlation in MZ than DZ pairs (violation of the EEA). We also estimated non-random mating, cultural transmission and shared environments specific for regular siblings and twins.""
- [22885141] mentions that ""Psychologists, quality of life and well-being researchers have grown increasingly interested in understanding the factors that are associated with human happiness. Although twin studies estimate that genetic factors account for 35-50% of the variance in human happiness, knowledge of specific genes is limited.""
- [26060713] states that ""Results of studies on genetic factors indicated an average effectiveness of genetic about 35 -50 percent on happiness.""

Therefore, the answer is yes, there is a genetic component for happiness.",223,16.68546729069203,16.61306578327156,0.4798206278026906,9.6990998
Qwen2.5-3B-Instruct,Qwen2.5-1.5B-Instruct,1,56c1d848ef6e39474100002f,"Tarlov cysts are sacral perineural cysts, which are nerve root cysts found most commonly in the sacral roots. They arise between the covering layer of the perineurium and the endoneurium near the dorsal root ganglion. [21139800]",64,6.487729208078235,16.840251540684672,0.484375,9.6990998
Qwen2.5-3B-Instruct,Qwen2.5-1.5B-Instruct,1,53312464d6d3ac6a3400003a,"According to the passage [21937732], the extracellular core ""matrisome"" comprises approximately 300 proteins in mammals. This is defined as the ensemble of ECM proteins and associated factors that are part of the ""core matrisome"" based on the analysis of whole genome sequences.",66,7.629069209098816,15.294827494504547,0.42424242424242425,9.6990998
Qwen2.5-3B-Instruct,Qwen2.5-1.5B-Instruct,1,56b3efc38525abca1e000006,"Genomicus is a database and an online tool that allows easy comparative genomic visualization in >150 eukaryote genomes. It provides a way to explore spatial information related to gene organization within and between genomes and temporal relationships related to gene and genome evolution. For the specific vertebrate phylum, it also provides access to ancestral gene order reconstructions and conserved non-coding elements information. Genomicus is freely available for online use at http://www.dyogen.ens.fr/genomicus.",103,9.25890937494114,16.555608915314387,0.49514563106796117,9.6990998
Qwen2.5-3B-Instruct,Qwen2.5-1.5B-Instruct,1,56ae35bc0a360a5e45000007,COUGER is a classification-based framework for identifying protein co-factors that might provide specificity to paralogous transcription factors. It takes as input two sets of genomic regions bound by paralogous transcription factors and identifies a small set of putative co-factors that best distinguish the two sets of sequences. [24861628],72,6.941393583547324,17.074439962083325,0.4861111111111111,9.6990998
Qwen2.5-3B-Instruct,Qwen2.5-1.5B-Instruct,1,54fc97b86ad7dcbc12000002,"Based on the information provided in the passages, the clinical efficacy of ceftriaxone for the treatment of amyotrophic lateral sclerosis (ALS) was not demonstrated in the stage 3 of the trial. Specifically, the passage [25297012] states:

""Despite promising stage 2 data, stage 3 of this trial of ceftriaxone in amyotrophic lateral sclerosis did not show clinical efficacy.""

The stage 3 trial did not record significant differences in survival between the ceftriaxone and placebo groups, with a hazard ratio (HR) of 0.90 (95% CI 0.71 to 1.15; p=0.4146). Additionally, while there was a slower decline in the ALSFRS-R scores in the ceftriaxone group compared to the placebo group during stages 1 and 2 (difference 0.51 units per month, 95% CI 0.02 to 1.00; p=0.0416), this difference was not maintained in stage 3.",239,18.883551792241633,16.497455720201753,0.4769874476987448,9.699116184
Qwen2.5-3B-Instruct,Qwen2.5-1.5B-Instruct,1,56f112932ac5ed145900000d,"The main function of ""RNA sponges"" is to sequester and bind to regulatory RNAs, such as microRNAs (miRNAs), to prevent them from binding to and regulating the expression of target messenger RNAs (mRNAs). This sequestration can either activate or inhibit the expression of the target mRNAs, depending on the context.

From the passage [25404635], we can see that circular RNAs (circRNAs) can function as miRNA sponges, which is a form of RNA sponge. The passage states, ""Circular RNAs can function as templates for viroid and viral replication, as intermediates in RNA processing reactions, as regulators of transcription in cis, as snoRNAs, and as miRNA sponges."" This indicates that the primary function of RNA sponges is to bind and sequester miRNAs, thereby affecting the expression of target mRNAs.",197,14.619349207729101,16.31224637052958,0.45685279187817257,9.699116184
Qwen2.5-3B-Instruct,Qwen2.5-1.5B-Instruct,2,55031181e9bde69634000014,"Based on the passages, Hirschsprung's disease (HSCR) is considered a complex disorder with both Mendelian and multifactorial components. The passages indicate that while some cases are Mendelian (e.g., familial cases with mutations in genes like RET, EDNRB, and EDN3), the majority of cases are not Mendelian and are characterized by incomplete penetrance and variable expression, suggesting a multifactorial inheritance pattern. Therefore, HSCR is best described as a model of a complex oligo-/polygenic disorder.

[15617541] and [23001136] specifically mention that the majority of identified genes are related to Mendelian syndromic forms, while non-syndromic non-familial, short-segment HSCR appears to represent a non-Mendelian condition.",176,13.916663042269647,17.875627655146694,0.5738636363636364,9.67802178
Qwen2.5-3B-Instruct,Qwen2.5-1.5B-Instruct,2,532f062ad6d3ac6a34000027,"According to the passage [22416440], ivabradine in patients with postinfarction systolic chronic cardiac failure (SCCF) showed a significant decrease in heart rate from 71 to 64 beats per minute (bpm) at the end of the trial. It also promoted less frequency of hospitalizations, recurrent non-fatal MI, and lethality (combined endpoint) compared to standard treatment alone. The effect was more pronounced in patients with higher baseline heart rate.",105,9.551808667369187,18.9122901035629,0.6,9.681986688
Qwen2.5-3B-Instruct,Qwen2.5-1.5B-Instruct,2,532624ae600967d132000005,"The outcomes of Renal sympathetic denervation (RSD) include significant decreases and progressively higher reductions in systolic and diastolic blood pressure. The complication rate is minimal. [23819768], [23774592], [22573363], [23541665], [24029963]",86,7.313484583050013,20.17394554168511,0.627906976744186,9.681986688
Qwen2.5-3B-Instruct,Qwen2.5-1.5B-Instruct,2,54f49995d0d681a040000002,"The EORTC QLQ – INFO25 questionnaire evaluates the level of information patients have received in different areas of their disease, treatment, and care. It also evaluates qualitative aspects of the information received.",43,6.317818457726389,21.97785534442011,0.6744186046511628,9.699394712
Qwen2.5-3B-Instruct,Qwen2.5-1.5B-Instruct,2,56bf3a79ef6e39474100000f,"Based on the information provided in the passages, there is no specific mention of estrogen replacement therapy (ERT) and intracranial meningioma risk. The passages discuss hormone replacement therapy (HRT) in general, but do not provide details about the specific association of ERT with meningioma risk. Therefore, I cannot provide an answer based on the given passages.",76,8.707585792057216,17.93029415117951,0.5657894736842105,9.699394712
Qwen2.5-3B-Instruct,Qwen2.5-1.5B-Instruct,2,535d78137d100faa09000005,"Based on the passages provided, acupuncture has shown some effect in smoking cessation, but the results are mixed and not consistently positive. 

[15861492] and [17698433] indicate that while acupuncture can lead to some reduction in cigarette consumption and a tendency towards reduced cravings, it does not show a significant difference in smoking cessation rates compared to a placebo. 

[12356614] suggests that acupuncture combined with education can be more effective than acupuncture alone, and that the effect is greater for those with a longer smoking history.

[10024707] reports a statistically significant difference in smoking cessation rates between the acupuncture and placebo groups, but the effect is not maintained in follow-up.

[15004442] reports a one-year success rate of 41.1% for ear acupuncture, indicating some efficacy but not a high success rate.

In summary, while acupuncture can have some positive effects on smoking cessation, its efficacy is not consistently high and more research is needed to determine its best application.",226,16.164079874753952,17.91227063284321,0.5707964601769911,9.699394712
Qwen2.5-3B-Instruct,Qwen2.5-1.5B-Instruct,2,5322d9339b2d7acc7e000011,"Based on the information provided in the passages, the main results of PRKAR1A Knockdown are:

1. PRKAR1A knockdown enhances the sensitivity of cholangiocarcinoma (CCA) cell lines to chemotherapeutic drugs, including protein kinase inhibitors and conventional chemotherapeutic drugs.
2. PRKAR1A knockdown in combination with sorafenib or 5-fluorouracil increases the apoptotic effects on CCA cell lines.
3. PRKAR1A knockdown leads to growth inhibition and apoptosis of CCA cells, with a decrease in signaling pathways such as mitogen-activated protein kinases, PI3K/Akt, JAK/STAT, and Wnt/beta-catenin.

These results suggest that PRKAR1A suppression can enhance the efficacy of conventional CCA chemotherapeutic treatments and induce apoptotic cell death.",184,13.221402916125953,20.553039282034742,0.6413043478260869,9.699394712
Qwen2.5-3B-Instruct,Qwen2.5-1.5B-Instruct,2,553fa2201d53b76422000005,"According to the passage [23354439], extracellular signal-related kinases 1 and 2 (ERK1/2) are key proteins mediating mitogen-activated protein kinase signaling downstream of RAS. They are phosphorylated, leading to nuclear uptake and modulation of multiple targets. Specifically, the passage states that ""ERK1/2 are key proteins mediating mitogen-activated protein kinase signaling downstream of RAS: phosphorylation of ERK1/2 leads to nuclear uptake and modulation of multiple targets."" In the context of craniosynostosis, reduced dosage of ERF (which encodes an inhibitory ETS transcription factor directly bound by ERK1/2) causes complex craniosynostosis in humans and mice.",159,12.561537625268102,19.75252375541913,0.6226415094339622,9.699394712
Qwen2.5-3B-Instruct,Qwen2.5-1.5B-Instruct,2,550324d7e9bde6963400002f,"Based on the passages provided, there is a strong association between neuroticism and the risk of Alzheimer's disease (AD). Specifically:

- In [21427641], higher levels of anxiety and vulnerability to stress were associated with increased risk of AD and more rapid decline in global cognition.
- In [23706517], individuals with scores in the top quartile of neuroticism had a threefold increased risk of incident AD.
- In [20973606], elevated Neuroticism and lower Conscientiousness were independently associated with risk of AD among adults 72 years of age and older.
- In [18694539], midlife Neuroticism was associated with younger age of dementia onset in females.
- In [23040035], higher baseline scores on neuroticism were associated with a lower likelihood of remaining asymptomatic in the presence of AD neuropathology.

Therefore, neuroticism is associated with an increased risk of Alzheimer's disease.",219,14.428131292108446,19.612957098815325,0.6164383561643836,9.699394712
Qwen2.5-3B-Instruct,Qwen2.5-1.5B-Instruct,2,52f125332059c6d71c000007,"Everolimus is a mammalian target of rapamycin (mTOR) inhibitor. According to the passage [23251295], it is approved for treating various cancers and is generally well tolerated, though it can cause certain adverse events. The passage does not specifically detail the mode of action of everolimus, but it mentions that it inhibits glycolysis in Panc-1 human pancreatic cancer cells.",88,9.437794666271657,18.319400092578935,0.5795454545454546,9.699394712
Qwen2.5-3B-Instruct,Qwen2.5-1.5B-Instruct,2,54dcb29dc0bb8dce23000004,"Hypertrophic cardiomyopathy (HCM) is known as a pathological condition of the heart. [25191275] provides the definition of HCM as ""a heart in need of an energy bar"" and describes it as ""a primary disease of the cardiac muscle that occurs mainly due to mutations (>1,400 variants) in genes encoding for the cardiac sarcomere."" It also mentions that HCM is ""the most common familial form of cardiomyopathy, affecting one in every 500 people in the general population.""",117,9.178753999993205,18.987718217770926,0.6068376068376068,9.699394712
Qwen2.5-3B-Instruct,Qwen2.5-1.5B-Instruct,2,533c388dc45e133714000008,"The principle of the PAR-CLIP methodology is the incorporation of photoreactive ribonucleoside analogs, such as 4-thiouridine (4-SU) and 6-thioguanosine (6-SG), into nascent RNA transcripts by living cells. Irradiation of the cells by UV light of 365 nm induces efficient crosslinking of photoreactive nucleoside-labeled cellular RNAs to interacting RNA-binding proteins (RBPs). This crosslinking is followed by immunoprecipitation of the RBP of interest, isolation of the crosslinked and coimmunoprecipitated RNA, conversion into a cDNA library, and deep sequencing using Solexa technology. The precise position of crosslinking can be identified by mutations in the sequenced cDNA, allowing for the separation of UV-crosslinked target RNA segments from background non-crosslinked RNA fragments.",189,13.762242874596268,20.17695285592515,0.6349206349206349,9.699394712
Qwen2.5-3B-Instruct,Qwen2.5-1.5B-Instruct,2,56c3323a50c68dd416000009,"According to the passage [25700542], spastic diplegia is diagnosed through a differential diagnosis process. The authors provide a brief review of spastic diplegia and the various disorders that can mimic it, which can lead to misdiagnosis. They also offer a diagnostic algorithm to assist physicians in making the correct diagnosis.",72,6.898387708235532,19.547930353739314,0.6111111111111112,9.699394712
Qwen2.5-3B-Instruct,Qwen2.5-1.5B-Instruct,2,56cf413f3975bb303a000009,"Yes, there is a genetic component for happiness. Multiple passages indicate that genetic factors play a significant role in happiness. For example:

- [20440640] states that ""Biometric modelling using R was conducted to test for a data structure implying either non-additive genetic effects or higher environmental co-twin correlation in MZ than DZ pairs (violation of the EEA). We also estimated non-random mating, cultural transmission and shared environments specific for regular siblings and twins.""
- [22885141] mentions that ""Psychologists, quality of life and well-being researchers have grown increasingly interested in understanding the factors that are associated with human happiness. Although twin studies estimate that genetic factors account for 35-50% of the variance in human happiness, knowledge of specific genes is limited.""
- [26060713] states that ""Results of studies on genetic factors indicated an average effectiveness of genetic about 35 -50 percent on happiness.""

Therefore, the answer is yes, there is a genetic component for happiness.",223,14.0459947087802,20.678353622228578,0.6412556053811659,9.699394712
Qwen2.5-3B-Instruct,Qwen2.5-1.5B-Instruct,2,56c1d848ef6e39474100002f,"Tarlov cysts are sacral perineural cysts, which are nerve root cysts found most commonly in the sacral roots. They arise between the covering layer of the perineurium and the endoneurium near the dorsal root ganglion. [21139800]",64,5.765341749880463,21.534125597300875,0.640625,9.699394712
Qwen2.5-3B-Instruct,Qwen2.5-1.5B-Instruct,2,53312464d6d3ac6a3400003a,"According to the passage [21937732], the extracellular core ""matrisome"" comprises approximately 300 proteins in mammals. This is defined as the ensemble of ECM proteins and associated factors that are part of the ""core matrisome"" based on the analysis of whole genome sequences.",66,6.818332999944687,18.22053452063977,0.5606060606060606,9.699394712
Qwen2.5-3B-Instruct,Qwen2.5-1.5B-Instruct,2,56b3efc38525abca1e000006,"Genomicus is a database and an online tool that allows easy comparative genomic visualization in >150 eukaryote genomes. It provides a way to explore spatial information related to gene organization within and between genomes and temporal relationships related to gene and genome evolution. For the specific vertebrate phylum, it also provides access to ancestral gene order reconstructions and conserved non-coding elements information. Genomicus is freely available for online use at http://www.dyogen.ens.fr/genomicus.",103,7.729262207634747,21.55347302055168,0.6601941747572816,9.699394712
Qwen2.5-3B-Instruct,Qwen2.5-1.5B-Instruct,2,56ae35bc0a360a5e45000007,COUGER is a classification-based framework for identifying protein co-factors that might provide specificity to paralogous transcription factors. It takes as input two sets of genomic regions bound by paralogous transcription factors and identifies a small set of putative co-factors that best distinguish the two sets of sequences. [24861628],72,6.1849175831303,20.723895008163932,0.6388888888888888,9.699394712
Qwen2.5-3B-Instruct,Qwen2.5-1.5B-Instruct,2,54fc97b86ad7dcbc12000002,"Based on the information provided in the passages, the clinical efficacy of ceftriaxone for the treatment of amyotrophic lateral sclerosis (ALS) was not demonstrated in the stage 3 of the trial. Specifically, the passage [25297012] states:

""Despite promising stage 2 data, stage 3 of this trial of ceftriaxone in amyotrophic lateral sclerosis did not show clinical efficacy.""

The stage 3 trial did not record significant differences in survival between the ceftriaxone and placebo groups, with a hazard ratio (HR) of 0.90 (95% CI 0.71 to 1.15; p=0.4146). Additionally, while there was a slower decline in the ALSFRS-R scores in the ceftriaxone group compared to the placebo group during stages 1 and 2 (difference 0.51 units per month, 95% CI 0.02 to 1.00; p=0.0416), this difference was not maintained in stage 3.",239,16.49365254212171,19.812605153094342,0.6276150627615062,9.699394712
Qwen2.5-3B-Instruct,Qwen2.5-1.5B-Instruct,2,56f112932ac5ed145900000d,"The main function of ""RNA sponges"" is to sequester and bind to regulatory RNAs, such as microRNAs (miRNAs), to prevent them from binding to and regulating the expression of target messenger RNAs (mRNAs). This sequestration can either activate or inhibit the expression of the target mRNAs, depending on the context.

From the passage [25404635], we can see that circular RNAs (circRNAs) can function as miRNA sponges, which is a form of RNA sponge. The passage states, ""Circular RNAs can function as templates for viroid and viral replication, as intermediates in RNA processing reactions, as regulators of transcription in cis, as snoRNAs, and as miRNA sponges."" This indicates that the primary function of RNA sponges is to bind and sequester miRNAs, thereby affecting the expression of target mRNAs.",197,12.706898208707571,19.402251830585815,0.6040609137055838,9.699394712
Qwen2.5-3B-Instruct,Qwen2.5-1.5B-Instruct,4,55031181e9bde69634000014,"Based on the passages, Hirschsprung's disease (HSCR) is considered a complex oligo-/polygenic disorder rather than a Mendelian disorder. The passages indicate that HSCR is characterized by incomplete penetrance and variable expression, and that it often involves multiple loci and modifier genes. For example, [15617541] states, ""Non-syndromic non-familial, short-segment HSCR appears to represent a non-Mendelian condition with variable expression and sex-dependent penetrance."" Additionally, [11324313] mentions, ""The dissection of the genetic etiology of HSCR disease may then provide a unique opportunity to distinguish between a polygenic and a genetically heterogeneous disease, thereby helping to understand other complex disorders and congenital malformations hitherto considered as multifactorial in origin.""

Therefore, Hirschsprung's disease is described as a multifactorial disorder rather than a Mendelian one.",203,13.006548332981765,22.60776515213037,0.7536945812807881,9.678020868
Qwen2.5-3B-Instruct,Qwen2.5-1.5B-Instruct,4,532f062ad6d3ac6a34000027,"According to the passage [22416440], ivabradine in patients with postinfarction systolic chronic cardiac failure (SCCF) showed a significant decrease in heart rate from 71 to 64 beats per minute (bpm) at the end of the trial. It also promoted less frequency of hospitalizations, recurrent non-fatal MI, and lethality (combined endpoint) compared to standard treatment alone. The effect was more pronounced in patients with higher baseline heart rate.",105,9.440208834130317,19.576408619816455,0.7238095238095238,9.682595852
Qwen2.5-3B-Instruct,Qwen2.5-1.5B-Instruct,4,532624ae600967d132000005,"The outcomes of Renal sympathetic denervation (RSD) include significant decreases and progressively higher reductions in systolic and diastolic blood pressure. The complication rate is minimal. These outcomes are observed at 6, 12, and 24 months after the intervention with the Symplicity catheter. [24029963] provides a review of these outcomes.",81,7.4025066662579775,19.44362468357689,0.7160493827160493,9.682595852
Qwen2.5-3B-Instruct,Qwen2.5-1.5B-Instruct,4,54f49995d0d681a040000002,"The EORTC QLQ – INFO25 questionnaire evaluates the level of information patients have received in different areas of their disease, treatment, and care. It also evaluates qualitative aspects of the information received.",43,6.366973207797855,24.533009284428356,0.7906976744186046,9.70000092
Qwen2.5-3B-Instruct,Qwen2.5-1.5B-Instruct,4,56bf3a79ef6e39474100000f,"Based on the information provided in the passages, there is no definitive statistical evidence of an increased risk of meningioma among users of estrogen replacement therapy (ERT). However, the available data suggest an association with increased risk. Specifically, the passage [17580362] states:

""Although not definitive, available data suggest an association between the use of hormone replacement therapy and increased meningioma risk. Further evaluation of exogenous hormone use in women with meningioma is needed with particular attention to stratification by hormone (ie, estrogen and/or progesterone) composition, duration of and age at use as well as tumor receptor subtype.""

Therefore, while there is an association, the evidence is not definitive.",147,11.552462582942098,20.892768240546502,0.7414965986394558,9.70000092
Qwen2.5-3B-Instruct,Qwen2.5-1.5B-Instruct,4,535d78137d100faa09000005,"Based on the passages provided, acupuncture has shown some effect in smoking cessation, but the results are mixed and not consistently positive. 

[15861492] and [17698433] indicate that while acupuncture can lead to some reduction in cigarette consumption and a tendency towards reduced cravings, it does not show a significant difference in smoking cessation rates compared to a placebo. 

[12356614] suggests that acupuncture combined with education can be more effective than acupuncture alone, and that the effect is greater for those with a longer smoking history.

[10024707] reports a statistically significant difference in smoking cessation rates between the acupuncture and placebo groups, but the effect size is small (12.5% vs 0%).

[15004442] reports a one-year success rate of 41.1% for ear acupuncture, indicating some efficacy but not a high success rate.

In summary, while acupuncture can have some positive effects on smoking cessation, its efficacy is not consistently high and more research is needed to determine its effectiveness compared to other cessation methods.",236,17.379949667025357,17.200884410008232,0.673728813559322,9.70000092
Qwen2.5-3B-Instruct,Qwen2.5-1.5B-Instruct,4,5322d9339b2d7acc7e000011,"Based on the information provided in the passages, the main results of PRKAR1A Knockdown are:

1. PRKAR1A knockdown enhances the sensitivity of cholangiocarcinoma (CCA) cell lines to chemotherapeutic drugs, including protein kinase inhibitors and conventional chemotherapeutic drugs.
2. PRKAR1A knockdown in combination with some chemotherapeutic drugs (e.g., sorafenib or 5-fluorouracil) increases the apoptotic effects on CCA cell lines.

These results suggest that selective inhibition of PRKAR1A can enhance the growth inhibitory effects of chemotherapeutic drugs and induce apoptotic cell death.",140,10.826827957760543,21.6849976336251,0.7571428571428571,9.70000092
Qwen2.5-3B-Instruct,Qwen2.5-1.5B-Instruct,4,553fa2201d53b76422000005,"According to the passage [23354439], extracellular signal-related kinases 1 and 2 (ERK1/2) are key proteins mediating mitogen-activated protein kinase signaling downstream of RAS. They are phosphorylated, leading to nuclear uptake and modulation of multiple targets. Specifically, the passage states that ""ERK1/2 are key proteins mediating mitogen-activated protein kinase signaling downstream of RAS: phosphorylation of ERK1/2 leads to nuclear uptake and modulation of multiple targets."" In the context of craniosynostosis, reduced dosage of ERF (which encodes an inhibitory ETS transcription factor directly bound by ERK1/2) causes complex craniosynostosis in humans and mice.",159,12.010385708883405,21.835520393189555,0.7610062893081762,9.70000092
Qwen2.5-3B-Instruct,Qwen2.5-1.5B-Instruct,4,550324d7e9bde6963400002f,"Based on the passages provided, there is a strong association between neuroticism and the risk of Alzheimer's disease (AD). Specifically:

- In [21427641], higher levels of anxiety and vulnerability to stress were associated with increased risk of AD and more rapid decline in global cognition.
- In [23706517], individuals with scores in the top quartile of neuroticism had a threefold increased risk of incident AD.
- In [20973606], elevated Neuroticism and lower Conscientiousness were independently associated with risk of AD among adults 72 years of age and older.
- In [18694539], midlife Neuroticism was associated with younger age of dementia onset in females.
- In [23040035], higher baseline scores on neuroticism were associated with a lower likelihood of remaining asymptomatic in the presence of AD neuropathology.

Therefore, neuroticism is associated with an increased risk of Alzheimer's disease.",219,13.685347167309374,21.29056442542948,0.7442922374429224,9.70000092
Qwen2.5-3B-Instruct,Qwen2.5-1.5B-Instruct,4,52f125332059c6d71c000007,"Everolimus is a mammalian target of rapamycin (mTOR) inhibitor. According to the passage [23251295], it is approved for treating various cancers and is generally well tolerated, though it can cause certain adverse events. The passage does not specifically detail the mode of action of everolimus, but it mentions that it inhibits glycolysis in Panc-1 human pancreatic cancer cells.",88,9.829475916922092,17.667314677877265,0.6931818181818182,9.70000092
Qwen2.5-3B-Instruct,Qwen2.5-1.5B-Instruct,4,54dcb29dc0bb8dce23000004,"Hypertrophic cardiomyopathy (HCM) is known as a pathological condition of the heart. [25191275] provides the definition: ""Hypertrophic cardiomyopathy (HCM) is a primary disease of the cardiac muscle that occurs mainly due to mutations (>1,400 variants) in genes encoding for the cardiac sarcomere.""",80,6.755634415894747,21.8023758396867,0.7375,9.70000092
Qwen2.5-3B-Instruct,Qwen2.5-1.5B-Instruct,4,533c388dc45e133714000008,"The principle of the PAR-CLIP methodology is the incorporation of photoreactive ribonucleoside analogs, such as 4-thiouridine (4-SU) and 6-thioguanosine (6-SG), into nascent RNA transcripts by living cells. Irradiation of the cells by UV light of 365 nm induces efficient crosslinking of photoreactive nucleoside-labeled cellular RNAs to interacting RNA-binding proteins (RBPs). This crosslinking is then followed by immunoprecipitation of the RBP of interest, isolation of the crosslinked and coimmunoprecipitated RNA, conversion into a cDNA library, and deep sequencing using Solexa technology. The precise position of crosslinking can be identified by mutations in the sequenced cDNA, such as thymidine to cytidine transitions with 4-SU and guanosine to adenosine transitions with 6-SG.",201,13.60099304234609,22.243990141664717,0.7661691542288557,9.70000092
Qwen2.5-3B-Instruct,Qwen2.5-1.5B-Instruct,4,56c3323a50c68dd416000009,"According to the passage [25700542], spastic diplegia is diagnosed through a differential diagnosis process. The authors provide a brief review of spastic diplegia and the various disorders that can mimic it, which can lead to misdiagnosis. They also offer a diagnostic algorithm to assist physicians in making the correct diagnosis.",72,6.345393166877329,24.139331883227154,0.7777777777777778,9.70000092
Qwen2.5-3B-Instruct,Qwen2.5-1.5B-Instruct,4,56cf413f3975bb303a000009,"Yes, there is a genetic component for happiness. Multiple passages indicate that genetic factors play a significant role in happiness. For example:

- [20440640] states that ""Biometric modelling using R was conducted to test for a data structure implying either non-additive genetic effects or higher environmental co-twin correlation in MZ than DZ pairs (violation of the EEA). We also estimated non-random mating, cultural transmission and shared environments specific for regular siblings and twins.""
- [22885141] mentions that ""Psychologists, quality of life and well-being researchers have grown increasingly interested in understanding the factors that are associated with human happiness. Although twin studies estimate that genetic factors account for 35-50% of the variance in human happiness, knowledge of specific genes is limited.""
- [26060713] states that ""Results of studies on genetic factors indicated an average effectiveness of genetic about 35 -50 percent on happiness.""

Therefore, the answer is yes, there is a genetic component for happiness.",223,13.508839250076562,22.03307516912751,0.757847533632287,9.70000092
Qwen2.5-3B-Instruct,Qwen2.5-1.5B-Instruct,4,56c1d848ef6e39474100002f,"Tarlov cysts are sacral perineural cysts, which are nerve root cysts found most commonly in the sacral roots, arising between the covering layer of the perineurium and the endoneurium near the dorsal root ganglion. [21139800]",63,5.2769964169710875,25.805409962698942,0.7936507936507936,9.70000092
Qwen2.5-3B-Instruct,Qwen2.5-1.5B-Instruct,4,53312464d6d3ac6a3400003a,"According to the passage [21937732], the extracellular core ""matrisome"" comprises approximately 300 proteins in mammals. This is defined as the ensemble of ECM proteins and associated factors that are part of the ""core matrisome"" based on the analysis of whole genome sequences.",66,6.9891302078031,18.30900291728949,0.696969696969697,9.70000092
Qwen2.5-3B-Instruct,Qwen2.5-1.5B-Instruct,4,56b3efc38525abca1e000006,"Genomicus is a database and an online tool that allows easy comparative genomic visualization in >150 eukaryote genomes. It provides a way to explore spatial information related to gene organization within and between genomes and temporal relationships related to gene and genome evolution. For the specific vertebrate phylum, it also provides access to ancestral gene order reconstructions and conserved non-coding elements information. Genomicus is freely available for online use at http://www.dyogen.ens.fr/genomicus.",103,7.248223999980837,24.745782384383656,0.7864077669902912,9.70000092
Qwen2.5-3B-Instruct,Qwen2.5-1.5B-Instruct,4,56ae35bc0a360a5e45000007,COUGER is a classification-based framework for identifying protein co-factors that might provide specificity to paralogous transcription factors. It takes as input two sets of genomic regions bound by paralogous transcription factors and identifies a small set of putative co-factors that best distinguish the two sets of sequences. [24861628],72,5.972185207996517,23.249192517570922,0.75,9.70000092
Qwen2.5-3B-Instruct,Qwen2.5-1.5B-Instruct,4,54fc97b86ad7dcbc12000002,"Based on the information provided in the passages, the clinical efficacy of ceftriaxone for the treatment of amyotrophic lateral sclerosis (ALS) was not demonstrated in the study. Specifically, the passage [25297012] states:

""Despite promising stage 2 data, stage 3 of this trial of ceftriaxone in amyotrophic lateral sclerosis did not show clinical efficacy.""

The study found that while there was a trend towards slower functional decline in the ceftriaxone group compared to the placebo group during stage 2, this difference was not statistically significant in stage 3. Additionally, there was no significant difference in survival between the ceftriaxone and placebo groups in stage 3.",156,12.32288824999705,20.195729305980148,0.7371794871794872,9.70000092
Qwen2.5-3B-Instruct,Qwen2.5-1.5B-Instruct,4,56f112932ac5ed145900000d,"The main function of ""RNA sponges"" is to sequester and bind to regulatory RNAs, such as microRNAs (miRNAs), to prevent them from binding to and regulating the expression of target messenger RNAs (mRNAs). This sequestration can either activate or inhibit the expression of the target mRNAs, depending on the context.

From the passage [25404635], we can see that circular RNAs (circRNAs) can function as miRNA sponges, which is a form of RNA sponge. The passage states, ""Circular RNAs can function as templates for viroid and viral replication, as intermediates in RNA processing reactions, as regulators of transcription in cis, as snoRNAs, and as miRNA sponges."" This indicates that the primary function of RNA sponges is to bind and sequester miRNAs, thereby affecting the expression of target mRNAs.",197,12.613134042359889,19.989890730689343,0.7157360406091371,9.70000092
Qwen2.5-3B-Instruct,Qwen2.5-1.5B-Instruct,8,55031181e9bde69634000014,"Based on the passages provided, Hirschsprung's disease (HSCR) is described as a complex disorder with both Mendelian and multifactorial components. The passages indicate that while some cases are Mendelian (e.g., familial cases with mutations in genes like RET, EDNRB, and EDN3), the majority of cases are multifactorial. This is evident from the following points:

1. The passages mention that the majority of known genetic sites relate to Mendelian syndromic forms of Hirschsprung's disease.
2. They also state that non-syndromic non-familial, short-segment HSCR appears to represent a non-Mendelian condition with variable expression and sex-dependent penetrance.
3. The passages discuss the involvement of modifier genes, suggesting that HSCR is polygenic and not solely Mendelian.

Therefore, Hirschsprung's disease is described as a complex disorder with both Mendelian and multifactorial inheritance patterns.",199,17.85388508392498,14.625096491918017,0.7487437185929648,9.678029972
Qwen2.5-3B-Instruct,Qwen2.5-1.5B-Instruct,8,532f062ad6d3ac6a34000027,"According to the passage [22416440], ivabradine in patients with postinfarction systolic chronic cardiac failure (SCCF) showed a significant decrease in heart rate from 71 to 64 beats per minute (bpm) at the end of the trial. It also promoted less frequency of hospitalizations, recurrent non-fatal MI, and lethality (combined endpoint) compared to standard treatment alone. The effect was more pronounced in patients with higher baseline heart rate.",105,10.272023541852832,17.53295172255864,0.7904761904761904,9.683813504
Qwen2.5-3B-Instruct,Qwen2.5-1.5B-Instruct,8,532624ae600967d132000005,"The outcomes of Renal sympathetic denervation (RSD) include significant decreases and progressively higher reductions in systolic and diastolic blood pressure. The complication rate is minimal. These outcomes are observed at 6, 12, and 24 months after the intervention with the Symplicity catheter. [24029963] provides a review of these outcomes.",81,8.657429415732622,15.188067893520385,0.7530864197530864,9.683813504
Qwen2.5-3B-Instruct,Qwen2.5-1.5B-Instruct,8,54f49995d0d681a040000002,"The EORTC QLQ – INFO25 questionnaire evaluates the level of information patients have received in different areas of their disease, treatment, and care. It also evaluates qualitative aspects of the information received.",43,6.393894959241152,25.83928410386402,0.8604651162790697,9.701213336
Qwen2.5-3B-Instruct,Qwen2.5-1.5B-Instruct,8,56bf3a79ef6e39474100000f,"Based on the information provided in the passages, there is no specific mention of estrogen replacement therapy (ERT) and intracranial meningioma risk. The passages discuss hormone replacement therapy (HRT) in general, but do not provide details about the specific association of ERT with meningioma risk. Therefore, I cannot provide an answer based on the given passages.",76,10.380922832991928,13.256428701803088,0.7236842105263158,9.701213336
Qwen2.5-3B-Instruct,Qwen2.5-1.5B-Instruct,8,535d78137d100faa09000005,"Based on the passages provided, acupuncture has shown some effect in smoking cessation, but the results are mixed and not consistently positive. Here are the key points:

- [15861492] and [17698433] indicate that acupuncture can lead to some reduction in cigarette consumption and a tendency towards reduced desire to smoke, but the success rate in achieving complete cessation is low (0.6% in one study and 27.1% in another).
- [12356614] suggests that acupuncture combined with education can significantly reduce smoking and cigarette consumption, with the combined group showing the greatest effect.
- [10024707] reports a 12.5% cessation rate for the acupuncture group compared to 0% for the placebo group at six months, though this difference was not statistically significant (P = 0.055).

Overall, while acupuncture can have some positive effects, it does not appear to be a highly effective standalone method for smoking cessation. Combining acupuncture with other interventions like education or nicotine replacement therapy may be more effective.",233,20.647611000109464,13.780843488094883,0.7296137339055794,9.701213336
Qwen2.5-3B-Instruct,Qwen2.5-1.5B-Instruct,8,5322d9339b2d7acc7e000011,"Based on the information provided in the passages, the main results of PRKAR1A Knockdown are:

1. PRKAR1A knockdown enhances the sensitivity of cholangiocarcinoma (CCA) cell lines to chemotherapeutic drugs, including protein kinase inhibitors and conventional chemotherapeutic drugs.
2. PRKAR1A knockdown in combination with sorafenib or 5-fluorouracil increases the apoptotic effects on CCA cell lines.
3. PRKAR1A knockdown leads to growth inhibition and apoptosis of CCA cells, with a decrease in signaling pathways such as mitogen-activated protein kinases, PI3K/Akt, JAK/STAT, and Wnt/beta-catenin.

These results suggest that PRKAR1A suppression can enhance the growth inhibitory effects of chemotherapeutic drugs and induce apoptotic cell death in CCA cells.",188,13.190100332722068,21.702360999000504,0.8351063829787234,9.701213336
Qwen2.5-3B-Instruct,Qwen2.5-1.5B-Instruct,8,553fa2201d53b76422000005,"According to the passage [23354439], extracellular signal-related kinases 1 and 2 (ERK1/2) are key proteins mediating mitogen-activated protein kinase signaling downstream of RAS. They are phosphorylated, leading to nuclear uptake and modulation of multiple targets. Specifically, the passage states that ""ERK1/2 are key proteins mediating mitogen-activated protein kinase signaling downstream of RAS: phosphorylation of ERK1/2 leads to nuclear uptake and modulation of multiple targets."" In the context of craniosynostosis, reduced dosage of ERF (which encodes an inhibitory ETS transcription factor directly bound by ERK1/2) causes complex craniosynostosis in humans and mice.",159,12.396702916827053,20.970364719867018,0.8301886792452831,9.701213336
Qwen2.5-3B-Instruct,Qwen2.5-1.5B-Instruct,8,550324d7e9bde6963400002f,"Based on the passages provided, there is a strong association between neuroticism and the risk of Alzheimer's disease (AD). Specifically:

- In [21427641], higher levels of anxiety and vulnerability to stress were associated with increased risk of AD and more rapid decline in global cognition.
- In [23706517], individuals with scores in the top quartile of neuroticism had a threefold increased risk of incident AD.
- In [20973606], elevated Neuroticism and lower Conscientiousness were independently associated with risk of AD among adults 72 years of age and older.
- In [18694539], midlife Neuroticism was associated with younger age of dementia onset in females.
- In [23040035], higher baseline scores on neuroticism were associated with a lower likelihood of remaining asymptomatic in the presence of AD neuropathology.

Therefore, neuroticism is associated with an increased risk of Alzheimer's disease.",219,15.33879445772618,18.466177254264068,0.8036529680365296,9.701213336
Qwen2.5-3B-Instruct,Qwen2.5-1.5B-Instruct,8,52f125332059c6d71c000007,"Everolimus is a mammalian target of rapamycin (mTOR) inhibitor. According to the passage [23251295], it is approved for treating various cancers and is generally well tolerated, though it can cause certain adverse events. The passage does not specifically detail the mode of action of everolimus, but it mentions that it inhibits glycolysis in Panc-1 human pancreatic cancer cells.",88,11.142576209269464,14.175099038328042,0.7386363636363636,9.701213336
Qwen2.5-3B-Instruct,Qwen2.5-1.5B-Instruct,8,54dcb29dc0bb8dce23000004,"Hypertrophic cardiomyopathy (HCM) is known as a pathological condition of the heart. [25191275] provides the definition of HCM as ""a heart in need of an energy bar"" and describes it as ""a primary disease of the cardiac muscle that occurs mainly due to mutations (>1,400 variants) in genes encoding for the cardiac sarcomere."" It also mentions that HCM is ""the most common familial form of cardiomyopathy, affecting one in every 500 people in the general population.""",117,8.909133249893785,20.15553237321826,0.8034188034188035,9.701213336
Qwen2.5-3B-Instruct,Qwen2.5-1.5B-Instruct,8,533c388dc45e133714000008,"The principle of the PAR-CLIP methodology is the incorporation of photoreactive ribonucleoside analogs, such as 4-thiouridine (4-SU) and 6-thioguanosine (6-SG), into nascent RNA transcripts by living cells. Irradiation of the cells by UV light of 365 nm induces efficient crosslinking of photoreactive nucleoside-labeled cellular RNAs to interacting RNA-binding proteins (RBPs). This crosslinking is followed by immunoprecipitation of the RBP of interest, isolation of the crosslinked and coimmunoprecipitated RNA, conversion into a cDNA library, and deep sequencing using Solexa technology. The precise position of crosslinking can be identified by mutations in the sequenced cDNA, allowing for the separation of UV-crosslinked target RNA segments from background non-crosslinked RNA fragments.",189,11.766001583077013,26.065476636411056,0.8571428571428571,9.701213336
Qwen2.5-3B-Instruct,Qwen2.5-1.5B-Instruct,8,56c3323a50c68dd416000009,"According to the passage [25700542], spastic diplegia is diagnosed through a differential diagnosis process. The authors provide a brief review of spastic diplegia and the various disorders that can mimic it, which can lead to misdiagnosis. They also offer a diagnostic algorithm to assist physicians in making the correct diagnosis.",72,6.466202999930829,23.315498105016353,0.8333333333333334,9.701213336
Qwen2.5-3B-Instruct,Qwen2.5-1.5B-Instruct,8,56cf413f3975bb303a000009,"Yes, there is a genetic component for happiness. Multiple passages indicate that genetic factors play a significant role in happiness. For example:

- [20440640] states that ""Biometric studies have shown that happiness is strongly affected by genes"" and provides estimates of heritability, with broad-sense heritability estimated to be 0.33 for females and 0.36 for males.
- [20397744] reports that the heritability of happiness was estimated at 22% for males and 41% for females in a large sample of twins and siblings.
- [26060713] states that ""Among all endogenic factors, biological sub-factors are the significant predictors of happiness"" and mentions that ""Results of studies on genetic factors indicated an average effectiveness of genetic about 35 -50 percent on happiness.""

These passages collectively support the conclusion that there is a genetic component to happiness.",205,14.083507833071053,19.17676509411191,0.8,9.701213336
Qwen2.5-3B-Instruct,Qwen2.5-1.5B-Instruct,8,56c1d848ef6e39474100002f,"Tarlov cysts are sacral perineural cysts, which are nerve root cysts found most commonly in the sacral roots. They arise between the covering layer of the perineurium and the endoneurium near the dorsal root ganglion. [21139800]",64,4.922982916235924,31.423830326120292,0.859375,9.701213336
Qwen2.5-3B-Instruct,Qwen2.5-1.5B-Instruct,8,53312464d6d3ac6a3400003a,"According to the passage [21937732], the extracellular core ""matrisome"" comprises approximately 300 proteins in mammals. This is defined as the ensemble of ECM proteins and associated factors that are part of the ""core matrisome"" based on the analysis of whole genome sequences.",66,7.4706569579429924,16.06500810825274,0.7424242424242424,9.701213336
Qwen2.5-3B-Instruct,Qwen2.5-1.5B-Instruct,8,56b3efc38525abca1e000006,"Genomicus is a database and an online tool that allows easy comparative genomic visualization in >150 eukaryote genomes. It provides a way to explore spatial information related to gene organization within and between genomes and temporal relationships related to gene and genome evolution. For the specific vertebrate phylum, it also provides access to ancestral gene order reconstructions and conserved non-coding elements information. Genomicus is freely available for online use at http://www.dyogen.ens.fr/genomicus.",103,6.4629810829646885,30.353983434211674,0.8737864077669902,9.701213336
Qwen2.5-3B-Instruct,Qwen2.5-1.5B-Instruct,8,56ae35bc0a360a5e45000007,COUGER is a classification-based framework for identifying protein co-factors that might provide specificity to paralogous transcription factors. It takes as input two sets of genomic regions bound by paralogous transcription factors and identifies a small set of putative co-factors that best distinguish the two sets of sequences. [24861628],72,5.924354957882315,23.663914244297004,0.8333333333333334,9.701213336
Qwen2.5-3B-Instruct,Qwen2.5-1.5B-Instruct,8,54fc97b86ad7dcbc12000002,"Based on the information provided in the passages, the clinical efficacy of ceftriaxone for the treatment of amyotrophic lateral sclerosis (ALS) was not demonstrated in the stage 3 of the trial. Specifically, the passage [25297012] states:

""Despite promising stage 2 data, stage 3 of this trial of ceftriaxone in amyotrophic lateral sclerosis did not show clinical efficacy.""

The stage 3 trial did not record significant differences in survival between the ceftriaxone and placebo groups, with a hazard ratio (HR) of 0.90 (95% CI 0.71 to 1.15; p=0.4146). Additionally, while there was a slower decline in the ALSFRS-R scores in the ceftriaxone group compared to the placebo group during stages 1 and 2 (difference 0.51 units per month, 95% CI 0.02 to 1.00; p=0.0416), this difference was not maintained in stage 3.",239,14.974599416833371,22.8539675249833,0.8326359832635983,9.701213336
Qwen2.5-3B-Instruct,Qwen2.5-1.5B-Instruct,8,56f112932ac5ed145900000d,"The main function of ""RNA sponges"" is to sequester and bind to regulatory RNAs, such as microRNAs (miRNAs), to prevent them from binding to and regulating the expression of target messenger RNAs (mRNAs). This sequestration can either activate or inhibit the expression of the target mRNAs, depending on the context.

From the passage [25404635], we can see that circular RNAs (circRNAs) can function as miRNA sponges, which is a form of RNA sponge. The passage states, ""Circular RNAs can function as templates for viroid and viral replication, as intermediates in RNA processing reactions, as regulators of transcription in cis, as snoRNAs, and as miRNA sponges."" This indicates that the primary function of RNA sponges is to bind and sequester miRNAs, thereby affecting the expression of target mRNAs.",197,13.808964625000954,17.79445692738432,0.7817258883248731,9.701213336
Qwen2.5-3B-Instruct,Qwen2.5-0.5B-Instruct,1,55031181e9bde69634000014,"Based on the passages, Hirschsprung's disease (HSCR) is considered a complex disorder with both Mendelian and multifactorial components. The passages indicate that while some cases are Mendelian (e.g., familial cases with mutations in genes like RET, EDNRB, and EDN3), the majority of cases are not Mendelian and are characterized by incomplete penetrance and variable expression, suggesting a multifactorial inheritance pattern. Therefore, HSCR is best described as a model of a complex oligo-/polygenic disorder.

[15617541] and [23001136] specifically mention that the majority of identified genes are related to Mendelian syndromic forms, while non-syndromic non-familial, short-segment HSCR appears to represent a non-Mendelian condition.",176,12.396533832885325,18.81138223809782,0.4147727272727273,7.796182036
Qwen2.5-3B-Instruct,Qwen2.5-0.5B-Instruct,1,532f062ad6d3ac6a34000027,"According to the passage [22416440], ivabradine in patients with postinfarction systolic chronic cardiac failure (SCCF) showed a significant decrease in heart rate from 71 to 64 beats per minute (bpm) at the end of the trial. It also promoted less frequency of hospitalizations, recurrent non-fatal MI, and lethality (combined endpoint) compared to standard treatment alone. The effect was more pronounced in patients with higher baseline heart rate.",105,8.45371179189533,19.463770645055675,0.44761904761904764,7.796805576
Qwen2.5-3B-Instruct,Qwen2.5-0.5B-Instruct,1,532624ae600967d132000005,"The outcomes of Renal sympathetic denervation (RSD) include significant decreases and progressively higher reductions in systolic and diastolic blood pressure. The complication rate is minimal. [23819768], [23774592], [22573363], [23541665], [24029963]",86,6.855958417057991,19.527697473796394,0.45348837209302323,7.796805576
Qwen2.5-3B-Instruct,Qwen2.5-0.5B-Instruct,1,54f49995d0d681a040000002,"The EORTC QLQ – INFO25 questionnaire evaluates the level of information patients have received in different areas of their disease, treatment, and care. It also evaluates qualitative aspects of the information received.",43,5.557768332771957,20.221773680592122,0.4418604651162791,7.796808648
Qwen2.5-3B-Instruct,Qwen2.5-0.5B-Instruct,1,56bf3a79ef6e39474100000f,"Based on the information provided in the passages, there is no specific mention of estrogen replacement therapy (ERT) and intracranial meningioma risk. The passages discuss hormone replacement therapy (HRT) in general, but do not provide details about the specific association of ERT with meningioma risk. Therefore, I cannot provide an answer based on the given passages.",76,7.335780792403966,19.192946087194965,0.4342105263157895,7.796808648
Qwen2.5-3B-Instruct,Qwen2.5-0.5B-Instruct,1,535d78137d100faa09000005,"Based on the passages provided, acupuncture has shown some effect in smoking cessation, but the results are mixed and not consistently positive. 

[15861492] and [17698433] indicate that while acupuncture can lead to some reduction in cigarette consumption and a tendency towards reduced cravings, it does not show a significant difference in smoking cessation rates compared to a placebo. 

[12356614] suggests that acupuncture combined with education can be more effective than acupuncture alone, and that the effect is greater for those with a longer smoking history.

[10024707] reports a statistically significant difference in smoking cessation rates between the acupuncture and placebo groups, but the effect is not maintained in follow-up.

[15004442] reports a one-year success rate of 41.1% for ear acupuncture, indicating some efficacy but not a high success rate.

In summary, while acupuncture can have some positive effects on smoking cessation, its efficacy is not consistently high and more research is needed to determine its best application.",226,15.035562583245337,18.409487546932983,0.4026548672566372,7.796808648
Qwen2.5-3B-Instruct,Qwen2.5-0.5B-Instruct,1,5322d9339b2d7acc7e000011,"Based on the information provided in the passages, the main results of PRKAR1A Knockdown are:

1. PRKAR1A knockdown enhances the sensitivity of cholangiocarcinoma (CCA) cell lines to chemotherapeutic drugs, including protein kinase inhibitors and conventional chemotherapeutic drugs.
2. PRKAR1A knockdown in combination with sorafenib or 5-fluorouracil increases the apoptotic effects on CCA cell lines.
3. PRKAR1A knockdown leads to growth inhibition and apoptosis of CCA cells, with a decrease in signaling pathways such as mitogen-activated protein kinases, PI3K/Akt, JAK/STAT, and Wnt/beta-catenin.

These results suggest that PRKAR1A suppression can enhance the efficacy of conventional CCA chemotherapeutic treatments and induce apoptotic cell death.",184,12.367004917003214,20.07315200337884,0.46195652173913043,7.796808648
Qwen2.5-3B-Instruct,Qwen2.5-0.5B-Instruct,1,553fa2201d53b76422000005,"According to the passage [23354439], extracellular signal-related kinases 1 and 2 (ERK1/2) are key proteins mediating mitogen-activated protein kinase signaling downstream of RAS. They are phosphorylated, leading to nuclear uptake and modulation of multiple targets. Specifically, the passage states that ""ERK1/2 are key proteins mediating mitogen-activated protein kinase signaling downstream of RAS: phosphorylation of ERK1/2 leads to nuclear uptake and modulation of multiple targets."" In the context of craniosynostosis, reduced dosage of ERF (which encodes an inhibitory ETS transcription factor directly bound by ERK1/2) causes complex craniosynostosis in humans and mice.",159,11.408871750347316,20.002569512378752,0.4779874213836478,7.796808648
Qwen2.5-3B-Instruct,Qwen2.5-0.5B-Instruct,1,550324d7e9bde6963400002f,"Based on the passages provided, there is a strong association between neuroticism and the risk of Alzheimer's disease (AD). Specifically:

- In [21427641], higher levels of anxiety and vulnerability to stress were associated with increased risk of AD and more rapid decline in global cognition.
- In [23706517], individuals with scores in the top quartile of neuroticism had a threefold increased risk of incident AD.
- In [20973606], elevated Neuroticism and lower Conscientiousness were independently associated with risk of AD among adults 72 years of age and older.
- In [18694539], midlife Neuroticism was associated with younger age of dementia onset in females.
- In [23040035], higher baseline scores on neuroticism were associated with a lower likelihood of remaining asymptomatic in the presence of AD neuropathology.

Therefore, neuroticism is associated with an increased risk of Alzheimer's disease.",219,13.893890125211328,19.250964671116947,0.45662100456621,7.796808648
Qwen2.5-3B-Instruct,Qwen2.5-0.5B-Instruct,1,52f125332059c6d71c000007,"Everolimus is a mammalian target of rapamycin (mTOR) inhibitor. According to the passage [23251295], it is approved for treating various cancers and is generally well tolerated, though it can cause certain adverse events. The passage does not specifically detail the mode of action of everolimus, but it mentions that it inhibits glycolysis in Panc-1 human pancreatic cancer cells.",88,8.278517208062112,19.03176302369453,0.4431818181818182,7.796808648
Qwen2.5-3B-Instruct,Qwen2.5-0.5B-Instruct,1,54dcb29dc0bb8dce23000004,"Hypertrophic cardiomyopathy (HCM) is known as a pathological condition of the heart. [25191275] provides the definition of HCM as ""a heart in need of an energy bar"" and describes it as ""a primary disease of the cardiac muscle that occurs mainly due to mutations (>1,400 variants) in genes encoding for the cardiac sarcomere."" It also mentions that HCM is ""the most common familial form of cardiomyopathy, affecting one in every 500 people in the general population.""",117,8.36560683278367,19.611855400041506,0.4700854700854701,7.796808648
Qwen2.5-3B-Instruct,Qwen2.5-0.5B-Instruct,1,533c388dc45e133714000008,"The principle of the PAR-CLIP methodology is the incorporation of photoreactive ribonucleoside analogs, such as 4-thiouridine (4-SU) and 6-thioguanosine (6-SG), into nascent RNA transcripts by living cells. Irradiation of the cells by UV light of 365 nm induces efficient crosslinking of photoreactive nucleoside-labeled cellular RNAs to interacting RNA-binding proteins (RBPs). This crosslinking is followed by immunoprecipitation of the RBP of interest, isolation of the crosslinked and coimmunoprecipitated RNA, conversion into a cDNA library, and deep sequencing using Solexa technology. The precise position of crosslinking can be identified by mutations in the sequenced cDNA, allowing for the separation of UV-crosslinked target RNA segments from background non-crosslinked RNA fragments.",189,12.661796083208174,20.525256611918007,0.47619047619047616,7.796808648
Qwen2.5-3B-Instruct,Qwen2.5-0.5B-Instruct,1,56c3323a50c68dd416000009,"According to the passage [25700542], spastic diplegia is diagnosed through a differential diagnosis process. The authors provide a brief review of spastic diplegia and the various disorders that can mimic it, which can lead to misdiagnosis. They also offer a diagnostic algorithm to assist physicians in making the correct diagnosis.",72,5.960161999799311,20.560235727751145,0.4722222222222222,7.796808648
Qwen2.5-3B-Instruct,Qwen2.5-0.5B-Instruct,1,56cf413f3975bb303a000009,"Yes, there is a genetic component for happiness. Multiple passages indicate that genetic factors play a significant role in happiness. For example:

- [20440640] states that ""Biometric modelling using R was conducted to test for a data structure implying either non-additive genetic effects or higher environmental co-twin correlation in MZ than DZ pairs (violation of the EEA). We also estimated non-random mating, cultural transmission and shared environments specific for regular siblings and twins.""
- [22885141] mentions that ""Psychologists, quality of life and well-being researchers have grown increasingly interested in understanding the factors that are associated with human happiness. Although twin studies estimate that genetic factors account for 35-50% of the variance in human happiness, knowledge of specific genes is limited.""
- [26060713] states that ""Results of studies on genetic factors indicated an average effectiveness of genetic about 35 -50 percent on happiness.""

Therefore, the answer is yes, there is a genetic component for happiness.",223,13.458484709262848,20.280705887234035,0.4663677130044843,7.796836296
Qwen2.5-3B-Instruct,Qwen2.5-0.5B-Instruct,1,56c1d848ef6e39474100002f,"Tarlov cysts are sacral perineural cysts, which are nerve root cysts found most commonly in the sacral roots. They arise between the covering layer of the perineurium and the endoneurium near the dorsal root ganglion. [21139800]",64,5.182603584136814,20.616720466361375,0.46875,7.796836296
Qwen2.5-3B-Instruct,Qwen2.5-0.5B-Instruct,1,53312464d6d3ac6a3400003a,"According to the passage [21937732], the extracellular core ""matrisome"" comprises approximately 300 proteins in mammals. This is defined as the ensemble of ECM proteins and associated factors that are part of the ""core matrisome"" based on the analysis of whole genome sequences.",66,5.824384749867022,19.65534623961616,0.4393939393939394,7.796836296
Qwen2.5-3B-Instruct,Qwen2.5-0.5B-Instruct,1,56b3efc38525abca1e000006,"Genomicus is a database and an online tool that allows easy comparative genomic visualization in >150 eukaryote genomes. It provides a way to explore spatial information related to gene organization within and between genomes and temporal relationships related to gene and genome evolution. For the specific vertebrate phylum, it also provides access to ancestral gene order reconstructions and conserved non-coding elements information. Genomicus is freely available for online use at http://www.dyogen.ens.fr/genomicus.",103,7.229391417000443,20.75717366324868,0.4854368932038835,7.796836296
Qwen2.5-3B-Instruct,Qwen2.5-0.5B-Instruct,1,56ae35bc0a360a5e45000007,COUGER is a classification-based framework for identifying protein co-factors that might provide specificity to paralogous transcription factors. It takes as input two sets of genomic regions bound by paralogous transcription factors and identifies a small set of putative co-factors that best distinguish the two sets of sequences. [24861628],72,5.447811207734048,21.623784265495882,0.4861111111111111,7.796836296
Qwen2.5-3B-Instruct,Qwen2.5-0.5B-Instruct,1,54fc97b86ad7dcbc12000002,"Based on the information provided in the passages, the clinical efficacy of ceftriaxone for the treatment of amyotrophic lateral sclerosis (ALS) was not demonstrated in the stage 3 of the trial. Specifically, the passage [25297012] states:

""Despite promising stage 2 data, stage 3 of this trial of ceftriaxone in amyotrophic lateral sclerosis did not show clinical efficacy.""

The stage 3 trial did not record significant differences in survival between the ceftriaxone and placebo groups, with a hazard ratio (HR) of 0.90 (95% CI 0.71 to 1.15; p=0.4146). Additionally, while there was a slower decline in the ALSFRS-R scores in the ceftriaxone group compared to the placebo group during stages 1 and 2 (difference 0.51 units per month, 95% CI 0.02 to 1.00; p=0.0416), this difference was not maintained in stage 3.",239,15.491430917289108,19.703439060480257,0.4476987447698745,7.796836296
Qwen2.5-3B-Instruct,Qwen2.5-0.5B-Instruct,1,56f112932ac5ed145900000d,"The main function of ""RNA sponges"" is to sequester and bind to regulatory RNAs, such as microRNAs (miRNAs), to prevent them from binding to and regulating the expression of target messenger RNAs (mRNAs). This sequestration can either activate or inhibit the expression of the target mRNAs, depending on the context.

From the passage [25404635], we can see that circular RNAs (circRNAs) can function as miRNA sponges, which is a form of RNA sponge. The passage states, ""Circular RNAs can function as templates for viroid and viral replication, as intermediates in RNA processing reactions, as regulators of transcription in cis, as snoRNAs, and as miRNA sponges."" This indicates that the primary function of RNA sponges is to bind and sequester miRNAs, thereby affecting the expression of target mRNAs.",197,11.980584708042443,19.708933484679946,0.4416243654822335,7.796836296
Qwen2.5-3B-Instruct,Qwen2.5-0.5B-Instruct,2,55031181e9bde69634000014,"Based on the passages, Hirschsprung's disease (HSCR) is considered a complex disorder with both Mendelian and multifactorial components. The passages indicate that while some cases are Mendelian (e.g., familial cases with mutations in genes like RET, EDNRB, and EDN3), the majority of cases are not Mendelian and are characterized by incomplete penetrance and variable expression, suggesting a multifactorial inheritance pattern. Therefore, HSCR is best described as a model of a complex oligo-/polygenic disorder.

[15617541] and [23001136] specifically mention that the majority of identified genes are related to Mendelian syndromic forms, while non-syndromic non-familial, short-segment HSCR appears to represent a non-Mendelian condition.",176,10.876850583124906,22.711926876076323,0.5511363636363636,7.79618298
Qwen2.5-3B-Instruct,Qwen2.5-0.5B-Instruct,2,532f062ad6d3ac6a34000027,"According to the passage [22416440], ivabradine in patients with postinfarction systolic chronic cardiac failure (SCCF) showed a significant decrease in heart rate from 71 to 64 beats per minute (bpm) at the end of the trial. It also promoted less frequency of hospitalizations, recurrent non-fatal MI, and lethality (combined endpoint) compared to standard treatment alone. The effect was more pronounced in patients with higher baseline heart rate.",105,7.616039417218417,23.38972639974045,0.580952380952381,7.797100488
Qwen2.5-3B-Instruct,Qwen2.5-0.5B-Instruct,2,532624ae600967d132000005,"The outcomes of Renal sympathetic denervation (RSD) include significant decreases and progressively higher reductions in systolic and diastolic blood pressure. The complication rate is minimal. [23819768], [23774592], [22573363], [23541665], [24029963]",86,5.869894832838327,25.17317411748468,0.6162790697674418,7.797100488
Qwen2.5-3B-Instruct,Qwen2.5-0.5B-Instruct,2,54f49995d0d681a040000002,"The EORTC QLQ – INFO25 questionnaire evaluates the level of information patients have received in different areas of their disease, treatment, and care. It also evaluates qualitative aspects of the information received.",43,5.282740707974881,23.28455917795446,0.5813953488372093,7.79710356
Qwen2.5-3B-Instruct,Qwen2.5-0.5B-Instruct,2,56bf3a79ef6e39474100000f,"Based on the information provided in the passages, there is no specific mention of estrogen replacement therapy (ERT) and intracranial meningioma risk. The passages discuss hormone replacement therapy (HRT) in general, but do not provide details about the specific association of ERT with meningioma risk. Therefore, I cannot provide an answer based on the given passages.",76,6.389510333072394,25.89268987845464,0.618421052631579,7.79710356
Qwen2.5-3B-Instruct,Qwen2.5-0.5B-Instruct,2,535d78137d100faa09000005,"Based on the passages provided, acupuncture has shown some effect in smoking cessation, but the results are mixed and not consistently positive. 

[15861492] and [17698433] indicate that while acupuncture can lead to some reduction in cigarette consumption and a tendency towards reduced cravings, it does not show a significant difference in smoking cessation rates compared to a placebo. 

[12356614] suggests that acupuncture combined with education can be more effective than acupuncture alone, and that the effect is greater for those with a longer smoking history.

[10024707] reports a statistically significant difference in smoking cessation rates between the acupuncture and placebo groups, but the effect is not maintained in follow-up.

[15004442] reports a one-year success rate of 41.1% for ear acupuncture, indicating some efficacy but not a high success rate.

In summary, while acupuncture can have some positive effects on smoking cessation, its efficacy is not consistently high and more research is needed to determine its best application.",226,13.320789375342429,21.439177181347343,0.5398230088495575,7.79710356
Qwen2.5-3B-Instruct,Qwen2.5-0.5B-Instruct,2,5322d9339b2d7acc7e000011,"Based on the information provided in the passages, the main results of PRKAR1A Knockdown are:

1. PRKAR1A knockdown enhances the sensitivity of cholangiocarcinoma (CCA) cell lines to chemotherapeutic drugs, including protein kinase inhibitors and conventional chemotherapeutic drugs.
2. PRKAR1A knockdown in combination with sorafenib or 5-fluorouracil increases the apoptotic effects on CCA cell lines.
3. PRKAR1A knockdown leads to growth inhibition and apoptosis of CCA cells, with a decrease in signaling pathways such as mitogen-activated protein kinases, PI3K/Akt, JAK/STAT, and Wnt/beta-catenin.

These results suggest that PRKAR1A suppression can enhance the efficacy of conventional CCA chemotherapeutic treatments and induce apoptotic cell death.",184,11.073634708300233,23.790767059691557,0.6086956521739131,7.79710356
Qwen2.5-3B-Instruct,Qwen2.5-0.5B-Instruct,2,553fa2201d53b76422000005,"According to the passage [23354439], extracellular signal-related kinases 1 and 2 (ERK1/2) are key proteins mediating mitogen-activated protein kinase signaling downstream of RAS. They are phosphorylated, leading to nuclear uptake and modulation of multiple targets. Specifically, the passage states that ""ERK1/2 are key proteins mediating mitogen-activated protein kinase signaling downstream of RAS: phosphorylation of ERK1/2 leads to nuclear uptake and modulation of multiple targets."" In the context of craniosynostosis, reduced dosage of ERF (which encodes an inhibitory ETS transcription factor directly bound by ERK1/2) causes complex craniosynostosis in humans and mice.",159,9.590820292010903,26.461524941390365,0.6352201257861635,7.79710356
Qwen2.5-3B-Instruct,Qwen2.5-0.5B-Instruct,2,550324d7e9bde6963400002f,"Based on the passages provided, there is a strong association between neuroticism and the risk of Alzheimer's disease (AD). Specifically:

- In [21427641], higher levels of anxiety and vulnerability to stress were associated with increased risk of AD and more rapid decline in global cognition.
- In [23706517], individuals with scores in the top quartile of neuroticism had a threefold increased risk of incident AD.
- In [20973606], elevated Neuroticism and lower Conscientiousness were independently associated with risk of AD among adults 72 years of age and older.
- In [18694539], midlife Neuroticism was associated with younger age of dementia onset in females.
- In [23040035], higher baseline scores on neuroticism were associated with a lower likelihood of remaining asymptomatic in the presence of AD neuropathology.

Therefore, neuroticism is associated with an increased risk of Alzheimer's disease.",219,11.305371332913637,24.9151187717456,0.6027397260273972,7.79710356
Qwen2.5-3B-Instruct,Qwen2.5-0.5B-Instruct,2,52f125332059c6d71c000007,"Everolimus is a mammalian target of rapamycin (mTOR) inhibitor. According to the passage [23251295], it is approved for treating various cancers and is generally well tolerated, though it can cause certain adverse events. The passage does not specifically detail the mode of action of everolimus, but it mentions that it inhibits glycolysis in Panc-1 human pancreatic cancer cells.",88,7.531309999991208,22.88074172055691,0.5681818181818182,7.79710356
Qwen2.5-3B-Instruct,Qwen2.5-0.5B-Instruct,2,54dcb29dc0bb8dce23000004,"Hypertrophic cardiomyopathy (HCM) is known as a pathological condition of the heart. [25191275] provides the definition of HCM as ""a heart in need of an energy bar"" and describes it as ""a primary disease of the cardiac muscle that occurs mainly due to mutations (>1,400 variants) in genes encoding for the cardiac sarcomere."" It also mentions that HCM is ""the most common familial form of cardiomyopathy, affecting one in every 500 people in the general population.""",117,6.6553091667592525,27.078404219940218,0.6239316239316239,7.79710356
Qwen2.5-3B-Instruct,Qwen2.5-0.5B-Instruct,2,533c388dc45e133714000008,"The principle of the PAR-CLIP methodology is the incorporation of photoreactive ribonucleoside analogs, such as 4-thiouridine (4-SU) and 6-thioguanosine (6-SG), into nascent RNA transcripts by living cells. Irradiation of the cells by UV light of 365 nm induces efficient crosslinking of photoreactive nucleoside-labeled cellular RNAs to interacting RNA-binding proteins (RBPs). This crosslinking is followed by immunoprecipitation of the RBP of interest, isolation of the crosslinked and coimmunoprecipitated RNA, conversion into a cDNA library, and deep sequencing using Solexa technology. The precise position of crosslinking can be identified by mutations in the sequenced cDNA, allowing for the separation of UV-crosslinked target RNA segments from background non-crosslinked RNA fragments.",189,10.271813666913658,27.511375553274096,0.6455026455026455,7.79710356
Qwen2.5-3B-Instruct,Qwen2.5-0.5B-Instruct,2,56c3323a50c68dd416000009,"According to the passage [25700542], spastic diplegia is diagnosed through a differential diagnosis process. The authors provide a brief review of spastic diplegia and the various disorders that can mimic it, which can lead to misdiagnosis. They also offer a diagnostic algorithm to assist physicians in making the correct diagnosis.",72,5.189427291043103,26.61611247611898,0.625,7.79710356
Qwen2.5-3B-Instruct,Qwen2.5-0.5B-Instruct,2,56cf413f3975bb303a000009,"Yes, there is a genetic component for happiness. Multiple passages indicate that genetic factors play a significant role in happiness. For example:

- [20440640] states that ""Biometric modelling using R was conducted to test for a data structure implying either non-additive genetic effects or higher environmental co-twin correlation in MZ than DZ pairs (violation of the EEA). We also estimated non-random mating, cultural transmission and shared environments specific for regular siblings and twins.""
- [22885141] mentions that ""Psychologists, quality of life and well-being researchers have grown increasingly interested in understanding the factors that are associated with human happiness. Although twin studies estimate that genetic factors account for 35-50% of the variance in human happiness, knowledge of specific genes is limited.""
- [26060713] states that ""Results of studies on genetic factors indicated an average effectiveness of genetic about 35 -50 percent on happiness.""

Therefore, the answer is yes, there is a genetic component for happiness.",223,11.002438625320792,26.340001560713045,0.6233183856502242,7.797131208
Qwen2.5-3B-Instruct,Qwen2.5-0.5B-Instruct,2,56c1d848ef6e39474100002f,"Tarlov cysts are sacral perineural cysts, which are nerve root cysts found most commonly in the sacral roots. They arise between the covering layer of the perineurium and the endoneurium near the dorsal root ganglion. [21139800]",64,4.495096083264798,26.81115176946508,0.609375,7.797131208
Qwen2.5-3B-Instruct,Qwen2.5-0.5B-Instruct,2,53312464d6d3ac6a3400003a,"According to the passage [21937732], the extracellular core ""matrisome"" comprises approximately 300 proteins in mammals. This is defined as the ensemble of ECM proteins and associated factors that are part of the ""core matrisome"" based on the analysis of whole genome sequences.",66,5.321976792067289,23.179189090882808,0.5606060606060606,7.797131208
Qwen2.5-3B-Instruct,Qwen2.5-0.5B-Instruct,2,56b3efc38525abca1e000006,"Genomicus is a database and an online tool that allows easy comparative genomic visualization in >150 eukaryote genomes. It provides a way to explore spatial information related to gene organization within and between genomes and temporal relationships related to gene and genome evolution. For the specific vertebrate phylum, it also provides access to ancestral gene order reconstructions and conserved non-coding elements information. Genomicus is freely available for online use at http://www.dyogen.ens.fr/genomicus.",103,5.820629042107612,28.925782101308602,0.6601941747572816,7.797131208
Qwen2.5-3B-Instruct,Qwen2.5-0.5B-Instruct,2,56ae35bc0a360a5e45000007,COUGER is a classification-based framework for identifying protein co-factors that might provide specificity to paralogous transcription factors. It takes as input two sets of genomic regions bound by paralogous transcription factors and identifies a small set of putative co-factors that best distinguish the two sets of sequences. [24861628],72,4.737173750065267,27.582291484093552,0.6388888888888888,7.797131208
Qwen2.5-3B-Instruct,Qwen2.5-0.5B-Instruct,2,54fc97b86ad7dcbc12000002,"Based on the information provided in the passages, the clinical efficacy of ceftriaxone for the treatment of amyotrophic lateral sclerosis (ALS) was not demonstrated in the stage 3 of the trial. Specifically, the passage [25297012] states:

""Despite promising stage 2 data, stage 3 of this trial of ceftriaxone in amyotrophic lateral sclerosis did not show clinical efficacy.""

The stage 3 trial did not record significant differences in survival between the ceftriaxone and placebo groups, with a hazard ratio (HR) of 0.90 (95% CI 0.71 to 1.15; p=0.4146). Additionally, while there was a slower decline in the ALSFRS-R scores in the ceftriaxone group compared to the placebo group during stages 1 and 2 (difference 0.51 units per month, 95% CI 0.02 to 1.00; p=0.0416), this difference was not maintained in stage 3.",239,13.23062591580674,24.32800285881651,0.5857740585774058,7.797131208
Qwen2.5-3B-Instruct,Qwen2.5-0.5B-Instruct,2,56f112932ac5ed145900000d,"The main function of ""RNA sponges"" is to sequester and bind to regulatory RNAs, such as microRNAs (miRNAs), to prevent them from binding to and regulating the expression of target messenger RNAs (mRNAs). This sequestration can either activate or inhibit the expression of the target mRNAs, depending on the context.

From the passage [25404635], we can see that circular RNAs (circRNAs) can function as miRNA sponges, which is a form of RNA sponge. The passage states, ""Circular RNAs can function as templates for viroid and viral replication, as intermediates in RNA processing reactions, as regulators of transcription in cis, as snoRNAs, and as miRNA sponges."" This indicates that the primary function of RNA sponges is to bind and sequester miRNAs, thereby affecting the expression of target mRNAs.",197,9.924904583021998,24.88996246417642,0.583756345177665,7.797131208
Qwen2.5-3B-Instruct,Qwen2.5-0.5B-Instruct,4,55031181e9bde69634000014,"Based on the passages, Hirschsprung's disease (HSCR) is considered a complex disorder with both Mendelian and multifactorial components. The passages indicate that while some cases are Mendelian (e.g., familial cases with mutations in genes like RET, EDNRB, and EDN3), the majority of cases are not Mendelian and are characterized by incomplete penetrance and variable expression, suggesting a multifactorial inheritance pattern. Therefore, HSCR is best described as a model of a complex oligo-/polygenic disorder.

[15617541] and [23001136] specifically mention that the majority of identified genes are related to Mendelian syndromic forms, while non-syndromic non-familial, short-segment HSCR appears to represent a non-Mendelian condition.",176,10.503083624877036,23.8132001921099,0.6477272727272727,7.796186052
Qwen2.5-3B-Instruct,Qwen2.5-0.5B-Instruct,4,532f062ad6d3ac6a34000027,"According to the passage [22416440], ivabradine in patients with postinfarction systolic chronic cardiac failure (SCCF) showed a significant decrease in heart rate from 71 to 64 beats per minute (bpm) at the end of the trial. It also promoted less frequency of hospitalizations, recurrent non-fatal MI, and lethality (combined endpoint) compared to standard treatment alone. The effect was more pronounced in patients with higher baseline heart rate.",105,6.681465124711394,29.52288107374972,0.7142857142857143,7.797709768
Qwen2.5-3B-Instruct,Qwen2.5-0.5B-Instruct,4,532624ae600967d132000005,"The outcomes of Renal sympathetic denervation (RSD) include significant decreases and progressively higher reductions in systolic and diastolic blood pressure. The complication rate is minimal. [23819768], [23774592], [22573363], [23541665], [24029963]",86,5.14371829200536,31.563361271291697,0.7209302325581395,7.797709768
Qwen2.5-3B-Instruct,Qwen2.5-0.5B-Instruct,4,54f49995d0d681a040000002,"The EORTC QLQ – INFO25 questionnaire evaluates the level of information patients have received in different areas of their disease, treatment, and care. It also evaluates qualitative aspects of the information received.",43,4.847464958205819,29.455468559147203,0.7209302325581395,7.797709768
Qwen2.5-3B-Instruct,Qwen2.5-0.5B-Instruct,4,56bf3a79ef6e39474100000f,"Based on the information provided in the passages, there is no specific mention of estrogen replacement therapy (ERT) and intracranial meningioma risk. The passages discuss hormone replacement therapy (HRT) in general, but do not provide details about the specific association of ERT with meningioma risk. Therefore, I cannot provide an answer based on the given passages.",76,6.303498125169426,26.340150467195148,0.6842105263157895,7.797709768
Qwen2.5-3B-Instruct,Qwen2.5-0.5B-Instruct,4,535d78137d100faa09000005,"Based on the passages provided, acupuncture has shown some effect in smoking cessation, but the results are mixed and not consistently positive. 

[15861492] and [17698433] indicate that while acupuncture can lead to some reduction in cigarette consumption and a tendency towards reduced cravings, it does not show a significant difference in smoking cessation rates compared to a placebo. 

[12356614] suggests that acupuncture combined with education can be more effective than acupuncture alone, and that the effect is greater for those with a longer smoking history.

[10024707] reports a statistically significant difference in smoking cessation rates between the acupuncture and placebo groups, but the effect size is small (12.5% vs 0%).

[15004442] reports a one-year success rate of 41.1% for ear acupuncture, indicating some efficacy but not a high success rate.

In summary, while acupuncture can have some positive effects on smoking cessation, its efficacy is not consistently high and often requires additional support such as education or behavioral counseling.",233,13.743739999830723,21.18118346777002,0.6137339055793991,7.797709768
Qwen2.5-3B-Instruct,Qwen2.5-0.5B-Instruct,4,5322d9339b2d7acc7e000011,"Based on the information provided in the passages, the main results of PRKAR1A Knockdown are:

1. PRKAR1A knockdown enhances the sensitivity of cholangiocarcinoma (CCA) cell lines to chemotherapeutic drugs, including protein kinase inhibitors and conventional chemotherapeutic drugs.
2. PRKAR1A knockdown in combination with either sorafenib or 5-fluorouracil increases the apoptotic effects on CCA cell lines.

These results suggest that selective inhibition of PRKAR1A can enhance the growth inhibitory effects of chemotherapeutic drugs and induce apoptotic cell death.",131,7.793518665712327,29.935171788105997,0.7404580152671756,7.797709768
Qwen2.5-3B-Instruct,Qwen2.5-0.5B-Instruct,4,553fa2201d53b76422000005,"According to the passage [23354439], extracellular signal-related kinases 1 and 2 (ERK1/2) are key proteins mediating mitogen-activated protein kinase signaling downstream of RAS. They are phosphorylated, leading to nuclear uptake and modulation of multiple targets. Specifically, the passage states that ""ERK1/2 are key proteins mediating mitogen-activated protein kinase signaling downstream of RAS: phosphorylation of ERK1/2 leads to nuclear uptake and modulation of multiple targets."" In the context of craniosynostosis, reduced dosage of ERF (which encodes an inhibitory ETS transcription factor directly bound by ERK1/2) causes complex craniosynostosis in humans and mice.",159,8.485938291996717,32.96702698401546,0.7735849056603774,7.797709768
Qwen2.5-3B-Instruct,Qwen2.5-0.5B-Instruct,4,550324d7e9bde6963400002f,"Based on the passages provided, there is a strong association between neuroticism and the risk of Alzheimer's disease (AD). Specifically:

- In [21427641], higher levels of anxiety and vulnerability to stress were associated with increased risk of AD and more rapid decline in global cognition.
- In [23706517], individuals with scores in the top quartile of neuroticism had a threefold increased risk of incident AD.
- In [20973606], elevated Neuroticism and lower Conscientiousness were independently associated with risk of AD among adults 72 years of age and older.
- In [18694539], midlife Neuroticism was associated with younger age of dementia onset in females.
- In [23040035], higher baseline scores on neuroticism were associated with a lower likelihood of remaining asymptomatic in the presence of AD neuropathology.

Therefore, neuroticism is associated with an increased risk of Alzheimer's disease.",219,10.201137583702803,28.840587953939686,0.7214611872146118,7.797709768
Qwen2.5-3B-Instruct,Qwen2.5-0.5B-Instruct,4,52f125332059c6d71c000007,"Everolimus is a mammalian target of rapamycin (mTOR) inhibitor. According to the passage [23251295], it is approved for treating various cancers and is generally well tolerated, though it can cause certain adverse events. The passage does not specifically detail the mode of action of everolimus, but it mentions that it inhibits glycolysis in Panc-1 human pancreatic cancer cells.",88,7.191549458075315,24.813838057162286,0.6704545454545454,7.797709768
Qwen2.5-3B-Instruct,Qwen2.5-0.5B-Instruct,4,54dcb29dc0bb8dce23000004,"Hypertrophic cardiomyopathy (HCM) is known as a pathological condition of the heart. [25191275] provides the definition: ""Hypertrophic cardiomyopathy (HCM) is a primary disease of the cardiac muscle that occurs mainly due to mutations (>1,400 variants) in genes encoding for the cardiac sarcomere.""",80,4.594772750046104,35.05051017017056,0.75,7.797709768
Qwen2.5-3B-Instruct,Qwen2.5-0.5B-Instruct,4,533c388dc45e133714000008,"The principle of the PAR-CLIP methodology is to incorporate photoreactive ribonucleoside analogs into nascent RNA transcripts. These analogs are then crosslinked to interacting RNA-binding proteins (RBPs) upon irradiation with UV light. The crosslinked proteins are immunoprecipitated, and the crosslinked RNA segments are isolated and converted into a cDNA library for deep sequencing. The precise position of the crosslink can be identified by mutations in the sequenced cDNA, such as thymidine to cytidine transitions with 4-thiouridine (4-SU) or guanosine to adenosine transitions with 6-thioguanosine (6-SG). This allows for the identification of high-resolution binding sites of RBPs and miRNPs at the transcriptome-wide level.",170,9.733052041847259,26.92688971299951,0.7058823529411765,7.797709768
Qwen2.5-3B-Instruct,Qwen2.5-0.5B-Instruct,4,56c3323a50c68dd416000009,"According to the passage [25700542], spastic diplegia is diagnosed through a differential diagnosis process. The authors provide a brief review of spastic diplegia and the various disorders that can mimic it, which can lead to misdiagnosis. They also offer a diagnostic algorithm to assist physicians in making the correct diagnosis.",72,4.738323208875954,32.6800871406385,0.75,7.797709768
Qwen2.5-3B-Instruct,Qwen2.5-0.5B-Instruct,4,56cf413f3975bb303a000009,"Yes, there is a genetic component for happiness. Multiple passages indicate that genetic factors play a significant role in happiness. For example:

- [20440640] states that ""Biometric studies have shown that happiness is strongly affected by genes"" and provides estimates of heritability, with broad-sense heritability estimated to be 0.33 for females and 0.36 for males.
- [20397744] reports that the heritability of happiness was estimated at 22% for males and 41% for females in a large sample of twins and siblings.
- [26060713] states that ""Among all endogenic factors, biological sub-factors are the significant predictors of happiness"" and mentions that ""Results of studies on genetic factors indicated an average effectiveness of genetic about 35 -50 percent on happiness.""

These passages collectively support the conclusion that there is a genetic component to happiness.",205,10.403193790931255,26.27616637428084,0.697560975609756,7.797709768
Qwen2.5-3B-Instruct,Qwen2.5-0.5B-Instruct,4,56c1d848ef6e39474100002f,"Tarlov cysts are sacral perineural cysts, which are nerve root cysts found most commonly in the sacral roots, arising between the covering layer of the perineurium and the endoneurium near the dorsal root ganglion. [21139800]",63,3.7567041656002402,39.98880524953357,0.7936507936507936,7.797709768
Qwen2.5-3B-Instruct,Qwen2.5-0.5B-Instruct,4,53312464d6d3ac6a3400003a,"According to the passage [21937732], the extracellular core ""matrisome"" comprises approximately 300 proteins in mammals. This is defined as the ensemble of ECM proteins and associated factors that are part of the ""core matrisome"" based on the analysis of whole genome sequences.",66,4.989762333221734,26.952614853726473,0.6818181818181818,7.797709768
Qwen2.5-3B-Instruct,Qwen2.5-0.5B-Instruct,4,56b3efc38525abca1e000006,"Genomicus is a database and an online tool that allows easy comparative genomic visualization in >150 eukaryote genomes. It provides a way to explore spatial information related to gene organization within and between genomes and temporal relationships related to gene and genome evolution. For the specific vertebrate phylum, it also provides access to ancestral gene order reconstructions and conserved non-coding elements information. Genomicus is freely available for online use at http://www.dyogen.ens.fr/genomicus.",103,5.058726124931127,37.170888220747706,0.7766990291262136,7.797709768
Qwen2.5-3B-Instruct,Qwen2.5-0.5B-Instruct,4,56ae35bc0a360a5e45000007,COUGER is a classification-based framework for identifying protein co-factors that might provide specificity to paralogous transcription factors. It takes as input two sets of genomic regions bound by paralogous transcription factors and identifies a small set of putative co-factors that best distinguish the two sets of sequences. [24861628],72,4.038440915755928,37.92465574695503,0.7638888888888888,7.797709768
Qwen2.5-3B-Instruct,Qwen2.5-0.5B-Instruct,4,54fc97b86ad7dcbc12000002,"Based on the information provided in the passages, the clinical efficacy of ceftriaxone for the treatment of amyotrophic lateral sclerosis (ALS) was not demonstrated in the study. Specifically, the passage [25297012] states:

""Despite promising stage 2 data, stage 3 of this trial of ceftriaxone in amyotrophic lateral sclerosis did not show clinical efficacy.""

The study found that while there was a trend towards slower functional decline in the ceftriaxone group compared to the placebo group during stage 2, this difference was not statistically significant in stage 3. Additionally, there was no significant difference in survival between the ceftriaxone and placebo groups in stage 3.",156,9.14572549983859,27.229217053605275,0.6987179487179487,7.797709768
Qwen2.5-3B-Instruct,Qwen2.5-0.5B-Instruct,4,56f112932ac5ed145900000d,"The main function of ""RNA sponges"" is to sequester and bind to regulatory RNAs, such as microRNAs (miRNAs), to prevent them from binding to and regulating the expression of target messenger RNAs (mRNAs). This sequestration can lead to increased levels of the target mRNA, as seen in the examples provided in the passages.

[25404635] and [25580223] discuss circular RNAs (circRNAs) functioning as miRNA sponges, while [25630703] discusses mRNA-derived sponges (SroC) that sequester the Hfq-dependent small RNA GcvB.",151,7.945429083891213,25.527202955005745,0.6556291390728477,7.797709768
Qwen2.5-3B-Instruct,Qwen2.5-0.5B-Instruct,8,55031181e9bde69634000014,"Based on the passages provided, Hirschsprung's disease (HSCR) is described as a complex disorder with both Mendelian and multifactorial components. The passages indicate that while some cases are Mendelian (e.g., familial cases with mutations in genes like RET, EDNRB, and EDN3), the majority of cases are multifactorial. This is evident from the following points:

1. The passages mention that the majority of known genetic sites relate to Mendelian syndromic forms of Hirschsprung's disease.
2. They also state that non-syndromic non-familial, short-segment HSCR appears to represent a non-Mendelian condition with variable expression and sex-dependent penetrance.
3. The passages discuss the involvement of modifier genes, suggesting that HSCR is polygenic and not solely Mendelian.

Therefore, Hirschsprung's disease is described as a complex disorder with both Mendelian and multifactorial inheritance patterns.",199,12.708468125201762,20.844579776356742,0.7085427135678392,7.796972484
Qwen2.5-3B-Instruct,Qwen2.5-0.5B-Instruct,8,532f062ad6d3ac6a34000027,"According to the passage [22416440], ivabradine in patients with postinfarction systolic chronic cardiac failure (SCCF) showed a significant decrease in heart rate from 71 to 64 beats per minute (bpm) at the end of the trial. It also promoted less frequency of hospitalizations, recurrent non-fatal MI, and lethality (combined endpoint) compared to standard treatment alone. The effect was more pronounced in patients with higher baseline heart rate.",105,7.314740958157927,25.6748522802558,0.7619047619047619,7.799708616
Qwen2.5-3B-Instruct,Qwen2.5-0.5B-Instruct,8,532624ae600967d132000005,"The outcomes of Renal sympathetic denervation (RSD) include significant decreases and progressively higher reductions in systolic and diastolic blood pressure. The complication rate is minimal. These outcomes are observed at 6, 12, and 24 months after the intervention with the Symplicity catheter. [24029963] provides a review of these outcomes.",81,5.485251834150404,27.064821377225297,0.7654320987654321,7.799708616
Qwen2.5-3B-Instruct,Qwen2.5-0.5B-Instruct,8,54f49995d0d681a040000002,"The EORTC QLQ – INFO25 questionnaire evaluates the level of information patients have received in different areas of their disease, treatment, and care. It also evaluates qualitative aspects of the information received.",43,4.94862970802933,29.22849435315971,0.7906976744186046,7.799708616
Qwen2.5-3B-Instruct,Qwen2.5-0.5B-Instruct,8,56bf3a79ef6e39474100000f,"Based on the information provided in the passages, there is no specific mention of estrogen replacement therapy (ERT) and intracranial meningioma risk. The passages discuss hormone replacement therapy (HRT) in general, but do not provide details about the specific association of ERT with meningioma risk. Therefore, I cannot provide an answer based on the given passages.",76,6.60136912483722,24.5001746105208,0.75,7.799708616
Qwen2.5-3B-Instruct,Qwen2.5-0.5B-Instruct,8,535d78137d100faa09000005,"Based on the passages provided, acupuncture has shown some effect in smoking cessation, but the results are mixed and not consistently positive. Here are the key points:

- [15861492] and [17698433] indicate that acupuncture can lead to some reduction in cigarette consumption and a tendency towards reduced desire to smoke, but the success rate in achieving complete cessation is low (0.6% in one study and 27.1% in another).
- [12356614] suggests that acupuncture combined with education can significantly reduce smoking and cigarette consumption, with the combined group showing the greatest effect.
- [10024707] reports a 12.5% cessation rate for the acupuncture group compared to 0% for the placebo group at six months, though this difference was not statistically significant (P = 0.055).

Overall, while acupuncture can have some positive effects, it does not appear to be a highly effective standalone method for smoking cessation. Combining acupuncture with other interventions like education or nicotine replacement therapy may be more effective.",233,15.013830584008247,19.13365113343235,0.6695278969957081,7.799708616
Qwen2.5-3B-Instruct,Qwen2.5-0.5B-Instruct,8,5322d9339b2d7acc7e000011,"Based on the information provided in the passages, the main results of PRKAR1A Knockdown are:

1. PRKAR1A knockdown enhances the sensitivity of cholangiocarcinoma (CCA) cell lines to chemotherapeutic drugs, including protein kinase inhibitors and conventional chemotherapeutic drugs.
2. PRKAR1A knockdown in combination with sorafenib or 5-fluorouracil increases the apoptotic effects on CCA cell lines.
3. PRKAR1A knockdown leads to growth inhibition and apoptosis of CCA cells, with a decrease in signaling pathways such as mitogen-activated protein kinases, PI3K/Akt, JAK/STAT, and Wnt/beta-catenin.

These results suggest that PRKAR1A suppression can enhance the growth inhibitory effects of chemotherapeutic drugs and induce apoptotic cell death in CCA cells.",188,9.4458223329857,30.85891818435187,0.7978723404255319,7.799708616
Qwen2.5-3B-Instruct,Qwen2.5-0.5B-Instruct,8,553fa2201d53b76422000005,"According to the passage [23354439], extracellular signal-related kinases 1 and 2 (ERK1/2) are key proteins mediating mitogen-activated protein kinase signaling downstream of RAS. They are phosphorylated, leading to nuclear uptake and modulation of multiple targets. Specifically, the passage states that ""ERK1/2 are key proteins mediating mitogen-activated protein kinase signaling downstream of RAS: phosphorylation of ERK1/2 leads to nuclear uptake and modulation of multiple targets."" In the context of craniosynostosis, reduced dosage of ERF (which encodes an inhibitory ETS transcription factor directly bound by ERK1/2) causes complex craniosynostosis in humans and mice.",159,7.96097541693598,36.479201111428345,0.8364779874213837,7.799708616
Qwen2.5-3B-Instruct,Qwen2.5-0.5B-Instruct,8,550324d7e9bde6963400002f,"Based on the passages provided, there is a strong association between neuroticism and the risk of Alzheimer's disease (AD). Specifically:

- In [21427641], higher levels of anxiety and vulnerability to stress were associated with increased risk of AD and more rapid decline in global cognition.
- In [23706517], individuals with scores in the top quartile of neuroticism had a threefold increased risk of incident AD.
- In [20973606], elevated Neuroticism and lower Conscientiousness were independently associated with risk of AD among adults 72 years of age and older.
- In [18694539], midlife Neuroticism was associated with younger age of dementia onset in females.
- In [23040035], higher baseline scores on neuroticism were associated with a lower likelihood of remaining asymptomatic in the presence of AD neuropathology.

Therefore, neuroticism is associated with an increased risk of Alzheimer's disease.",219,9.93160841660574,29.903128029575967,0.7899543378995434,7.799708616
Qwen2.5-3B-Instruct,Qwen2.5-0.5B-Instruct,8,52f125332059c6d71c000007,"Everolimus is a mammalian target of rapamycin (mTOR) inhibitor. According to the passage [23251295], it is approved for treating various cancers and is generally well tolerated, though it can cause certain adverse events. The passage does not specifically detail the mode of action of everolimus, but it mentions that it inhibits glycolysis in Panc-1 human pancreatic cancer cells.",88,7.555483750067651,22.683820303956264,0.7272727272727273,7.799708616
Qwen2.5-3B-Instruct,Qwen2.5-0.5B-Instruct,8,54dcb29dc0bb8dce23000004,"Hypertrophic cardiomyopathy (HCM) is known as a pathological condition of the heart. [25191275] provides the definition of HCM as ""a heart in need of an energy bar"" and describes it as ""a primary disease of the cardiac muscle that occurs mainly due to mutations (>1,400 variants) in genes encoding for the cardiac sarcomere."" It also mentions that HCM is ""the most common familial form of cardiomyopathy, affecting one in every 500 people in the general population.""",117,5.854723125230521,33.93772579459778,0.811965811965812,7.799708616
Qwen2.5-3B-Instruct,Qwen2.5-0.5B-Instruct,8,533c388dc45e133714000008,"The principle of the PAR-CLIP methodology is the incorporation of photoreactive ribonucleoside analogs, such as 4-thiouridine (4-SU) and 6-thioguanosine (6-SG), into nascent RNA transcripts by living cells. Irradiation of the cells by UV light of 365 nm induces efficient crosslinking of photoreactive nucleoside-labeled cellular RNAs to interacting RNA-binding proteins (RBPs). This crosslinking is followed by immunoprecipitation of the RBP of interest, isolation of the crosslinked and coimmunoprecipitated RNA, conversion into a cDNA library, and deep sequencing using Solexa technology. The precise position of crosslinking can be identified by mutations in the sequenced cDNA, allowing for the separation of UV-crosslinked target RNA segments from background non-crosslinked RNA fragments.",189,8.416074875276536,38.497441792067164,0.8465608465608465,7.799708616
Qwen2.5-3B-Instruct,Qwen2.5-0.5B-Instruct,8,56c3323a50c68dd416000009,"According to the passage [25700542], spastic diplegia is diagnosed through a differential diagnosis process. The authors provide a brief review of spastic diplegia and the various disorders that can mimic it, which can lead to misdiagnosis. They also offer a diagnostic algorithm to assist physicians in making the correct diagnosis.",72,4.52293608430773,37.709933362396654,0.8333333333333334,7.799708616
Qwen2.5-3B-Instruct,Qwen2.5-0.5B-Instruct,8,56cf413f3975bb303a000009,"Yes, there is a genetic component for happiness. Multiple passages indicate that genetic factors play a significant role in happiness. For example:

- [20440640] states that ""Biometric studies have shown that happiness is strongly affected by genes"" and provides estimates of heritability, with broad-sense heritability estimated to be 0.33 for females and 0.36 for males.
- [20397744] reports that the heritability of happiness was estimated at 22% for males and 41% for females in a large sample of twins and siblings.
- [26060713] states that ""Among all endogenic factors, biological sub-factors are the significant predictors of happiness"" and mentions that ""Results of studies on genetic factors indicated an average effectiveness of genetic about 35 -50 percent on happiness.""

These passages collectively support the conclusion that there is a genetic component to happiness.",205,9.867357207927853,28.36440416723915,0.775609756097561,7.799708616
Qwen2.5-3B-Instruct,Qwen2.5-0.5B-Instruct,8,56c1d848ef6e39474100002f,"Tarlov cysts are sacral perineural cysts, which are nerve root cysts found most commonly in the sacral roots. They arise between the covering layer of the perineurium and the endoneurium near the dorsal root ganglion. [21139800]",64,3.7393607501871884,41.70800017056954,0.828125,7.799708616
Qwen2.5-3B-Instruct,Qwen2.5-0.5B-Instruct,8,53312464d6d3ac6a3400003a,"According to the passage [21937732], the extracellular core ""matrisome"" comprises approximately 300 proteins in mammals. This is defined as the ensemble of ECM proteins and associated factors that are part of the ""core matrisome"" based on the analysis of whole genome sequences.",66,4.897569874767214,28.62134090332945,0.7727272727272727,7.799708616
Qwen2.5-3B-Instruct,Qwen2.5-0.5B-Instruct,8,56b3efc38525abca1e000006,"Genomicus is a database and an online tool that allows easy comparative genomic visualization in >150 eukaryote genomes. It provides a way to explore spatial information related to gene organization within and between genomes and temporal relationships related to gene and genome evolution. For the specific vertebrate phylum, it also provides access to ancestral gene order reconstructions and conserved non-coding elements information. Genomicus is freely available for online use at http://www.dyogen.ens.fr/genomicus.",103,4.5812984998337924,47.61341420353188,0.8737864077669902,7.799708616
Qwen2.5-3B-Instruct,Qwen2.5-0.5B-Instruct,8,56ae35bc0a360a5e45000007,COUGER is a classification-based framework for identifying protein co-factors that might provide specificity to paralogous transcription factors. It takes as input two sets of genomic regions bound by paralogous transcription factors and identifies a small set of putative co-factors that best distinguish the two sets of sequences. [24861628],72,3.9728572499006987,41.43932094171833,0.8472222222222222,7.799708616
Qwen2.5-3B-Instruct,Qwen2.5-0.5B-Instruct,8,54fc97b86ad7dcbc12000002,"Based on the information provided in the passages, the clinical efficacy of ceftriaxone for the treatment of amyotrophic lateral sclerosis (ALS) was not demonstrated in the stage 3 of the trial. Specifically, the passage [25297012] states:

""Despite promising stage 2 data, stage 3 of this trial of ceftriaxone in amyotrophic lateral sclerosis did not show clinical efficacy.""

The stage 3 trial did not record significant differences in survival between the ceftriaxone and placebo groups, with a hazard ratio (HR) of 0.90 (95% CI 0.71 to 1.15; p=0.4146). Additionally, while there was a slower decline in the ALSFRS-R scores in the ceftriaxone group compared to the placebo group during stages 1 and 2 (difference 0.51 units per month, 95% CI 0.02 to 1.00; p=0.0416), this difference was not maintained in stage 3.",239,12.705762417055666,25.932259178283292,0.7656903765690377,7.799708616
Qwen2.5-3B-Instruct,Qwen2.5-0.5B-Instruct,8,56f112932ac5ed145900000d,"The main function of ""RNA sponges"" is to sequester and bind to regulatory RNAs, such as microRNAs (miRNAs), to prevent them from binding to and regulating the expression of target messenger RNAs (mRNAs). This sequestration can either activate or inhibit the expression of the target mRNAs, depending on the context.

From the passage [25404635], we can see that circular RNAs (circRNAs) can function as miRNA sponges, which is a form of RNA sponge. The passage states, ""Circular RNAs can function as templates for viroid and viral replication, as intermediates in RNA processing reactions, as regulators of transcription in cis, as snoRNAs, and as miRNA sponges."" This indicates that the primary function of RNA sponges is to bind and sequester miRNAs, thereby affecting the expression of target mRNAs.",197,9.152219000272453,28.05408949454623,0.7614213197969543,7.799708616
Llama-3.2-3B-Instruct,none,0,55031181e9bde69634000014,"Hirschsprung disease is a multifactorial disorder, with evidence suggesting that it involves multiple genes and modifier genes, rather than a single Mendelian gene. While some genes, such as RET, EDNRB, and EDN3, have been identified as susceptibility genes, the majority of cases are not explained by these genes alone, and the disease shows incomplete penetrance and variable expression. The involvement of modifier genes, particularly in syndromic forms, and the lack of genotype-phenotype correlation also support the idea that Hirschsprung disease is a multifactorial disorder. [15617541, 12239580, 11324313, 8896569]",139,7.84880895819515,25.787296958819137,,7.130223068
Llama-3.2-3B-Instruct,none,0,532f062ad6d3ac6a34000027,"Ivabradine significantly decreased heart rate from 71 to 64 beats per minute in patients with postinfarction systolic chronic cardiac failure (SCCF) [22416440]. Addition of ivabradin to standard treatment of SCCF after MI promoted less frequency of hospitalizations, recurrent non-fatal MI, fatal cardiovascular events [22416440].",75,5.355279957875609,26.02226704778182,,7.130223068
Llama-3.2-3B-Instruct,none,0,532624ae600967d132000005,"According to the passages, the outcomes of Renal Sympathetic Denervation (RSD) include:

* Significant reductions in blood pressure in patients with resistant hypertension [23774592, 22573363, 23541665, 24029963]
* Sustained reductions in blood pressure over 3 years after the procedure [23819768]
* Decreased renal norepinephrine spillover and renin activity [22573363]
* Increased renal plasma flow [22573363]
* Clinically significant, sustained reductions in blood pressure [22573363]
* Minimal complication rate [24029963]
* Effective and safe approach to resistant hypertension [24029963]

Note that some of these outcomes are based on small studies or limited data, and more research is needed to confirm the long-term efficacy and safety of RSD.",174,8.735579332802445,25.423953708500772,,7.130223068
Llama-3.2-3B-Instruct,none,0,54f49995d0d681a040000002,"The EORTC QLQ-INFO25 questionnaire evaluates the information received by cancer patients in different areas, including:

1. Information about the disease
2. Medical tests
3. Treatment
4. Other services

The questionnaire assesses the level of information patients have received in these areas and evaluates qualitative aspects of the information. [21671697]",73,5.730002458207309,24.21803998848607,,7.164843008
Llama-3.2-3B-Instruct,none,0,56bf3a79ef6e39474100000f,"According to passage [16759391], there is no significant association between hormone replacement therapy (HRT) and meningioma risk. However, passage [22287638] found that ever use of estradiol-only therapy was associated with an increased risk of meningioma (standardized incidence ratio = 1.29, 95% confidence interval: 1.15, 1.44). Passage [24138870] found that prolonged use of estradiol-only therapy was associated with a higher risk of meningioma (1.40-fold higher, 95% confidence interval: 1.18, 1.64; P < 0.001).",139,8.241575416177511,25.38621770216119,,7.164843008
Llama-3.2-3B-Instruct,none,0,535d78137d100faa09000005,"Based on the provided passages, here's a summary of what is known about the effect of acupuncture in smoking cessation:

1. Acupuncture may have some effect on smoking cessation, as indicated by a tendency of reduction in the taste of tobacco and the intensity of the desire to smoke in the case group in the study [15861492].
2. A randomized, sham-controlled trial found that acupuncture alone and in combination with education significantly reduced smoking and posttreatment cigarette consumption [12356614].
3. A single-blind, placebo-controlled trial found that a simple ear electroacupuncture treatment was significantly more effective in helping volunteers to quit smoking than placebo treatment [10024707].
4. A randomized controlled clinical trial found that auricular acupuncture did not have a better efficacy in smoking cessation compared to sham acupuncture [17698433].
5. A descriptive study found that ear acupuncture had a one-year success rate of 41.1% in smoking cessation, with favorable conditions including start of smoking between 20-40 years, smoking 20 cigarettes or more per day, and living in a non-smoker household [15004442].

Overall, the evidence suggests that acupuncture may have some effect on smoking cessation, but the evidence is not conclusive, and more research is needed to fully understand its efficacy.",259,12.13612158363685,26.011563706157446,,7.164843008
Llama-3.2-3B-Instruct,none,0,5322d9339b2d7acc7e000011,"According to Passage [23480756], the main results of PRKAR1A knockdown in cholangiocarcinoma (CCA) cell lines are:

1. Enhanced sensitivity to some chemotherapeutic drugs, such as sorafenib and 5-fluorouracil.
2. Increased apoptotic effects on CCA cell lines when combined with either sorafenib or 5-fluorouracil.
3. Suppression of CCA cell growth and enhancement of apoptosis.

These results suggest that selective inhibition of PRKAR1A expression may increase the efficacy of conventional CCA chemotherapeutic treatment.",128,7.528476624749601,25.994224948775717,,7.164843008
Llama-3.2-3B-Instruct,none,0,553fa2201d53b76422000005,"According to passage [23354439], ERK1/2 proteins mediate the regulation of osteogenesis (bone formation) and are linked to the regulation of osteogenesis in complex craniosynostosis. Reduced dosage of ERF, which encodes an inhibitory ETS transcription factor directly bound by ERK1/2, causes complex craniosynostosis in humans and mice. 

However, passage [27481450] does not mention the role of ERK1/2 in craniosynostosis.",107,6.893725875299424,25.96762021420091,,7.164843008
Llama-3.2-3B-Instruct,none,0,550324d7e9bde6963400002f,"According to the passages, individuals with higher levels of neuroticism (anxiety and vulnerability to stress) have an increased risk of Alzheimer's disease (AD) and more rapid decline in global cognition. The association is strongest for anxiety and vulnerability to stress, with no effects for other components of neuroticism. 

Specifically, a study found that individuals with scores in the top quartile of neuroticism had a threefold increased risk of incident AD (hazard ratio = 3.1) [23706517]. Another study found that elevated Neuroticism was independently associated with risk of AD among 767 participants 72 years of age or older [20973606]. 

Additionally, a meta-analysis confirmed the association between neuroticism and increased risk of AD, with a P value of 2 x 10(-9) [23706517].",175,8.651268790941685,26.224734927299977,,7.164843008
Llama-3.2-3B-Instruct,none,0,52f125332059c6d71c000007,"Everolimus inhibits the mammalian target of rapamycin (mTOR) signaling pathway, specifically by decreasing the phosphorylation levels of S6 kinase, but the phosphorylation levels of mTOR barely changed. This inhibition results in the inhibition of glycolysis and the induction of apoptosis in cancer cells. [23251295]",68,5.363154208287597,26.14872159200742,,7.164843008
Llama-3.2-3B-Instruct,none,0,54dcb29dc0bb8dce23000004,"Hypertrophic cardiomyopathy (HCM) is a primary disease of the cardiac muscle, characterized by myocyte hypertrophy, myocyte disarray, interstitial and/or replacement fibrosis, decreased ventricular cavity volume, and diastolic dysfunction. [25191275]",58,3.9978935830295086,26.666971135692588,,7.164843008
Llama-3.2-3B-Instruct,none,0,533c388dc45e133714000008,"The principle of the PAR-CLIP methodology is based on the incorporation of photoreactive ribonucleoside analogs, such as 4-thiouridine (4-SU) and 6-thioguanosine (6-SG), into nascent RNA transcripts by living cells. When cells are irradiated with UV light of 365 nm, these analogs undergo efficient crosslinking with interacting RNA-binding proteins (RBPs). Immunoprecipitation of the RBP of interest is followed by isolation of the crosslinked and coimmunoprecipitated RNA, which is then converted into a cDNA library and deep sequenced using Solexa technology. The precise position of crosslinking can be identified by mutations residing in the sequenced cDNA, allowing for the separation of crosslinked sequences from background non-crosslinked RNA fragments. [20644507]",181,9.680209165904671,25.85542470056464,,7.164843008
Llama-3.2-3B-Instruct,none,0,56c3323a50c68dd416000009,"The passage does not explicitly state the diagnostic process for spastic diplegia. However, it mentions that the authors provide a diagnostic algorithm to assist physicians in making the correct diagnosis [25700542]. Additionally, passage [2816867] mentions that early diagnosis of spastic diplegia can be made through assessing neurodevelopmental behaviors in infants, such as lower scores on the Bayley Mental Scale and the Movement Assessment of Infants [2816867].",93,5.478757583070546,26.380483181393082,,7.164843008
Llama-3.2-3B-Instruct,none,0,56cf413f3975bb303a000009,"Yes, there is a genetic component for happiness. 

Passages [20440640], [22885141], [26060713], [19569406], and [20397744] all support the idea that genetics play a role in determining happiness. 

Upper limits for broad-sense heritability were estimated to be 0.33 (females) and 0.36 (males) in [20440640]. 

A study in [22885141] found that low expression of the MAOA gene was related to greater happiness in women. 

A systematic review in [26060713] found that biological factors, including genetic factors, are significant predictors of happiness. 

A study in [19569406] found that many putative indicators of the environment are highly heritable and that the same genes that affect the environment may also affect happiness. 

A genome-wide linkage study in [20397744] found a linkage signal at the end of the long arm of chromosome 19 and a second suggestive linkage peak at the short arm of chromosome 1, suggesting that there may be a genetic component to happiness.",230,10.75041608279571,26.188467651603514,,7.164843008
Llama-3.2-3B-Instruct,none,0,56c1d848ef6e39474100002f,"Tarlov cysts are sacral perineural cysts, nerve root cysts found most commonly in the sacral roots, arising between the covering layer of the perineurium and the endoneurium near the dorsal root ganglion [21139800].",55,3.734579124953598,26.710518862954768,,7.164843008
Llama-3.2-3B-Instruct,none,0,53312464d6d3ac6a3400003a,"The extracellular core ""matrisome"" is defined as the ensemble of extracellular matrix (ECM) proteins and associated factors. [22159717]",33,3.211318666115403,26.876920188715413,,7.164843008
Llama-3.2-3B-Instruct,none,0,56b3efc38525abca1e000006,"Genomicus is a database and an online tool that allows easy comparative genomic visualization in >150 eukaryote genomes, providing a way to explore spatial information related to gene organization within and between genomes and temporal relationships related to gene and genome evolution. [23193262]",56,3.9136794172227383,26.69194563235691,,7.164843008
Llama-3.2-3B-Instruct,none,0,56ae35bc0a360a5e45000007,COUGER is a classification-based framework for identifying protein co-factors that might provide specificity to paralogous transcription factors (TFs). It takes as input two sets of genomic regions bound by paralogous TFs and identifies a small set of putative co-factors that best distinguish the two sets of sequences. [24861628],70,4.350790625438094,26.63272304269757,,7.164843008
Llama-3.2-3B-Instruct,none,0,54fc97b86ad7dcbc12000002,"According to the passages, the clinical efficacy of ceftriaxone for treatment of amyotrophic lateral sclerosis (ALS) is not well established. 

In Stage 3 of the trial, the coprimary efficacy outcomes were survival and functional decline, measured as the slope of Amyotrophic Lateral Sclerosis Functional Rating Scale-Revised (ALSFRS-R) scores. However, no significant differences in survival between the groups were recorded in stage 3 (HR 0.90, 95% CI 0.71 to 1.15; p=0.4146) [25297012]. 

In Stage 2, the mean ALSFRS-R declined more slowly in participants who received 4 g ceftriaxone than in those on placebo (difference 0.51 units per month, 95% CI 0.02 to 1.00; p=0.0416), but this difference was not sustained in Stage 3 [25297012]. 

Additionally, a previous trial found that empirical treatment with ceftriaxone in two patients with lateral amyotrophic sclerosis did not show positive results [8161465]. 

Therefore, it is unclear whether ceftriaxone is effective in treating amyotrophic lateral sclerosis.",265,12.909848166629672,25.842452681252965,,7.164843008
Llama-3.2-3B-Instruct,none,0,56f112932ac5ed145900000d,"RNA sponges are microRNA sponges that sequester and suppress the activity of specific microRNAs, thereby regulating the expression of target genes. They can be found in various forms, including circular RNAs and linear RNAs, and can function in different ways, such as by base-pairing with microRNAs or by competing with them for binding sites.

Passages [23446346], [25404635], and [25580223] provide information on the functions of RNA sponges, while passage [25630703] describes a specific example of RNA sponge-mediated mRNA cross-talk.

In general, RNA sponges can:

- Suppress microRNA activity (Passages [23446346] and [25580223])
- Regulate gene expression by controlling the levels of microRNAs (Passages [23446346] and [25580223])
- Interact with microRNAs and other RNAs to modulate their activity (Passages [25630703] and [25580223])
- Function as competing endogenous RNAs (ceRNAs) for microRNAs (Passages [25580223] and [25630703])",241,10.718308540992439,26.34266728158182,,7.164843008
Llama-3.2-3B-Instruct,Llama-3.2-1B-Instruct,1,55031181e9bde69634000014,"Hirschsprung disease is a multifactorial disorder, with evidence suggesting that it involves multiple genes and modifier genes, rather than a single Mendelian gene. While some genes, such as RET, EDNRB, and EDN3, have been identified as susceptibility genes, the majority of cases are not explained by these genes alone, and the disease shows incomplete penetrance and variable expression. The involvement of modifier genes, particularly in syndromic forms, and the lack of genotype-phenotype correlation also support the idea that Hirschsprung disease is a multifactorial disorder. [15617541, 12239580, 11324313, 8896569]",139,11.606205165851861,17.057173333345553,0.4460431654676259,9.472888744
Llama-3.2-3B-Instruct,Llama-3.2-1B-Instruct,1,532f062ad6d3ac6a34000027,"Ivabradine significantly decreased heart rate from 71 to 64 beats per minute in patients with postinfarction systolic chronic cardiac failure (SCCF) after myocardial infarction. Addition of ivabradin to standard treatment of SCCF after MI promoted less frequency of hospitalizations, recurrent non-fatal MI, fatal cardiovascular events. This effect was especially strong in high baseline HR [22416440].",87,8.497773291543126,17.255920114589784,0.4482758620689655,9.473413036
Llama-3.2-3B-Instruct,Llama-3.2-1B-Instruct,1,532624ae600967d132000005,"According to the passages, the outcomes of Renal Sympathetic Denervation (RSD) include:

* Significant reductions in blood pressure in patients with resistant hypertension [23774592, 22573363, 23541665, 24029963]
* Sustained reductions in blood pressure over 3 years after the procedure [23819768]
* Decreased renal norepinephrine spillover and renin activity [22573363]
* Increased renal plasma flow [22573363]
* Clinically significant, sustained reductions in blood pressure [22573363]
* Minimal complication rate [24029963]
* Significant decreases and progressively higher reductions of systolic and diastolic blood pressure [24029963]

It is also mentioned that RSD may have potential benefits in other disorders associated with enhanced sympathetic nerve activity, such as congestive heart failure, chronic kidney disease, and metabolic syndrome.",186,13.291588707827032,17.464813740752522,0.46236559139784944,9.473413036
Llama-3.2-3B-Instruct,Llama-3.2-1B-Instruct,1,54f49995d0d681a040000002,"The EORTC QLQ-INFO25 questionnaire evaluates the information received by cancer patients in different areas of their disease, treatment, and care. Specifically, it assesses information about the disease, medical tests, treatment, and other services. [20674333] [21680301] [25475735] [21671697]",70,7.665404666215181,17.47147981512488,0.45714285714285713,9.537049692
Llama-3.2-3B-Instruct,Llama-3.2-1B-Instruct,1,56bf3a79ef6e39474100000f,"According to passage [16759391], there is no significant association between hormone replacement therapy (HRT) and meningioma risk. However, passage [22287638] found that ever use of estradiol-only therapy was associated with an increased risk of meningioma (standardized incidence ratio = 1.29, 95% confidence interval: 1.15, 1.44). Passage [23101448] found that current use of hormone replacement therapy among postmenopausal women was not associated with a significant elevation in risk (OR 1.1, 95% CI 0.74-1.67).",132,11.285297250375152,17.51727835029448,0.4772727272727273,9.553114204
Llama-3.2-3B-Instruct,Llama-3.2-1B-Instruct,1,535d78137d100faa09000005,"Based on the provided passages, here's a summary of what is known about the effect of acupuncture in smoking cessation:

1. Acupuncture may have some effect on smoking cessation, as indicated by a tendency of reduction in the taste of tobacco and the intensity of the desire to smoke in the case group in the study [15861492].
2. A randomized, sham-controlled trial found that acupuncture alone and in combination with education significantly reduced smoking and posttreatment cigarette consumption [12356614].
3. A single-blind, placebo-controlled trial found that a simple ear electroacupuncture treatment was significantly more effective in helping volunteers to quit smoking than placebo treatment [10024707].
4. A randomized controlled clinical trial found that auricular acupuncture did not have a better efficacy in smoking cessation compared to sham acupuncture [17698433].
5. A descriptive study found that ear acupuncture had a one-year success rate of 41.1% in smoking cessation, with favorable conditions including start of smoking between 20-40 years, smoking 20 cigarettes or more per day, and living in a non-smoker household [15004442].

Overall, the evidence suggests that acupuncture may have some effect on smoking cessation, but the evidence is not conclusive, and more research is needed to fully understand its efficacy.",259,18.014610041864216,17.286366402215187,0.4594594594594595,9.553114204
Llama-3.2-3B-Instruct,Llama-3.2-1B-Instruct,1,5322d9339b2d7acc7e000011,"According to Passage [23480756], the main results of PRKAR1A knockdown in cholangiocarcinoma (CCA) cell lines are:

1. Enhanced sensitivity to some chemotherapeutic drugs, such as sorafenib and 5-fluorouracil.
2. Increased apoptotic effects on CCA cell lines when combined with either sorafenib or 5-fluorouracil.
3. Suppression of CCA cell growth and enhancement of apoptosis.

These results suggest that selective inhibition of PRKAR1A expression may increase the efficacy of conventional CCA chemotherapeutic treatment.",128,11.097019666805863,17.144284366999027,0.4609375,9.553114204
Llama-3.2-3B-Instruct,Llama-3.2-1B-Instruct,1,553fa2201d53b76422000005,"According to passage [23354439], ERK1/2 proteins mediate the regulation of osteogenesis (bone formation) and are linked to the regulation of osteogenesis in complex craniosynostosis. Reduced dosage of ERF, which encodes an inhibitory ETS transcription factor directly bound by ERK1/2, causes complex craniosynostosis in humans and mice. 

However, passage [27481450] does not mention the role of ERK1/2 in craniosynostosis.",107,10.00131258321926,17.70441043015769,0.4766355140186916,9.553114204
Llama-3.2-3B-Instruct,Llama-3.2-1B-Instruct,1,550324d7e9bde6963400002f,"According to the passages, individuals with higher levels of neuroticism (anxiety and vulnerability to stress) have an increased risk of Alzheimer's disease (AD) and more rapid decline in global cognition. The association is strongest for anxiety and vulnerability to stress, with no effects for other components of neuroticism. 

Specifically, a study found that individuals with scores in the top quartile of neuroticism had a threefold increased risk of incident AD (hazard ratio = 3.1) [23706517]. Another study found that elevated Neuroticism was independently associated with risk of AD among 767 participants 72 years of age or older [20973606]. 

Additionally, a meta-analysis confirmed the association between neuroticism and increased risk of AD, with a P value of 2 x 10(-9) [23706517].",175,13.118829417042434,16.85211171823246,0.4342857142857143,9.553114204
Llama-3.2-3B-Instruct,Llama-3.2-1B-Instruct,1,52f125332059c6d71c000007,"Everolimus inhibits the mammalian target of rapamycin (mTOR) signaling pathway, specifically by decreasing the phosphorylation levels of S6 kinase, but the phosphorylation levels of mTOR barely changed. This inhibition results in the inhibition of glycolysis and the induction of apoptosis in cancer cells. [23251295]",68,8.092741499654949,16.437818392106955,0.4264705882352941,9.553114204
Llama-3.2-3B-Instruct,Llama-3.2-1B-Instruct,1,54dcb29dc0bb8dce23000004,"Hypertrophic cardiomyopathy (HCM) is a primary disease of the cardiac muscle, characterized by myocyte hypertrophy, myocyte disarray, interstitial and/or replacement fibrosis, decreased ventricular cavity volume, and diastolic dysfunction. [25191275]",58,5.853993707802147,17.497419069101856,0.46551724137931033,9.553114204
Llama-3.2-3B-Instruct,Llama-3.2-1B-Instruct,1,533c388dc45e133714000008,"The principle of the PAR-CLIP methodology is based on the incorporation of photoreactive ribonucleoside analogs, such as 4-thiouridine (4-SU) and 6-thioguanosine (6-SG), into nascent RNA transcripts by living cells. When cells are irradiated with UV light of 365 nm, these analogs undergo efficient crosslinking with interacting RNA-binding proteins (RBPs). Immunoprecipitation of the RBP of interest is followed by isolation of the crosslinked and coimmunoprecipitated RNA, which is then converted into a cDNA library and deep sequenced. The precise position of crosslinking can be identified by mutations residing in the sequenced cDNA, allowing for the separation of crosslinked sequences from background non-crosslinked RNA fragments. [20644507]",177,13.908336207736284,17.550334404175306,0.480225988700565,9.553114204
Llama-3.2-3B-Instruct,Llama-3.2-1B-Instruct,1,56c3323a50c68dd416000009,"The passage does not provide a comprehensive answer to the question of how spastic diplegia is diagnosed. However, it does mention that a diagnostic algorithm is provided in [25700542] to assist physicians in making the correct diagnosis.

Additionally, [2816867] mentions that early diagnosis of spastic diplegia can be made through the assessment of neurodevelopmental behaviors in infants, such as lower scores on the Bayley Mental Scale and the Movement Assessment of Infants.

[23085499] suggests that full-body gait analysis may improve diagnostic discrimination between hereditary spastic paraplegia and spastic diplegia, and [17509240] provides a study on gait evaluation using 3D gait analysis, which may be useful in distinguishing between HSP and SD.

It is also mentioned in [23121133] that a diagnostic algorithm is provided to assist physicians in making the correct diagnosis, and that patients with normal MRI findings have significantly fewer epileptic episodes than those with abnormal ones, which may be a useful indicator in the diagnosis of spastic diplegia.",222,15.908602375071496,16.859496578993447,0.4369369369369369,9.553114204
Llama-3.2-3B-Instruct,Llama-3.2-1B-Instruct,1,56cf413f3975bb303a000009,"Yes, there is a genetic component for happiness. 

Passages [20440640], [22885141], [26060713], [19569406], and [20397744] all support the idea that genetics play a role in determining happiness. 

Upper limits for broad-sense heritability were estimated to be 0.33 (females) and 0.36 (males) in [20440640]. 

A study in [22885141] found that low expression of the MAOA gene was related to greater happiness in women. 

A systematic review in [26060713] found that biological factors, including genetic factors, are significant predictors of happiness. 

A study in [19569406] found that many putative indicators of the environment are highly heritable and that the same genes that affect the environment may also affect happiness. 

A genome-wide linkage study in [20397744] found a linkage signal at the end of the long arm of chromosome 19 and a second suggestive linkage peak at the short arm of chromosome 1, suggesting that there may be a genetic component to happiness.",230,16.004779249895364,17.350111116927522,0.4652173913043478,9.553114204
Llama-3.2-3B-Instruct,Llama-3.2-1B-Instruct,1,56c1d848ef6e39474100002f,"Tarlov cysts are sacral perineural cysts, nerve root cysts found most commonly in the sacral roots, arising between the covering layer of the perineurium and the endoneurium near the dorsal root ganglion [21139800].",55,5.4484331253916025,17.76415858893161,0.45454545454545453,9.553114204
Llama-3.2-3B-Instruct,Llama-3.2-1B-Instruct,1,53312464d6d3ac6a3400003a,"The extracellular core ""matrisome"" is defined as the ensemble of extracellular matrix (ECM) proteins and associated factors. [22159717]",33,4.675253374967724,17.214737616262024,0.45454545454545453,9.553114204
Llama-3.2-3B-Instruct,Llama-3.2-1B-Instruct,1,56b3efc38525abca1e000006,"Genomicus is a database and an online tool that allows easy comparative genomic visualization in >150 eukaryote genomes, providing a way to explore spatial information related to gene organization within and between genomes and temporal relationships related to gene and genome evolution. [23193262]",56,5.613042416982353,18.31991819860554,0.5,9.553114204
Llama-3.2-3B-Instruct,Llama-3.2-1B-Instruct,1,56ae35bc0a360a5e45000007,COUGER is a classification-based framework for identifying protein co-factors that might provide specificity to paralogous transcription factors (TFs). It takes as input two sets of genomic regions bound by paralogous TFs and identifies a small set of putative co-factors that best distinguish the two sets of sequences. [24861628],70,6.2359812911599874,18.349263148683644,0.5,9.553114204
Llama-3.2-3B-Instruct,Llama-3.2-1B-Instruct,1,54fc97b86ad7dcbc12000002,"According to the passages, the clinical efficacy of ceftriaxone for treatment of amyotrophic lateral sclerosis (ALS) is not well established. 

In Stage 3 of the trial, the coprimary efficacy outcomes were survival and functional decline, measured as the slope of ALSFRS-R scores. However, no significant differences in survival between the treatment groups were recorded in stage 3 (HR 0.90, 95% CI 0.71 to 1.15; p=0.4146) [25297012]. 

In Stage 2, the mean ALSFRS-R declined more slowly in participants who received 4 g ceftriaxone than in those on placebo (difference 0.51 units per month, 95% CI 0.02 to 1.00; p=0.0416), but this difference was not sustained in Stage 3 [25297012]. 

Additionally, a previous trial found no positive results in two patients with lateral amyotrophic sclerosis who received empirical treatment with intravenous ceftriaxone [8161465]. 

Therefore, the available evidence does not support the use of ceftriaxone as an effective treatment for amyotrophic lateral sclerosis.",259,19.00538241583854,17.004928414209786,0.4517374517374517,9.553114204
Llama-3.2-3B-Instruct,Llama-3.2-1B-Instruct,1,56f112932ac5ed145900000d,"RNA sponges are microRNA sponges that sequester and suppress the activity of specific microRNAs, thereby regulating the expression of target genes. They can be found in various forms, including circular RNAs and linear RNAs, and can function in different ways, such as by base-pairing with microRNAs or by competing with them for binding sites.

Passages [23446346], [25404635], and [25580223] provide information on the functions of RNA sponges, while passage [25630703] describes a specific example of RNA sponge-mediated mRNA cross-talk.

In general, RNA sponges can:

- Suppress microRNA activity (Passages [23446346] and [25580223])
- Regulate gene expression by controlling the levels of microRNAs (Passages [23446346] and [25580223])
- Interact with microRNAs and other RNAs to modulate their activity (Passages [25630703] and [25580223])
- Function as competing endogenous RNAs (ceRNAs) to regulate microRNA activity (Passages [25580223] and [25630703])",242,16.757375958841294,16.680618256425323,0.4297520661157025,9.553114204
Llama-3.2-3B-Instruct,Llama-3.2-1B-Instruct,2,55031181e9bde69634000014,"Hirschsprung disease is a multifactorial disorder, with evidence suggesting that it involves multiple genes and modifier genes, rather than a single Mendelian gene. While some genes, such as RET, EDNRB, and EDN3, have been identified as susceptibility genes, the majority of cases are not explained by these genes alone, and the disease shows incomplete penetrance and variable expression. The involvement of modifier genes, particularly in syndromic forms, and the lack of genotype-phenotype correlation also support the idea that Hirschsprung disease is a multifactorial disorder. [15617541, 12239580, 11324313, 8896569]",139,10.650502665899694,19.329084243898986,0.5683453237410072,9.472889944
Llama-3.2-3B-Instruct,Llama-3.2-1B-Instruct,2,532f062ad6d3ac6a34000027,"Ivabradine significantly decreased heart rate from 71 to 64 beats per minute in patients with postinfarction systolic chronic cardiac failure (SCCF) after myocardial infarction. Addition of ivabradin to standard treatment of SCCF after MI promoted less frequency of hospitalizations, recurrent non-fatal MI, fatal cardiovascular events. This effect was especially strong in high baseline HR [22416440].",87,7.596956500317901,20.897123519291696,0.6091954022988506,9.473659996
Llama-3.2-3B-Instruct,Llama-3.2-1B-Instruct,2,532624ae600967d132000005,"According to the passages, the outcomes of Renal Sympathetic Denervation (RSD) include:

* Significant reductions in blood pressure in patients with resistant hypertension [23774592, 22573363, 23541665, 24029963]
* Sustained reductions in blood pressure over 3 years after the procedure [23819768]
* Decreased renal norepinephrine spillover and renin activity [22573363]
* Increased renal plasma flow [22573363]
* Clinically significant, sustained reductions in blood pressure [22573363]
* Minimal complication rate [24029963]
* Significant decreases and progressively higher reductions of systolic and diastolic blood pressure [24029963]

It is also mentioned that RSD may have potential benefits in other disorders associated with enhanced sympathetic nerve activity, such as congestive heart failure, chronic kidney disease, and metabolic syndrome.",186,11.00073029100895,22.291028461347558,0.6344086021505376,9.473659996
Llama-3.2-3B-Instruct,Llama-3.2-1B-Instruct,2,54f49995d0d681a040000002,"The EORTC QLQ-INFO25 questionnaire evaluates the information received by cancer patients in different areas of their disease, treatment, and care. Specifically, it assesses information about the disease, medical tests, treatment, and other services. [20674333] [21680301] [25475735] [21671697]",70,6.986911290790886,21.15064014765869,0.6142857142857143,9.537295452
Llama-3.2-3B-Instruct,Llama-3.2-1B-Instruct,2,56bf3a79ef6e39474100000f,"According to passage [16759391], there is no significant association between hormone replacement therapy (HRT) and meningioma risk. However, passage [22287638] found that ever use of estradiol-only therapy was associated with an increased risk of meningioma (standardized incidence ratio = 1.29, 95% confidence interval: 1.15, 1.44). Passage [23101448] found that current use of hormone replacement therapy among postmenopausal women was not associated with a significant elevation in risk (OR 1.1, 95% CI 0.74-1.67).",132,9.922994292341173,21.524324973167488,0.6212121212121212,9.553368156
Llama-3.2-3B-Instruct,Llama-3.2-1B-Instruct,2,535d78137d100faa09000005,"Based on the provided passages, here's a summary of what is known about the effect of acupuncture in smoking cessation:

1. Acupuncture may have some effect on smoking cessation, as indicated by a tendency of reduction in the taste of tobacco and the intensity of the desire to smoke in the case group in the study [15861492].
2. A randomized, sham-controlled trial found that acupuncture alone and in combination with education significantly reduced smoking and posttreatment cigarette consumption [12356614].
3. A single-blind, placebo-controlled trial found that a simple ear electroacupuncture treatment was significantly more effective in helping volunteers to quit smoking than placebo treatment [10024707].
4. A randomized controlled clinical trial found that auricular acupuncture did not have a better efficacy in smoking cessation compared to sham acupuncture [17698433].
5. A descriptive study found that ear acupuncture had a one-year success rate of 41.1% in smoking cessation, with favorable conditions including start of smoking between 20-40 years, smoking 20 cigarettes or more per day, and living in a non-smoker household [15004442].

Overall, the evidence suggests that acupuncture may have some effect on smoking cessation, but the evidence is not conclusive, and more research is needed to fully understand its efficacy.",259,15.165425333194435,21.35468567263886,0.6177606177606177,9.553368156
Llama-3.2-3B-Instruct,Llama-3.2-1B-Instruct,2,5322d9339b2d7acc7e000011,"According to Passage [23480756], the main results of PRKAR1A knockdown in cholangiocarcinoma (CCA) cell lines are:

1. Enhanced sensitivity to some chemotherapeutic drugs, such as sorafenib and 5-fluorouracil.
2. Increased apoptotic effects on CCA cell lines when combined with either sorafenib or 5-fluorouracil.
3. Suppression of CCA cell growth and enhancement of apoptosis.

These results suggest that selective inhibition of PRKAR1A expression may increase the efficacy of conventional CCA chemotherapeutic treatment.",128,9.699626124929637,21.1982488175925,0.6171875,9.553368156
Llama-3.2-3B-Instruct,Llama-3.2-1B-Instruct,2,553fa2201d53b76422000005,"According to passage [23354439], ERK1/2 proteins mediate the regulation of osteogenesis (bone formation) and are linked to the regulation of osteogenesis in complex craniosynostosis. Reduced dosage of ERF, which encodes an inhibitory ETS transcription factor directly bound by ERK1/2, causes complex craniosynostosis in humans and mice. 

However, passage [27481450] does not mention the role of ERK1/2 in craniosynostosis.",107,8.63715545926243,23.04449883810955,0.6448598130841121,9.553368156
Llama-3.2-3B-Instruct,Llama-3.2-1B-Instruct,2,550324d7e9bde6963400002f,"According to the passages, individuals with higher levels of neuroticism (anxiety and vulnerability to stress) have an increased risk of Alzheimer's disease (AD) and more rapid decline in global cognition. The association is strongest for anxiety and vulnerability to stress, with no effects for other components of neuroticism. 

Specifically, a study found that individuals with scores in the top quartile of neuroticism had a threefold increased risk of incident AD (hazard ratio = 3.1) [23706517]. Another study found that elevated Neuroticism was independently associated with risk of AD among 767 participants 72 years of age or older [20973606]. 

Additionally, a meta-analysis confirmed the association between neuroticism and increased risk of AD, with a P value of 2 x 10(-9) [23706517].",175,11.529941374901682,20.002336654767422,0.5828571428571429,9.553368156
Llama-3.2-3B-Instruct,Llama-3.2-1B-Instruct,2,52f125332059c6d71c000007,"Everolimus inhibits the mammalian target of rapamycin (mTOR) signaling pathway, specifically by decreasing the phosphorylation levels of S6 kinase, but the phosphorylation levels of mTOR barely changed. This inhibition results in the inhibition of glycolysis and the induction of apoptosis in cancer cells. [23251295]",68,7.331336208153516,20.20863308429799,0.5882352941176471,9.553368156
Llama-3.2-3B-Instruct,Llama-3.2-1B-Instruct,2,54dcb29dc0bb8dce23000004,"Hypertrophic cardiomyopathy (HCM) is a primary disease of the cardiac muscle, characterized by myocyte hypertrophy, myocyte disarray, interstitial and/or replacement fibrosis, decreased ventricular cavity volume, and diastolic dysfunction. [25191275]",58,5.243898082990199,21.644819705272763,0.6206896551724138,9.553368156
Llama-3.2-3B-Instruct,Llama-3.2-1B-Instruct,2,533c388dc45e133714000008,"The principle of the PAR-CLIP methodology is based on the incorporation of photoreactive ribonucleoside analogs, such as 4-thiouridine (4-SU) and 6-thioguanosine (6-SG), into nascent RNA transcripts by living cells. When cells are irradiated with UV light of 365 nm, these analogs undergo efficient crosslinking with interacting RNA-binding proteins (RBPs). Immunoprecipitation of the RBP of interest is followed by isolation of the crosslinked and coimmunoprecipitated RNA, which is then converted into a cDNA library and deep sequenced. The precise position of crosslinking can be identified by mutations residing in the sequenced cDNA, allowing for the separation of crosslinked sequences from background non-crosslinked RNA fragments. [20644507]",177,11.818570542149246,22.21566641728803,0.6384180790960452,9.553368156
Llama-3.2-3B-Instruct,Llama-3.2-1B-Instruct,2,56c3323a50c68dd416000009,"The passage does not provide a comprehensive answer to the question of how spastic diplegia is diagnosed. However, it does mention that a diagnostic algorithm is provided in [25700542] to assist physicians in making the correct diagnosis.

Additionally, [2816867] mentions that early diagnosis of spastic diplegia can be made through the assessment of neurodevelopmental behaviors in infants, such as lower scores on the Bayley Mental Scale and the Movement Assessment of Infants.

[23085499] suggests that full-body gait analysis may improve diagnostic discrimination between hereditary spastic paraplegia and spastic diplegia, and [17509240] provides a study on gait evaluation using 3D gait analysis, which may be useful in distinguishing between HSP and SD.

It is also mentioned in [23121133] that a diagnostic algorithm is provided to assist physicians in making the correct diagnosis, and that patients with normal MRI findings have significantly fewer epileptic episodes than those with abnormal ones, which may be a useful indicator in the diagnosis of spastic diplegia.",222,13.701921500265598,20.29022570678545,0.5900900900900901,9.553368156
Llama-3.2-3B-Instruct,Llama-3.2-1B-Instruct,2,56cf413f3975bb303a000009,"Yes, there is a genetic component for happiness. 

Passages [20440640], [22885141], [26060713], [19569406], and [20397744] all support the idea that genetics play a role in determining happiness. 

Upper limits for broad-sense heritability were estimated to be 0.33 (females) and 0.36 (males) in [20440640]. 

A study in [22885141] found that low expression of the MAOA gene was related to greater happiness in women. 

A systematic review in [26060713] found that biological factors, including genetic factors, are significant predictors of happiness. 

A study in [19569406] found that many putative indicators of the environment are highly heritable and that the same genes that affect the environment may also affect happiness. 

A genome-wide linkage study in [20397744] found a linkage signal at the end of the long arm of chromosome 19 and a second suggestive linkage peak at the short arm of chromosome 1, suggesting that there may be a genetic component to happiness.",230,13.555215499829501,21.31178935865743,0.6086956521739131,9.553368156
Llama-3.2-3B-Instruct,Llama-3.2-1B-Instruct,2,56c1d848ef6e39474100002f,"Tarlov cysts are sacral perineural cysts, nerve root cysts found most commonly in the sacral roots, arising between the covering layer of the perineurium and the endoneurium near the dorsal root ganglion [21139800].",55,5.035204000305384,20.654726023531538,0.6,9.553368156
Llama-3.2-3B-Instruct,Llama-3.2-1B-Instruct,2,53312464d6d3ac6a3400003a,"The extracellular core ""matrisome"" is defined as the ensemble of extracellular matrix (ECM) proteins and associated factors. [22159717]",33,4.324524083174765,21.14980995628533,0.6060606060606061,9.553368156
Llama-3.2-3B-Instruct,Llama-3.2-1B-Instruct,2,56b3efc38525abca1e000006,"Genomicus is a database and an online tool that allows easy comparative genomic visualization in >150 eukaryote genomes, providing a way to explore spatial information related to gene organization within and between genomes and temporal relationships related to gene and genome evolution. [23193262]",56,4.905989499762654,23.95262128263825,0.6607142857142857,9.553368156
Llama-3.2-3B-Instruct,Llama-3.2-1B-Instruct,2,56ae35bc0a360a5e45000007,COUGER is a classification-based framework for identifying protein co-factors that might provide specificity to paralogous transcription factors (TFs). It takes as input two sets of genomic regions bound by paralogous TFs and identifies a small set of putative co-factors that best distinguish the two sets of sequences. [24861628],70,5.500179499853402,22.797740945101555,0.6428571428571429,9.553368156
Llama-3.2-3B-Instruct,Llama-3.2-1B-Instruct,2,54fc97b86ad7dcbc12000002,"According to the passages, the clinical efficacy of ceftriaxone for treatment of amyotrophic lateral sclerosis (ALS) is not well established. 

In Stage 3 of the trial, the coprimary efficacy outcomes were survival and functional decline, measured as the slope of ALSFRS-R scores. However, no significant differences in survival between the treatment groups were recorded in stage 3 (HR 0.90, 95% CI 0.71 to 1.15; p=0.4146) [25297012]. 

In Stage 2, the mean ALSFRS-R declined more slowly in participants who received 4 g ceftriaxone than in those on placebo (difference 0.51 units per month, 95% CI 0.02 to 1.00; p=0.0416), but this difference was not sustained in Stage 3 [25297012]. 

Additionally, a previous trial found no positive results in two patients with lateral amyotrophic sclerosis who received empirical treatment with intravenous ceftriaxone [8161465]. 

Therefore, the available evidence does not support the use of ceftriaxone as an effective treatment for amyotrophic lateral sclerosis.",259,16.33153795823455,20.660668963900232,0.6061776061776062,9.553368156
Llama-3.2-3B-Instruct,Llama-3.2-1B-Instruct,2,56f112932ac5ed145900000d,"RNA sponges are microRNA sponges that sequester and suppress the activity of specific microRNAs, thereby regulating the expression of target genes. They can be found in various forms, including circular RNAs and linear RNAs, and can function in different ways, such as by base-pairing with microRNAs or by competing with them for binding sites.

Passages [23446346], [25404635], and [25580223] provide information on the functions of RNA sponges, while passage [25630703] describes a specific example of RNA sponge-mediated mRNA cross-talk.

In general, RNA sponges can:

- Suppress microRNA activity (Passages [23446346] and [25580223])
- Regulate gene expression by controlling the levels of microRNAs (Passages [23446346] and [25580223])
- Interact with microRNAs and other RNAs to modulate their activity (Passages [25630703] and [25580223])
- Function as competing endogenous RNAs (ceRNAs) to regulate microRNA activity (Passages [25580223] and [25630703])",242,14.358837666921318,19.985878160273657,0.5785123966942148,9.553368156
Llama-3.2-3B-Instruct,Llama-3.2-1B-Instruct,4,55031181e9bde69634000014,"Hirschsprung disease is a multifactorial disorder, with evidence suggesting that it involves multiple genes and modifier genes, rather than a single Mendelian gene. While some genes, such as RET, EDNRB, and EDN3, have been identified as susceptibility genes, the majority of cases are not explained by these genes alone, and the disease shows incomplete penetrance and variable expression. The involvement of modifier genes, particularly in syndromic forms, and the lack of genotype-phenotype correlation also support the idea that Hirschsprung disease is a multifactorial disorder. [15617541, 12239580, 11324313, 8896569]",139,10.13066866574809,20.910050003109514,0.6906474820143885,9.472889944
Llama-3.2-3B-Instruct,Llama-3.2-1B-Instruct,4,532f062ad6d3ac6a34000027,"Ivabradine significantly decreased heart rate from 71 to 64 beats per minute in patients with postinfarction systolic chronic cardiac failure (SCCF) after myocardial infarction. Addition of ivabradin to standard treatment of SCCF after MI promoted less frequency of hospitalizations, recurrent non-fatal MI, fatal cardiovascular events. This effect was especially strong in high baseline HR [22416440].",87,7.260398624930531,23.25661512926491,0.7241379310344828,9.474184284
Llama-3.2-3B-Instruct,Llama-3.2-1B-Instruct,4,532624ae600967d132000005,"According to the passages, the outcomes of Renal Sympathetic Denervation (RSD) include:

* Significant reductions in blood pressure in patients with resistant hypertension [23774592, 22573363, 23541665, 24029963]
* Sustained reductions in blood pressure over 3 years after the procedure [23819768]
* Decreased renal norepinephrine spillover and renin activity [22573363]
* Increased renal plasma flow [22573363]
* Clinically significant, sustained reductions in blood pressure [22573363]
* Minimal complication rate [24029963]
* Significant decreases and progressively higher reductions of systolic and diastolic blood pressure [24029963]

It is also mentioned that RSD may have potential benefits in other disorders associated with enhanced sympathetic nerve activity, such as congestive heart failure, chronic kidney disease, and metabolic syndrome.",186,9.816350207664073,26.15399431822565,0.7526881720430108,9.474184284
Llama-3.2-3B-Instruct,Llama-3.2-1B-Instruct,4,54f49995d0d681a040000002,"The EORTC QLQ-INFO25 questionnaire evaluates the information received by cancer patients in different areas of their disease, treatment, and care. Specifically, it assesses information about the disease, medical tests, treatment, and other services. [20674333] [21680301] [25475735] [21671697]",70,6.450122500304133,25.722753094778597,0.7571428571428571,9.53781974
Llama-3.2-3B-Instruct,Llama-3.2-1B-Instruct,4,56bf3a79ef6e39474100000f,"According to passage [16759391], there is no significant association between hormone replacement therapy (HRT) and meningioma risk. However, passage [22287638] found that ever use of estradiol-only therapy was associated with an increased risk of meningioma (standardized incidence ratio = 1.29, 95% confidence interval: 1.15, 1.44). Passage [23101448] found that current use of hormone replacement therapy among postmenopausal women was not associated with a significant elevation in risk (OR 1.1, 95% CI 0.74-1.67).",132,9.028297458775342,25.277284146293773,0.7424242424242424,9.553892444
Llama-3.2-3B-Instruct,Llama-3.2-1B-Instruct,4,535d78137d100faa09000005,"Based on the provided passages, here's a summary of what is known about the effect of acupuncture in smoking cessation:

1. Acupuncture may have some effect on smoking cessation, as indicated by a tendency of reduction in the taste of tobacco and the intensity of the desire to smoke in the case group in the study [15861492].
2. A randomized, sham-controlled trial found that acupuncture alone and in combination with education significantly reduced smoking and posttreatment cigarette consumption [12356614].
3. A single-blind, placebo-controlled trial found that a simple ear electroacupuncture treatment was significantly more effective in helping volunteers to quit smoking than placebo treatment [10024707].
4. A randomized controlled clinical trial found that auricular acupuncture did not have a better efficacy in smoking cessation compared to sham acupuncture [17698433].
5. A descriptive study found that ear acupuncture had a one-year success rate of 41.1% in smoking cessation, with favorable conditions including start of smoking between 20-40 years, smoking 20 cigarettes or more per day, and living in a non-smoker household [15004442].

Overall, the evidence suggests that acupuncture may have some effect on smoking cessation, but the evidence is not conclusive, and more research is needed to fully understand its efficacy.",259,13.7411990002729,24.25561655042675,0.7335907335907336,9.553892444
Llama-3.2-3B-Instruct,Llama-3.2-1B-Instruct,4,5322d9339b2d7acc7e000011,"According to Passage [23480756], the main results of PRKAR1A knockdown in cholangiocarcinoma (CCA) cell lines are:

1. Enhanced sensitivity to some chemotherapeutic drugs, such as sorafenib and 5-fluorouracil.
2. Increased apoptotic effects on CCA cell lines when combined with either sorafenib or 5-fluorouracil.
3. Suppression of CCA cell growth and enhancement of apoptosis.

These results suggest that selective inhibition of PRKAR1A expression may increase the efficacy of conventional CCA chemotherapeutic treatment.",128,9.252834333106875,23.075047884205464,0.7265625,9.553892444
Llama-3.2-3B-Instruct,Llama-3.2-1B-Instruct,4,553fa2201d53b76422000005,"According to passage [23354439], ERK1/2 proteins mediate the regulation of osteogenesis (bone formation) and are linked to the regulation of osteogenesis in complex craniosynostosis. Reduced dosage of ERF, which encodes an inhibitory ETS transcription factor directly bound by ERK1/2, causes complex craniosynostosis in humans and mice. 

However, passage [27481450] does not mention the role of ERK1/2 in craniosynostosis.",107,8.312320541124791,24.846969085586682,0.7383177570093458,9.553892444
Llama-3.2-3B-Instruct,Llama-3.2-1B-Instruct,4,550324d7e9bde6963400002f,"According to the passages, individuals with higher levels of neuroticism (anxiety and vulnerability to stress) have an increased risk of Alzheimer's disease (AD) and more rapid decline in global cognition. The association is strongest for anxiety and vulnerability to stress, with no effects for other components of neuroticism. 

Specifically, a study found that individuals with scores in the top quartile of neuroticism had a threefold increased risk of incident AD (hazard ratio = 3.1) [23706517]. Another study found that elevated Neuroticism was independently associated with risk of AD among 767 participants 72 years of age or older [20973606]. 

Additionally, a meta-analysis confirmed the association between neuroticism and increased risk of AD, with a P value of 2 x 10(-9) [23706517].",175,10.209158250130713,23.601017648524635,0.72,9.553892444
Llama-3.2-3B-Instruct,Llama-3.2-1B-Instruct,4,52f125332059c6d71c000007,"Everolimus inhibits the mammalian target of rapamycin (mTOR) signaling pathway, specifically by decreasing the phosphorylation levels of S6 kinase, but the phosphorylation levels of mTOR barely changed. This inhibition results in the inhibition of glycolysis and the induction of apoptosis in cancer cells. [23251295]",68,7.400400666985661,20.222387781179048,0.6617647058823529,9.553892444
Llama-3.2-3B-Instruct,Llama-3.2-1B-Instruct,4,54dcb29dc0bb8dce23000004,"Hypertrophic cardiomyopathy (HCM) is a primary disease of the cardiac muscle, characterized by myocyte hypertrophy, myocyte disarray, interstitial and/or replacement fibrosis, decreased ventricular cavity volume, and diastolic dysfunction. [25191275]",58,4.71779966680333,27.036872400659274,0.7413793103448276,9.553892444
Llama-3.2-3B-Instruct,Llama-3.2-1B-Instruct,4,533c388dc45e133714000008,"The principle of the PAR-CLIP methodology is based on the incorporation of photoreactive ribonucleoside analogs, such as 4-thiouridine (4-SU) and 6-thioguanosine (6-SG), into nascent RNA transcripts by living cells. When cells are irradiated with UV light of 365 nm, these analogs undergo efficient crosslinking with interacting RNA-binding proteins (RBPs). Immunoprecipitation of the RBP of interest is followed by isolation of the crosslinked and coimmunoprecipitated RNA, which is then converted into a cDNA library and deep sequenced. The precise position of crosslinking can be identified by mutations residing in the sequenced cDNA, allowing for the separation of crosslinked sequences from background non-crosslinked RNA fragments. [20644507]",177,10.826979957986623,25.606017520181958,0.751412429378531,9.553892444
Llama-3.2-3B-Instruct,Llama-3.2-1B-Instruct,4,56c3323a50c68dd416000009,"The passage does not provide a comprehensive answer to the question of how spastic diplegia is diagnosed. However, it does mention that a diagnostic algorithm is provided in [25700542] to assist physicians in making the correct diagnosis.

Additionally, [2816867] mentions that early diagnosis of spastic diplegia can be made through the assessment of neurodevelopmental behaviors in infants, such as lower scores on the Bayley Mental Scale and the Movement Assessment of Infants.

[23085499] suggests that full-body gait analysis may improve diagnostic discrimination between hereditary spastic paraplegia and spastic diplegia, and [17509240] provides a study on gait evaluation using 3D gait analysis, which may be useful in distinguishing between HSP and SD.

It is also mentioned in [23121133] that a diagnostic algorithm is provided to assist physicians in making the correct diagnosis, and that patients with normal MRI findings have significantly fewer epileptic episodes than those with abnormal ones, which may be a useful indicator in the diagnosis of spastic diplegia.",222,12.721229915972799,22.36900303905911,0.6981981981981982,9.553892444
Llama-3.2-3B-Instruct,Llama-3.2-1B-Instruct,4,56cf413f3975bb303a000009,"Yes, there is a genetic component for happiness. 

Passages [20440640], [22885141], [26060713], [19569406], and [20397744] all support the idea that genetics play a role in determining happiness. 

Upper limits for broad-sense heritability were estimated to be 0.33 (females) and 0.36 (males) in [20440640]. 

A study in [22885141] found that low expression of the MAOA gene was related to greater happiness in women. 

A systematic review in [26060713] found that biological factors, including genetic factors, are significant predictors of happiness. 

A study in [19569406] found that many putative indicators of the environment are highly heritable and that the same genes that affect the environment may also affect happiness. 

A genome-wide linkage study in [20397744] found a linkage signal at the end of the long arm of chromosome 19 and a second suggestive linkage peak at the short arm of chromosome 1, suggesting that there may be a genetic component to happiness.",230,11.572759416885674,26.19449296110783,0.7521739130434782,9.553892444
Llama-3.2-3B-Instruct,Llama-3.2-1B-Instruct,4,56c1d848ef6e39474100002f,"Tarlov cysts are sacral perineural cysts, nerve root cysts found most commonly in the sacral roots, arising between the covering layer of the perineurium and the endoneurium near the dorsal root ganglion [21139800].",55,4.5305070001631975,25.817584719894406,0.7454545454545455,9.553892444
Llama-3.2-3B-Instruct,Llama-3.2-1B-Instruct,4,53312464d6d3ac6a3400003a,"The extracellular core ""matrisome"" is defined as the ensemble of extracellular matrix (ECM) proteins and associated factors. [22159717]",33,4.037538500037044,26.716631279089512,0.7272727272727273,9.553892444
Llama-3.2-3B-Instruct,Llama-3.2-1B-Instruct,4,56b3efc38525abca1e000006,"Genomicus is a database and an online tool that allows easy comparative genomic visualization in >150 eukaryote genomes, providing a way to explore spatial information related to gene organization within and between genomes and temporal relationships related to gene and genome evolution. [23193262]",56,4.450904083438218,30.07814677123241,0.7678571428571429,9.553892444
Llama-3.2-3B-Instruct,Llama-3.2-1B-Instruct,4,56ae35bc0a360a5e45000007,COUGER is a classification-based framework for identifying protein co-factors that might provide specificity to paralogous transcription factors (TFs). It takes as input two sets of genomic regions bound by paralogous TFs and identifies a small set of putative co-factors that best distinguish the two sets of sequences. [24861628],70,4.7995216669514775,29.969944423592985,0.7714285714285715,9.553892444
Llama-3.2-3B-Instruct,Llama-3.2-1B-Instruct,4,54fc97b86ad7dcbc12000002,"According to the passages, the clinical efficacy of ceftriaxone for treatment of amyotrophic lateral sclerosis (ALS) is not well established. 

In Stage 3 of the trial, the coprimary efficacy outcomes were survival and functional decline, measured as the slope of ALSFRS-R scores. However, no significant differences in survival between the treatment groups were recorded in stage 3 (HR 0.90, 95% CI 0.71 to 1.15; p=0.4146) [25297012]. 

In Stage 2, the mean ALSFRS-R declined more slowly in participants who received 4 g ceftriaxone than in those on placebo (difference 0.51 units per month, 95% CI 0.02 to 1.00; p=0.0416), but this difference was not sustained in Stage 3 [25297012]. 

Additionally, a previous trial found no positive results in two patients with lateral amyotrophic sclerosis who received empirical treatment with intravenous ceftriaxone [8161465]. 

Therefore, the available evidence does not support the use of ceftriaxone as an effective treatment for amyotrophic lateral sclerosis.",259,15.232997207902372,22.682290630410968,0.7181467181467182,9.553892444
Llama-3.2-3B-Instruct,Llama-3.2-1B-Instruct,4,56f112932ac5ed145900000d,"RNA sponges are microRNA sponges that sequester and suppress the activity of specific microRNAs, thereby regulating the expression of target genes. They can be found in various forms, including circular RNAs and linear RNAs, and can function in different ways, such as by base-pairing with microRNAs or by competing with them for binding sites.

Passages [23446346], [25404635], and [25580223] provide information on the functions of RNA sponges, while passage [25630703] describes a specific example of RNA sponge-mediated mRNA cross-talk.

In general, RNA sponges can:

- Suppress microRNA activity (Passages [23446346] and [25580223])
- Regulate gene expression by controlling the levels of microRNAs (Passages [23446346] and [25580223])
- Interact with microRNAs and other RNAs to modulate their activity (Passages [25630703] and [25580223])
- Function as competing endogenous RNAs (ceRNAs) to regulate microRNA activity (Passages [25580223] and [25630703])",242,14.084459374658763,20.549903239099056,0.6735537190082644,9.553892444
Llama-3.2-3B-Instruct,Llama-3.2-1B-Instruct,8,55031181e9bde69634000014,"Hirschsprung disease is a multifactorial disorder, with evidence suggesting that it involves multiple genes and modifier genes, rather than a single Mendelian gene. While some genes, such as RET, EDNRB, and EDN3, have been identified as susceptibility genes, the majority of cases are not explained by these genes alone, and the disease shows incomplete penetrance and variable expression. The involvement of modifier genes, particularly in syndromic forms, and the lack of genotype-phenotype correlation also support the idea that Hirschsprung disease is a multifactorial disorder. [15617541, 12239580, 11324313, 8896569]",139,10.60404112515971,19.778444660101698,0.7697841726618705,9.472889944
Llama-3.2-3B-Instruct,Llama-3.2-1B-Instruct,8,532f062ad6d3ac6a34000027,"Ivabradine significantly decreased heart rate from 71 to 64 beats per minute in patients with postinfarction systolic chronic cardiac failure (SCCF) [22416440]. Addition of ivabradin to standard treatment of SCCF after MI promoted less frequency of hospitalizations, recurrent non-fatal MI, fatal cardiovascular events [22416440].",75,6.426877249963582,26.14558629352233,0.8266666666666667,9.475200092
Llama-3.2-3B-Instruct,Llama-3.2-1B-Instruct,8,532624ae600967d132000005,"According to the passages, the outcomes of Renal Sympathetic Denervation (RSD) include:

* Significant reductions in blood pressure in patients with resistant hypertension (Passages [23774592], [22573363], [23541665], and [24029963])
* Sustained reductions in blood pressure over 3 years after the procedure (Passage [23819768])
* Decreased renal norepinephrine spillover and renin activity (Passage [22573363])
* Increased renal plasma flow (Passage [22573363])
* Clinically significant, sustained reductions in blood pressure (Passage [22573363])
* Minimal complication rate (Passage [24029963])
* Significant decreases and progressively higher reductions of systolic and diastolic blood pressure after RSD (Passage [24029963])

It is also mentioned that RSD may have potential benefits in other disorders associated with enhanced sympathetic nerve activity, such as congestive heart failure, chronic kidney disease, and metabolic syndrome.",211,10.926499749999493,25.90595898630134,0.8246445497630331,9.475200092
Llama-3.2-3B-Instruct,Llama-3.2-1B-Instruct,8,54f49995d0d681a040000002,"The EORTC QLQ-INFO25 questionnaire evaluates the information received by cancer patients in different areas, including:

1. Information about the disease
2. Medical tests
3. Treatment
4. Other services

The questionnaire assesses the level of information patients have received in these areas and evaluates qualitative aspects of the information. [21671697]",73,7.41804466675967,20.254504084962665,0.7808219178082192,9.538819164
Llama-3.2-3B-Instruct,Llama-3.2-1B-Instruct,8,56bf3a79ef6e39474100000f,"According to passage [16759391], there is no significant association between hormone replacement therapy (HRT) and meningioma risk. However, passage [22287638] found that ever use of estradiol-only therapy was associated with an increased risk of meningioma (standardized incidence ratio = 1.29, 95% confidence interval: 1.15, 1.44). Passage [23101448] found that current use of hormone replacement therapy among postmenopausal women was not associated with a significant elevation in risk (OR 1.1, 95% CI 0.74-1.67).",132,9.046825957950205,25.653899103030096,0.8257575757575758,9.554908252
Llama-3.2-3B-Instruct,Llama-3.2-1B-Instruct,8,535d78137d100faa09000005,"Acupuncture has been found to have some effect in smoking cessation, although the evidence is not conclusive. Studies have shown that acupuncture can lead to a reduction in the intensity of the desire to smoke and the taste of tobacco, as well as a tendency to reduce cigarette consumption. However, the success rate of smoking cessation is generally low, ranging from 0.6% to 41.1% in different studies.

Some studies have found that acupuncture is more effective when combined with education or other forms of treatment, such as nicotine replacement therapy. The site of auricular acupuncture (ear acupuncture) may also be important, with some studies suggesting that it is more effective than other sites.

Overall, while acupuncture may be a useful adjunct to other forms of treatment for smoking cessation, it is not a reliable method for quitting smoking on its own. [15861492], [12356614], [10024707], [17698433], [15004442]",193,13.189465082716197,19.205557391809332,0.7668393782383419,9.554908252
Llama-3.2-3B-Instruct,Llama-3.2-1B-Instruct,8,5322d9339b2d7acc7e000011,"According to Passage [23480756], the main results of PRKAR1A knockdown in cholangiocarcinoma (CCA) cell lines are:

1. Enhanced sensitivity to some chemotherapeutic drugs, such as sorafenib and 5-fluorouracil.
2. Increased apoptotic effects on CCA cell lines when combined with either sorafenib or 5-fluorouracil.
3. Suppression of CCA cell growth and enhancement of apoptosis.

These results suggest that selective inhibition of PRKAR1A expression may increase the efficacy of conventional CCA chemotherapeutic treatment.",128,9.218110542278737,23.667271445624582,0.8125,9.554908252
Llama-3.2-3B-Instruct,Llama-3.2-1B-Instruct,8,553fa2201d53b76422000005,"According to passage [23354439], ERK1/2 proteins mediate the regulation of osteogenesis (bone formation) and are linked to the regulation of osteogenesis in complex craniosynostosis. Reduced dosage of ERF, which encodes an inhibitory ETS transcription factor directly bound by ERK1/2, causes complex craniosynostosis in humans and mice. 

However, passage [27481450] does not mention the role of ERK1/2 in craniosynostosis.",107,8.029037166852504,27.01358533634873,0.8317757009345794,9.554908252
Llama-3.2-3B-Instruct,Llama-3.2-1B-Instruct,8,550324d7e9bde6963400002f,"According to the passages, individuals with higher levels of neuroticism (anxiety and vulnerability to stress) have an increased risk of Alzheimer's disease (AD) and more rapid decline in global cognition. The association is strongest for anxiety and vulnerability to stress, with no effects for other components of neuroticism. 

Specifically, a study found that individuals with scores in the top quartile of neuroticism had a threefold increased risk of incident AD (hazard ratio = 3.1) [23706517]. Another study found that elevated Neuroticism was independently associated with risk of AD among 767 participants 72 years of age or older [20973606]. 

Additionally, a meta-analysis confirmed the association between neuroticism and increased risk of AD, with a P value of 2 x 10(-9) [23706517].",175,11.267733708024025,20.88445175797829,0.7828571428571428,9.554908252
Llama-3.2-3B-Instruct,Llama-3.2-1B-Instruct,8,52f125332059c6d71c000007,"Everolimus inhibits the mammalian target of rapamycin (mTOR) signaling pathway, specifically by decreasing the phosphorylation levels of S6 kinase, but the phosphorylation levels of mTOR barely changed. This inhibition results in the inhibition of glycolysis and the induction of apoptosis in cancer cells. [23251295]",68,8.11078462516889,16.96715811867311,0.7352941176470589,9.554908252
Llama-3.2-3B-Instruct,Llama-3.2-1B-Instruct,8,54dcb29dc0bb8dce23000004,"Hypertrophic cardiomyopathy (HCM) is a primary disease of the cardiac muscle, characterized by myocyte hypertrophy, myocyte disarray, interstitial and/or replacement fibrosis, decreased ventricular cavity volume, and diastolic dysfunction. [25191275]",58,4.597163250204176,29.806559917620575,0.8448275862068966,9.554908252
Llama-3.2-3B-Instruct,Llama-3.2-1B-Instruct,8,533c388dc45e133714000008,"The principle of the PAR-CLIP methodology is based on the incorporation of photoreactive ribonucleoside analogs, such as 4-thiouridine (4-SU) and 6-thioguanosine (6-SG), into nascent RNA transcripts by living cells. When cells are irradiated with UV light of 365 nm, these analogs undergo efficient crosslinking with interacting RNA-binding proteins (RBPs). Immunoprecipitation of the RBP of interest is followed by isolation of the crosslinked and coimmunoprecipitated RNA, which is then converted into a cDNA library and deep sequenced using Solexa technology. The precise position of crosslinking can be identified by mutations residing in the sequenced cDNA, allowing for the separation of crosslinked sequences from background non-crosslinked RNA fragments. [20644507]",181,10.559957499615848,27.46641030161189,0.8397790055248618,9.554908252
Llama-3.2-3B-Instruct,Llama-3.2-1B-Instruct,8,56c3323a50c68dd416000009,"The passage does not explicitly state the diagnostic process for spastic diplegia. However, it mentions that the authors provide a diagnostic algorithm to assist physicians in making the correct diagnosis [25700542]. Additionally, passage [2816867] mentions that early diagnosis of spastic diplegia can be made through the assessment of neurodevelopmental behaviors in infants, such as lower scores on the Bayley Mental Scale and the Movement Assessment of Infants [2816867].",95,7.500601917039603,20.64308142123419,0.7789473684210526,9.554908252
Llama-3.2-3B-Instruct,Llama-3.2-1B-Instruct,8,56cf413f3975bb303a000009,"Yes, there is a genetic component for happiness. 

Passages [20440640], [22885141], [26060713], [19569406], and [20397744] all support the idea that genetics play a role in determining happiness. 

Upper limits for broad-sense heritability were estimated to be 0.33 (females) and 0.36 (males) in [20440640]. 

A study in [22885141] found that low expression of the MAOA gene was related to greater happiness in women. 

A systematic review in [26060713] found that biological factors, including genetic factors, are significant predictors of happiness. 

A study in [19569406] found that many putative indicators of the environment are highly heritable and that the same genes that affect the environment may also affect happiness. 

A genome-wide linkage study in [20397744] found a linkage signal at the end of the long arm of chromosome 19 and a second suggestive linkage peak at the short arm of chromosome 1, suggesting that there may be a genetic component to happiness.",230,12.65514620905742,23.59885486584114,0.808695652173913,9.554908252
Llama-3.2-3B-Instruct,Llama-3.2-1B-Instruct,8,56c1d848ef6e39474100002f,"Tarlov cysts are sacral perineural cysts, nerve root cysts found most commonly in the sacral roots, arising between the covering layer of the perineurium and the endoneurium near the dorsal root ganglion. [21139800]",56,4.738868166692555,25.1270960831982,0.8214285714285714,9.554908252
Llama-3.2-3B-Instruct,Llama-3.2-1B-Instruct,8,53312464d6d3ac6a3400003a,"The extracellular core ""matrisome"" is defined as the ensemble of extracellular matrix (ECM) proteins and associated factors. [22159717]",33,4.550589957740158,20.459941557577856,0.7878787878787878,9.554908252
Llama-3.2-3B-Instruct,Llama-3.2-1B-Instruct,8,56b3efc38525abca1e000006,"Genomicus is a database and an online tool that allows easy comparative genomic visualization in >150 eukaryote genomes, providing a way to explore spatial information related to gene organization within and between genomes and temporal relationships related to gene and genome evolution. [23193262]",56,4.012132917065173,41.86810890599842,0.8928571428571429,9.554908252
Llama-3.2-3B-Instruct,Llama-3.2-1B-Instruct,8,56ae35bc0a360a5e45000007,COUGER is a classification-based framework for identifying protein co-factors that might provide specificity to paralogous transcription factors (TFs). It takes as input two sets of genomic regions bound by paralogous TFs and identifies a small set of putative co-factors that best distinguish the two sets of sequences. [24861628],70,4.846168375108391,30.910308026399445,0.8571428571428571,9.554908252
Llama-3.2-3B-Instruct,Llama-3.2-1B-Instruct,8,54fc97b86ad7dcbc12000002,"According to the passages, the clinical efficacy of ceftriaxone for treatment of amyotrophic lateral sclerosis (ALS) is not well established. 

In Stage 3 of the trial, the coprimary efficacy outcomes of survival and functional decline did not differ between the ceftriaxone and placebo groups (passage [25297012]). The study found no significant differences in survival between the groups (HR 0.90, 95% CI 0.71 to 1.15; p=0.4146) (passage [25297012]). 

In Stage 2, the study found that mean ALSFRS-R declined more slowly in participants who received 4 g ceftriaxone than in those on placebo (difference 0.51 units per month, 95% CI 0.02 to 1.00; p=0.0416), but this effect was not sustained in Stage 3 (passage [25297012]). 

Passages [23613806] and [24771634] do not provide information on the clinical efficacy of ceftriaxone for ALS treatment. Passage [8161465] describes two patients with lateral amyotrophic sclerosis who received empirical treatment with ceftriaxone with no positive results, but this is not a controlled trial. Passage [17212618] describes a case of motor neuron disease recovery associated with IV ceftriaxone and anti-Babesia therapy, but this is not a controlled trial and the results are not generalizable to ALS.",326,19.019926542416215,21.69640424519888,0.7975460122699386,9.554924636
Llama-3.2-3B-Instruct,Llama-3.2-1B-Instruct,8,56f112932ac5ed145900000d,"RNA sponges are microRNA sponges that sequester and suppress the activity of specific microRNAs, thereby regulating the expression of target genes. They can also act as endogenous competing RNAs (ceRNAs) for other microRNAs, thereby influencing their activity. [23446346], [25580223]

Additionally, RNA sponges can also function as templates for viroid and viral replication, as intermediates in RNA processing reactions, as regulators of transcription in cis, as snoRNAs, and as miRNA sponges. [25404635]

However, the main function of RNA sponges is to sequester and suppress the activity of specific microRNAs, thereby regulating the expression of target genes.",153,10.038748875260353,20.015148831208084,0.7647058823529411,9.554924636
